[2025-12-14 22:53:30Z INFO HostContext] No proxy settings were found based on environmental variables (http_proxy/https_proxy/HTTP_PROXY/HTTPS_PROXY)
[2025-12-14 22:53:30Z INFO HostContext] Well known directory 'Bin': 'C:\Users\21265\user-management\actions-runner\bin'
[2025-12-14 22:53:30Z INFO HostContext] Well known directory 'Root': 'C:\Users\21265\user-management\actions-runner'
[2025-12-14 22:53:30Z INFO HostContext] Well known config file 'Credentials': 'C:\Users\21265\user-management\actions-runner\.credentials'
[2025-12-14 22:53:31Z INFO HostContext] Well known directory 'Bin': 'C:\Users\21265\user-management\actions-runner\bin'
[2025-12-14 22:53:31Z INFO HostContext] Well known directory 'Root': 'C:\Users\21265\user-management\actions-runner'
[2025-12-14 22:53:31Z INFO HostContext] Well known config file 'Runner': 'C:\Users\21265\user-management\actions-runner\.runner'
[2025-12-14 22:53:31Z INFO Listener] Runner is built for Windows (X64) - win-x64.
[2025-12-14 22:53:31Z INFO Listener] RuntimeInformation: Microsoft Windows 10.0.26200.
[2025-12-14 22:53:31Z INFO Listener] Version: 2.329.0
[2025-12-14 22:53:31Z INFO Listener] Commit: c76c59996c8fa32e989164a5a695efb12608ae5a
[2025-12-14 22:53:31Z INFO Listener] Culture: en-US
[2025-12-14 22:53:31Z INFO Listener] UI Culture: fr-FR
[2025-12-14 22:53:31Z INFO HostContext] Well known directory 'Bin': 'C:\Users\21265\user-management\actions-runner\bin'
[2025-12-14 22:53:31Z INFO HostContext] Well known directory 'Root': 'C:\Users\21265\user-management\actions-runner'
[2025-12-14 22:53:31Z INFO Listener] Validating directory permissions for: 'C:\Users\21265\user-management\actions-runner'
[2025-12-14 22:53:31Z INFO CommandLineParser] Parse
[2025-12-14 22:53:31Z INFO CommandLineParser] Parsing 1 args
[2025-12-14 22:53:31Z INFO CommandLineParser] parsing argument
[2025-12-14 22:53:31Z INFO CommandLineParser] HasArgs: False
[2025-12-14 22:53:31Z INFO CommandLineParser] Adding Command: run
[2025-12-14 22:53:31Z INFO Listener] Arguments parsed
[2025-12-14 22:53:31Z INFO Runner] ExecuteCommand
[2025-12-14 22:53:31Z INFO ConfigurationStore] currentAssemblyLocation: C:\Users\21265\user-management\actions-runner\bin\Runner.Listener.dll
[2025-12-14 22:53:31Z INFO HostContext] Well known directory 'Bin': 'C:\Users\21265\user-management\actions-runner\bin'
[2025-12-14 22:53:31Z INFO ConfigurationStore] binPath: C:\Users\21265\user-management\actions-runner\bin
[2025-12-14 22:53:31Z INFO HostContext] Well known directory 'Bin': 'C:\Users\21265\user-management\actions-runner\bin'
[2025-12-14 22:53:31Z INFO HostContext] Well known directory 'Root': 'C:\Users\21265\user-management\actions-runner'
[2025-12-14 22:53:31Z INFO ConfigurationStore] RootFolder: C:\Users\21265\user-management\actions-runner
[2025-12-14 22:53:31Z INFO HostContext] Well known directory 'Bin': 'C:\Users\21265\user-management\actions-runner\bin'
[2025-12-14 22:53:31Z INFO HostContext] Well known directory 'Root': 'C:\Users\21265\user-management\actions-runner'
[2025-12-14 22:53:31Z INFO HostContext] Well known config file 'Runner': 'C:\Users\21265\user-management\actions-runner\.runner'
[2025-12-14 22:53:31Z INFO ConfigurationStore] ConfigFilePath: C:\Users\21265\user-management\actions-runner\.runner
[2025-12-14 22:53:31Z INFO HostContext] Well known directory 'Bin': 'C:\Users\21265\user-management\actions-runner\bin'
[2025-12-14 22:53:31Z INFO HostContext] Well known directory 'Root': 'C:\Users\21265\user-management\actions-runner'
[2025-12-14 22:53:31Z INFO HostContext] Well known config file 'MigratedRunner': 'C:\Users\21265\user-management\actions-runner\.runner_migrated'
[2025-12-14 22:53:31Z INFO ConfigurationStore] MigratedConfigFilePath: C:\Users\21265\user-management\actions-runner\.runner_migrated
[2025-12-14 22:53:31Z INFO HostContext] Well known directory 'Bin': 'C:\Users\21265\user-management\actions-runner\bin'
[2025-12-14 22:53:31Z INFO HostContext] Well known directory 'Root': 'C:\Users\21265\user-management\actions-runner'
[2025-12-14 22:53:31Z INFO HostContext] Well known config file 'Credentials': 'C:\Users\21265\user-management\actions-runner\.credentials'
[2025-12-14 22:53:31Z INFO ConfigurationStore] CredFilePath: C:\Users\21265\user-management\actions-runner\.credentials
[2025-12-14 22:53:31Z INFO HostContext] Well known directory 'Bin': 'C:\Users\21265\user-management\actions-runner\bin'
[2025-12-14 22:53:31Z INFO HostContext] Well known directory 'Root': 'C:\Users\21265\user-management\actions-runner'
[2025-12-14 22:53:31Z INFO HostContext] Well known config file 'MigratedCredentials': 'C:\Users\21265\user-management\actions-runner\.credentials_migrated'
[2025-12-14 22:53:31Z INFO ConfigurationStore] MigratedCredFilePath: C:\Users\21265\user-management\actions-runner\.credentials_migrated
[2025-12-14 22:53:31Z INFO HostContext] Well known directory 'Bin': 'C:\Users\21265\user-management\actions-runner\bin'
[2025-12-14 22:53:31Z INFO HostContext] Well known directory 'Root': 'C:\Users\21265\user-management\actions-runner'
[2025-12-14 22:53:31Z INFO HostContext] Well known config file 'Service': 'C:\Users\21265\user-management\actions-runner\.service'
[2025-12-14 22:53:31Z INFO ConfigurationStore] ServiceConfigFilePath: C:\Users\21265\user-management\actions-runner\.service
[2025-12-14 22:53:31Z INFO CommandSettings] Flag 'help': 'False'
[2025-12-14 22:53:31Z INFO CommandSettings] Flag 'version': 'False'
[2025-12-14 22:53:31Z INFO CommandSettings] Flag 'commit': 'False'
[2025-12-14 22:53:31Z INFO CommandSettings] Flag 'check': 'False'
[2025-12-14 22:53:31Z INFO CommandSettings] Command 'configure': 'False'
[2025-12-14 22:53:31Z INFO CommandSettings] Command 'remove': 'False'
[2025-12-14 22:53:31Z INFO CommandSettings] Command 'warmup': 'False'
[2025-12-14 22:53:31Z INFO ConfigurationManager] LoadSettings
[2025-12-14 22:53:31Z INFO ConfigurationStore] IsConfigured()
[2025-12-14 22:53:31Z INFO ConfigurationStore] IsConfigured: True
[2025-12-14 22:53:31Z INFO ConfigurationManager] Is configured: True
[2025-12-14 22:53:31Z INFO ConfigurationStore] Read setting file: 404 chars
[2025-12-14 22:53:31Z INFO ConfigurationManager] Settings Loaded
[2025-12-14 22:53:31Z INFO ConfigurationStore] IsServiceConfigured()
[2025-12-14 22:53:31Z INFO ConfigurationStore] IsServiceConfigured: False
[2025-12-14 22:53:31Z INFO CommandSettings] Command 'run': 'True'
[2025-12-14 22:53:31Z INFO ConfigurationStore] IsConfigured()
[2025-12-14 22:53:31Z INFO ConfigurationStore] IsConfigured: True
[2025-12-14 22:53:31Z INFO ConfigurationManager] Is configured: True
[2025-12-14 22:53:31Z INFO Runner] Could not parse the argument value '' for StartupType. Defaulting to Manual
[2025-12-14 22:53:31Z INFO Runner] Set runner startup type - Manual
[2025-12-14 22:53:31Z INFO CommandSettings] Flag 'once': 'False'
[2025-12-14 22:53:31Z INFO CommandSettings] Flag 'once': 'False'
[2025-12-14 22:53:31Z INFO Runner] RunAsync
[2025-12-14 22:53:31Z INFO ConfigurationManager] LoadMigratedSettings
[2025-12-14 22:53:31Z INFO ConfigurationStore] IsMigratedConfigured()
[2025-12-14 22:53:31Z INFO ConfigurationStore] IsMigratedConfigured: False
[2025-12-14 22:53:31Z INFO Runner] Failed to load migrated settings: No migrated configuration found.
[2025-12-14 22:53:31Z INFO Runner] Falling back to original .runner settings
[2025-12-14 22:53:31Z INFO Runner] Using BrokerMessageListener
[2025-12-14 22:53:31Z INFO BrokerMessageListener] Using provided settings
[2025-12-14 22:53:31Z INFO BrokerMessageListener] {
  "AgentId": 2,
  "AgentName": "LAPTOP-6827QRCJ",
  "PoolId": 1,
  "PoolName": "Default",
  "ServerUrl": "https://pipelinesghubeus22.actions.githubusercontent.com/VCYmLaN4JERfWeNZ3P8fTQ1jBevWu937wyLXLTMgaAXG1gkVPp/",
  "GitHubUrl": "https://github.com/Ismail-Dh/user-management",
  "WorkFolder": "_work",
  "UseV2Flow": true,
  "ServerUrlV2": "https://broker.actions.githubusercontent.com/"
}
[2025-12-14 22:53:31Z INFO BrokerMessageListener] Loading Credentials
[2025-12-14 22:53:31Z INFO ConfigurationStore] HasCredentials()
[2025-12-14 22:53:31Z INFO ConfigurationStore] stored True
[2025-12-14 22:53:31Z INFO CredentialManager] GetCredentialProvider
[2025-12-14 22:53:31Z INFO CredentialManager] Creating type OAuth
[2025-12-14 22:53:31Z INFO CredentialManager] Creating credential type: OAuth
[2025-12-14 22:53:31Z INFO HostContext] Well known directory 'Bin': 'C:\Users\21265\user-management\actions-runner\bin'
[2025-12-14 22:53:31Z INFO HostContext] Well known directory 'Root': 'C:\Users\21265\user-management\actions-runner'
[2025-12-14 22:53:31Z INFO HostContext] Well known config file 'RSACredentials': 'C:\Users\21265\user-management\actions-runner\.credentials_rsaparams'
[2025-12-14 22:53:31Z INFO RSAEncryptedFileKeyManager] Loading RSA key parameters from file C:\Users\21265\user-management\actions-runner\.credentials_rsaparams
[2025-12-14 22:53:31Z INFO BrokerMessageListener] Attempt to create session.
[2025-12-14 22:53:31Z INFO BrokerMessageListener] Connecting to the Broker Server...
[2025-12-14 22:53:31Z INFO ConfigurationStore] HasCredentials()
[2025-12-14 22:53:31Z INFO ConfigurationStore] stored True
[2025-12-14 22:53:31Z INFO CredentialManager] GetCredentialProvider
[2025-12-14 22:53:31Z INFO CredentialManager] Creating type OAuth
[2025-12-14 22:53:31Z INFO CredentialManager] Creating credential type: OAuth
[2025-12-14 22:53:31Z INFO RSAEncryptedFileKeyManager] Loading RSA key parameters from file C:\Users\21265\user-management\actions-runner\.credentials_rsaparams
[2025-12-14 22:53:31Z INFO BrokerMessageListener] VssConnection created
[2025-12-14 22:53:31Z INFO BrokerMessageListener] Connecting to the Runner server...
[2025-12-14 22:53:31Z INFO RunnerServer] EstablishVssConnection
[2025-12-14 22:53:31Z INFO RunnerServer] Establish connection with 100 seconds timeout.
[2025-12-14 22:53:31Z INFO GitHubActionsService] Starting operation Location.GetConnectionData
[2025-12-14 22:53:31Z INFO RunnerServer] EstablishVssConnection
[2025-12-14 22:53:31Z INFO RunnerServer] Establish connection with 60 seconds timeout.
[2025-12-14 22:53:31Z INFO GitHubActionsService] Starting operation Location.GetConnectionData
[2025-12-14 22:53:31Z INFO RunnerServer] EstablishVssConnection
[2025-12-14 22:53:31Z INFO RunnerServer] Establish connection with 60 seconds timeout.
[2025-12-14 22:53:31Z INFO GitHubActionsService] Starting operation Location.GetConnectionData
[2025-12-14 22:53:32Z INFO GitHubActionsService] Finished operation Location.GetConnectionData
[2025-12-14 22:53:32Z INFO GitHubActionsService] Finished operation Location.GetConnectionData
[2025-12-14 22:53:32Z INFO GitHubActionsService] Finished operation Location.GetConnectionData
[2025-12-14 22:53:33Z INFO BrokerMessageListener] VssConnection created
[2025-12-14 22:53:33Z INFO Terminal] WRITE LINE: 
[2025-12-14 22:53:33Z INFO Terminal] WRITE LINE: 
[2025-12-14 22:53:33Z INFO RSAEncryptedFileKeyManager] Loading RSA key parameters from file C:\Users\21265\user-management\actions-runner\.credentials_rsaparams
[2025-12-14 22:53:33Z INFO RSAEncryptedFileKeyManager] Loading RSA key parameters from file C:\Users\21265\user-management\actions-runner\.credentials_rsaparams
[2025-12-14 22:53:34Z INFO GitHubActionsService] AAD Correlation ID for this token request: Unknown
[2025-12-14 22:53:34Z INFO BrokerMessageListener] Session created.
[2025-12-14 22:53:34Z INFO Terminal] WRITE LINE: Current runner version: '2.329.0'
[2025-12-14 22:53:34Z INFO Terminal] WRITE LINE: 2025-12-14 22:53:34Z: Listening for Jobs
[2025-12-14 22:53:34Z INFO JobDispatcher] Set runner/worker IPC timeout to 30 seconds.
[2025-12-14 22:53:35Z INFO BrokerMessageListener] Acknowledging runner request 'dd773232-f536-5565-8d63-8f5c41e78f80'.
[2025-12-14 22:53:35Z INFO ConfigurationStore] HasCredentials()
[2025-12-14 22:53:35Z INFO ConfigurationStore] stored True
[2025-12-14 22:53:35Z INFO CredentialManager] GetCredentialProvider
[2025-12-14 22:53:35Z INFO CredentialManager] Creating type OAuth
[2025-12-14 22:53:35Z INFO CredentialManager] Creating credential type: OAuth
[2025-12-14 22:53:35Z INFO RSAEncryptedFileKeyManager] Loading RSA key parameters from file C:\Users\21265\user-management\actions-runner\.credentials_rsaparams
[2025-12-14 22:53:35Z INFO RSAEncryptedFileKeyManager] Loading RSA key parameters from file C:\Users\21265\user-management\actions-runner\.credentials_rsaparams
[2025-12-14 22:53:35Z INFO RSAEncryptedFileKeyManager] Loading RSA key parameters from file C:\Users\21265\user-management\actions-runner\.credentials_rsaparams
[2025-12-14 22:53:36Z INFO GitHubActionsService] AAD Correlation ID for this token request: Unknown
[2025-12-14 22:53:39Z INFO JobDispatcher] Job request 0 for plan f2e8e92a-730c-47ac-83a6-11a177b0ab98 job dd773232-f536-5565-8d63-8f5c41e78f80 received.
[2025-12-14 22:53:39Z INFO JobDispatcher] Pull OrchestrationId f2e8e92a-730c-47ac-83a6-11a177b0ab98.build.__default from JWT claims
[2025-12-14 22:53:39Z INFO BrokerMessageListener] Received job status event. JobState: Busy
[2025-12-14 22:53:39Z INFO BrokerMessageListener] _getMessagesTokenSource is already disposed.
[2025-12-14 22:53:39Z INFO Terminal] WRITE LINE: 2025-12-14 22:53:39Z: Running job: Build, Analyze, and Deploy
[2025-12-14 22:53:39Z INFO JobDispatcher] Start renew job request 0 for job dd773232-f536-5565-8d63-8f5c41e78f80.
[2025-12-14 22:53:40Z INFO JobDispatcher] Successfully renew job dd773232-f536-5565-8d63-8f5c41e78f80, job is valid till 12/14/2025 11:03:40 PM
[2025-12-14 22:53:40Z INFO HostContext] Well known directory 'Bin': 'C:\Users\21265\user-management\actions-runner\bin'
[2025-12-14 22:53:40Z INFO ProcessInvokerWrapper] Starting process:
[2025-12-14 22:53:40Z INFO ProcessInvokerWrapper]   File name: 'C:\Users\21265\user-management\actions-runner\bin\Runner.Worker.exe'
[2025-12-14 22:53:40Z INFO ProcessInvokerWrapper]   Arguments: 'spawnclient 2384 2400'
[2025-12-14 22:53:40Z INFO ProcessInvokerWrapper]   Working directory: 'C:\Users\21265\user-management\actions-runner\bin'
[2025-12-14 22:53:40Z INFO ProcessInvokerWrapper]   Require exit code zero: 'False'
[2025-12-14 22:53:40Z INFO ProcessInvokerWrapper]   Encoding web name:  ; code page: ''
[2025-12-14 22:53:40Z INFO ProcessInvokerWrapper]   Force kill process on cancellation: 'True'
[2025-12-14 22:53:40Z INFO ProcessInvokerWrapper]   Redirected STDIN: 'False'
[2025-12-14 22:53:40Z INFO ProcessInvokerWrapper]   Persist current code page: 'False'
[2025-12-14 22:53:40Z INFO ProcessInvokerWrapper]   Keep redirected STDIN open: 'False'
[2025-12-14 22:53:40Z INFO ProcessInvokerWrapper]   High priority process: 'True'
[2025-12-14 22:53:40Z INFO ProcessInvokerWrapper] Process started with process id 37764, waiting for process exit.
[2025-12-14 22:53:40Z INFO JobDispatcher] Send job request message to worker for job dd773232-f536-5565-8d63-8f5c41e78f80.
[2025-12-14 22:53:40Z INFO ProcessChannel] Sending message of length 33072, with hash 'c0cea2447afe22c66609f8383583d024cc473d370d8ccd936e5f8052aa50b78b'
[2025-12-14 22:53:40Z INFO JobNotification] Entering JobStarted Notification
[2025-12-14 22:53:40Z INFO JobNotification] Entering StartMonitor
[2025-12-14 22:54:40Z INFO JobDispatcher] Successfully renew job dd773232-f536-5565-8d63-8f5c41e78f80, job is valid till 12/14/2025 11:04:40 PM
[2025-12-14 22:55:40Z INFO JobDispatcher] Successfully renew job dd773232-f536-5565-8d63-8f5c41e78f80, job is valid till 12/14/2025 11:05:40 PM
[2025-12-14 22:56:41Z INFO JobDispatcher] Successfully renew job dd773232-f536-5565-8d63-8f5c41e78f80, job is valid till 12/14/2025 11:06:41 PM
[2025-12-14 22:57:24Z INFO JobDispatcher] Job cancellation request dd773232-f536-5565-8d63-8f5c41e78f80 received, cancellation timeout 5 minutes.
[2025-12-14 22:57:24Z INFO JobDispatcher] Send job cancellation message to worker for job dd773232-f536-5565-8d63-8f5c41e78f80.
[2025-12-14 22:57:24Z INFO ProcessChannel] Sending message of length 0, with hash 'e3b0c44298fc1c149afbf4c8996fb92427ae41e4649b934ca495991b7852b855'
[2025-12-14 22:57:24Z INFO JobDispatcher] Job cancellation request dd773232-f536-5565-8d63-8f5c41e78f80 received, cancellation timeout 5 minutes.
[2025-12-14 22:57:25Z INFO JobDispatcher] Job cancellation request dd773232-f536-5565-8d63-8f5c41e78f80 received, cancellation timeout 5 minutes.
[2025-12-14 22:57:25Z INFO JobDispatcher] Job cancellation request dd773232-f536-5565-8d63-8f5c41e78f80 received, cancellation timeout 5 minutes.
[2025-12-14 22:57:25Z INFO JobDispatcher] Job cancellation request dd773232-f536-5565-8d63-8f5c41e78f80 received, cancellation timeout 5 minutes.
[2025-12-14 22:57:25Z INFO JobDispatcher] Job cancellation request dd773232-f536-5565-8d63-8f5c41e78f80 received, cancellation timeout 5 minutes.
[2025-12-14 22:57:26Z INFO JobDispatcher] Job cancellation request dd773232-f536-5565-8d63-8f5c41e78f80 received, cancellation timeout 5 minutes.
[2025-12-14 22:57:26Z INFO JobDispatcher] Job cancellation request dd773232-f536-5565-8d63-8f5c41e78f80 received, cancellation timeout 5 minutes.
[2025-12-14 22:57:26Z INFO JobDispatcher] Job cancellation request dd773232-f536-5565-8d63-8f5c41e78f80 received, cancellation timeout 5 minutes.
[2025-12-14 22:57:26Z INFO JobDispatcher] Job cancellation request dd773232-f536-5565-8d63-8f5c41e78f80 received, cancellation timeout 5 minutes.
[2025-12-14 22:57:27Z INFO JobDispatcher] Job cancellation request dd773232-f536-5565-8d63-8f5c41e78f80 received, cancellation timeout 5 minutes.
[2025-12-14 22:57:27Z INFO JobDispatcher] Job cancellation request dd773232-f536-5565-8d63-8f5c41e78f80 received, cancellation timeout 5 minutes.
[2025-12-14 22:57:27Z INFO JobDispatcher] Job cancellation request dd773232-f536-5565-8d63-8f5c41e78f80 received, cancellation timeout 5 minutes.
[2025-12-14 22:57:28Z INFO JobDispatcher] Job cancellation request dd773232-f536-5565-8d63-8f5c41e78f80 received, cancellation timeout 5 minutes.
[2025-12-14 22:57:28Z INFO JobDispatcher] Job cancellation request dd773232-f536-5565-8d63-8f5c41e78f80 received, cancellation timeout 5 minutes.
[2025-12-14 22:57:28Z INFO JobDispatcher] Job cancellation request dd773232-f536-5565-8d63-8f5c41e78f80 received, cancellation timeout 5 minutes.
[2025-12-14 22:57:29Z INFO JobDispatcher] Job cancellation request dd773232-f536-5565-8d63-8f5c41e78f80 received, cancellation timeout 5 minutes.
[2025-12-14 22:57:29Z INFO JobDispatcher] Job cancellation request dd773232-f536-5565-8d63-8f5c41e78f80 received, cancellation timeout 5 minutes.
[2025-12-14 22:57:29Z INFO JobDispatcher] Job cancellation request dd773232-f536-5565-8d63-8f5c41e78f80 received, cancellation timeout 5 minutes.
[2025-12-14 22:57:29Z INFO JobDispatcher] Job cancellation request dd773232-f536-5565-8d63-8f5c41e78f80 received, cancellation timeout 5 minutes.
[2025-12-14 22:57:30Z INFO JobDispatcher] Job cancellation request dd773232-f536-5565-8d63-8f5c41e78f80 received, cancellation timeout 5 minutes.
[2025-12-14 22:57:30Z INFO JobDispatcher] Job cancellation request dd773232-f536-5565-8d63-8f5c41e78f80 received, cancellation timeout 5 minutes.
[2025-12-14 22:57:30Z INFO JobDispatcher] Job cancellation request dd773232-f536-5565-8d63-8f5c41e78f80 received, cancellation timeout 5 minutes.
[2025-12-14 22:57:31Z INFO JobDispatcher] Job cancellation request dd773232-f536-5565-8d63-8f5c41e78f80 received, cancellation timeout 5 minutes.
[2025-12-14 22:57:31Z INFO JobDispatcher] Job cancellation request dd773232-f536-5565-8d63-8f5c41e78f80 received, cancellation timeout 5 minutes.
[2025-12-14 22:57:31Z INFO JobDispatcher] Job cancellation request dd773232-f536-5565-8d63-8f5c41e78f80 received, cancellation timeout 5 minutes.
[2025-12-14 22:57:31Z INFO JobDispatcher] Job cancellation request dd773232-f536-5565-8d63-8f5c41e78f80 received, cancellation timeout 5 minutes.
[2025-12-14 22:57:32Z INFO JobDispatcher] Job cancellation request dd773232-f536-5565-8d63-8f5c41e78f80 received, cancellation timeout 5 minutes.
[2025-12-14 22:57:32Z INFO JobDispatcher] Job cancellation request dd773232-f536-5565-8d63-8f5c41e78f80 received, cancellation timeout 5 minutes.
[2025-12-14 22:57:32Z INFO JobDispatcher] Job cancellation request dd773232-f536-5565-8d63-8f5c41e78f80 received, cancellation timeout 5 minutes.
[2025-12-14 22:57:32Z INFO JobDispatcher] Job cancellation request dd773232-f536-5565-8d63-8f5c41e78f80 received, cancellation timeout 5 minutes.
[2025-12-14 22:57:33Z INFO JobDispatcher] Job cancellation request dd773232-f536-5565-8d63-8f5c41e78f80 received, cancellation timeout 5 minutes.
[2025-12-14 22:57:33Z INFO JobDispatcher] Job cancellation request dd773232-f536-5565-8d63-8f5c41e78f80 received, cancellation timeout 5 minutes.
[2025-12-14 22:57:33Z INFO JobDispatcher] Job cancellation request dd773232-f536-5565-8d63-8f5c41e78f80 received, cancellation timeout 5 minutes.
[2025-12-14 22:57:34Z INFO JobDispatcher] Job cancellation request dd773232-f536-5565-8d63-8f5c41e78f80 received, cancellation timeout 5 minutes.
[2025-12-14 22:57:34Z INFO JobDispatcher] Job cancellation request dd773232-f536-5565-8d63-8f5c41e78f80 received, cancellation timeout 5 minutes.
[2025-12-14 22:57:34Z INFO JobDispatcher] Job cancellation request dd773232-f536-5565-8d63-8f5c41e78f80 received, cancellation timeout 5 minutes.
[2025-12-14 22:57:35Z INFO JobDispatcher] Job cancellation request dd773232-f536-5565-8d63-8f5c41e78f80 received, cancellation timeout 5 minutes.
[2025-12-14 22:57:35Z INFO ProcessInvokerWrapper] STDOUT/STDERR stream read finished.
[2025-12-14 22:57:35Z INFO ProcessInvokerWrapper] STDOUT/STDERR stream read finished.
[2025-12-14 22:57:35Z INFO ProcessInvokerWrapper] Finished process 37764 with exit code 103, and elapsed time 00:03:55.2159178.
[2025-12-14 22:57:35Z INFO JobDispatcher] finish job request for job dd773232-f536-5565-8d63-8f5c41e78f80 with result: Canceled
[2025-12-14 22:57:35Z INFO Terminal] WRITE LINE: 2025-12-14 22:57:35Z: Job Build, Analyze, and Deploy completed with result: Canceled
[2025-12-14 22:57:35Z INFO JobDispatcher] Stop renew job request for job dd773232-f536-5565-8d63-8f5c41e78f80.
[2025-12-14 22:57:35Z INFO JobDispatcher] job renew has been cancelled, stop renew job dd773232-f536-5565-8d63-8f5c41e78f80.
[2025-12-14 22:57:35Z INFO JobNotification] Entering JobCompleted Notification
[2025-12-14 22:57:35Z INFO JobNotification] Entering EndMonitor
[2025-12-14 22:57:35Z INFO BrokerMessageListener] Received job status event. JobState: Online
[2025-12-14 22:57:35Z WARN GitHubActionsService] GET request to https://broker.actions.githubusercontent.com/message?sessionId=f2d060ac-ef2b-461c-8dfd-3c63a76a15cb&status=Busy&runnerVersion=2.329.0&os=Windows&architecture=X64&disableUpdate=false has been cancelled.
[2025-12-14 22:57:35Z ERR  BrokerServer] Catch exception during request
[2025-12-14 22:57:35Z ERR  BrokerServer] System.Threading.Tasks.TaskCanceledException: The operation was canceled.
 ---> System.Threading.Tasks.TaskCanceledException: The operation was canceled.
 ---> System.IO.IOException: Unable to read data from the transport connection: L’opération d’entrée/sortie a été abandonnée en raison de l’arrêt d’un thread ou à la demande d’une application..
 ---> System.Net.Sockets.SocketException (995): L’opération d’entrée/sortie a été abandonnée en raison de l’arrêt d’un thread ou à la demande d’une application.
   --- End of inner exception stack trace ---
   at System.Net.Sockets.Socket.AwaitableSocketAsyncEventArgs.System.Threading.Tasks.Sources.IValueTaskSource<System.Int32>.GetResult(Int16 token)
   at System.Net.Security.SslStream.EnsureFullTlsFrameAsync[TIOAdapter](CancellationToken cancellationToken, Int32 estimatedSize)
   at System.Runtime.CompilerServices.PoolingAsyncValueTaskMethodBuilder`1.StateMachineBox`1.System.Threading.Tasks.Sources.IValueTaskSource<TResult>.GetResult(Int16 token)
   at System.Net.Security.SslStream.ReadAsyncInternal[TIOAdapter](Memory`1 buffer, CancellationToken cancellationToken)
   at System.Runtime.CompilerServices.PoolingAsyncValueTaskMethodBuilder`1.StateMachineBox`1.System.Threading.Tasks.Sources.IValueTaskSource<TResult>.GetResult(Int16 token)
   at System.Net.Http.HttpConnection.SendAsync(HttpRequestMessage request, Boolean async, CancellationToken cancellationToken)
   --- End of inner exception stack trace ---
   at System.Net.Http.HttpConnection.SendAsync(HttpRequestMessage request, Boolean async, CancellationToken cancellationToken)
   at System.Net.Http.AuthenticationHelper.SendWithNtAuthAsync(HttpRequestMessage request, Uri authUri, Boolean async, ICredentials credentials, Boolean isProxyAuth, HttpConnection connection, HttpConnectionPool connectionPool, CancellationToken cancellationToken)
   at System.Net.Http.HttpConnectionPool.SendWithVersionDetectionAndRetryAsync(HttpRequestMessage request, Boolean async, Boolean doRequestAuth, CancellationToken cancellationToken)
   at System.Net.Http.AuthenticationHelper.SendWithAuthAsync(HttpRequestMessage request, Uri authUri, Boolean async, ICredentials credentials, Boolean preAuthenticate, Boolean isProxyAuth, Boolean doRequestAuth, HttpConnectionPool pool, CancellationToken cancellationToken)
   at System.Net.Http.RedirectHandler.SendAsync(HttpRequestMessage request, Boolean async, CancellationToken cancellationToken)
   at GitHub.Services.Common.RawHttpMessageHandler.SendAsync(HttpRequestMessage request, CancellationToken cancellationToken)
   at GitHub.Services.Common.VssHttpRetryMessageHandler.SendAsync(HttpRequestMessage request, CancellationToken cancellationToken)
   at System.Net.Http.HttpClient.<SendAsync>g__Core|83_0(HttpRequestMessage request, HttpCompletionOption completionOption, CancellationTokenSource cts, Boolean disposeCts, CancellationTokenSource pendingRequestsCts, CancellationToken originalCancellationToken)
   --- End of inner exception stack trace ---
   at System.Net.Http.HttpClient.HandleFailure(Exception e, Boolean telemetryStarted, HttpResponseMessage response, CancellationTokenSource cts, CancellationToken cancellationToken, CancellationTokenSource pendingRequestsCts)
   at System.Net.Http.HttpClient.<SendAsync>g__Core|83_0(HttpRequestMessage request, HttpCompletionOption completionOption, CancellationTokenSource cts, Boolean disposeCts, CancellationTokenSource pendingRequestsCts, CancellationToken originalCancellationToken)
   at Sdk.WebApi.WebApi.RawHttpClientBase.SendAsync(HttpRequestMessage message, HttpCompletionOption completionOption, Object userState, CancellationToken cancellationToken)
   at Sdk.WebApi.WebApi.RawHttpClientBase.SendAsync[T](HttpRequestMessage message, Boolean readErrorBody, Object userState, CancellationToken cancellationToken)
   at Sdk.WebApi.WebApi.RawHttpClientBase.SendAsync[T](HttpMethod method, IEnumerable`1 additionalHeaders, Uri requestUri, HttpContent content, IEnumerable`1 queryParameters, Boolean readErrorBody, Object userState, CancellationToken cancellationToken)
   at GitHub.Actions.RunService.WebApi.BrokerHttpClient.GetRunnerMessageAsync(Nullable`1 sessionId, String runnerVersion, Nullable`1 status, String os, String architecture, Nullable`1 disableUpdate, CancellationToken cancellationToken)
   at GitHub.Runner.Common.BrokerServer.<>c__DisplayClass7_0.<<GetRunnerMessageAsync>b__0>d.MoveNext()
--- End of stack trace from previous location ---
   at GitHub.Runner.Common.RunnerService.RetryRequest[T](Func`1 func, CancellationToken cancellationToken, Int32 maxAttempts, Func`2 shouldRetry)
[2025-12-14 22:57:35Z ERR  BrokerServer] #####################################################
[2025-12-14 22:57:35Z ERR  BrokerServer] System.Threading.Tasks.TaskCanceledException: The operation was canceled.
 ---> System.IO.IOException: Unable to read data from the transport connection: L’opération d’entrée/sortie a été abandonnée en raison de l’arrêt d’un thread ou à la demande d’une application..
 ---> System.Net.Sockets.SocketException (995): L’opération d’entrée/sortie a été abandonnée en raison de l’arrêt d’un thread ou à la demande d’une application.
   --- End of inner exception stack trace ---
   at System.Net.Sockets.Socket.AwaitableSocketAsyncEventArgs.System.Threading.Tasks.Sources.IValueTaskSource<System.Int32>.GetResult(Int16 token)
   at System.Net.Security.SslStream.EnsureFullTlsFrameAsync[TIOAdapter](CancellationToken cancellationToken, Int32 estimatedSize)
   at System.Runtime.CompilerServices.PoolingAsyncValueTaskMethodBuilder`1.StateMachineBox`1.System.Threading.Tasks.Sources.IValueTaskSource<TResult>.GetResult(Int16 token)
   at System.Net.Security.SslStream.ReadAsyncInternal[TIOAdapter](Memory`1 buffer, CancellationToken cancellationToken)
   at System.Runtime.CompilerServices.PoolingAsyncValueTaskMethodBuilder`1.StateMachineBox`1.System.Threading.Tasks.Sources.IValueTaskSource<TResult>.GetResult(Int16 token)
   at System.Net.Http.HttpConnection.SendAsync(HttpRequestMessage request, Boolean async, CancellationToken cancellationToken)
   --- End of inner exception stack trace ---
   at System.Net.Http.HttpConnection.SendAsync(HttpRequestMessage request, Boolean async, CancellationToken cancellationToken)
   at System.Net.Http.AuthenticationHelper.SendWithNtAuthAsync(HttpRequestMessage request, Uri authUri, Boolean async, ICredentials credentials, Boolean isProxyAuth, HttpConnection connection, HttpConnectionPool connectionPool, CancellationToken cancellationToken)
   at System.Net.Http.HttpConnectionPool.SendWithVersionDetectionAndRetryAsync(HttpRequestMessage request, Boolean async, Boolean doRequestAuth, CancellationToken cancellationToken)
   at System.Net.Http.AuthenticationHelper.SendWithAuthAsync(HttpRequestMessage request, Uri authUri, Boolean async, ICredentials credentials, Boolean preAuthenticate, Boolean isProxyAuth, Boolean doRequestAuth, HttpConnectionPool pool, CancellationToken cancellationToken)
   at System.Net.Http.RedirectHandler.SendAsync(HttpRequestMessage request, Boolean async, CancellationToken cancellationToken)
   at GitHub.Services.Common.RawHttpMessageHandler.SendAsync(HttpRequestMessage request, CancellationToken cancellationToken)
   at GitHub.Services.Common.VssHttpRetryMessageHandler.SendAsync(HttpRequestMessage request, CancellationToken cancellationToken)
   at System.Net.Http.HttpClient.<SendAsync>g__Core|83_0(HttpRequestMessage request, HttpCompletionOption completionOption, CancellationTokenSource cts, Boolean disposeCts, CancellationTokenSource pendingRequestsCts, CancellationToken originalCancellationToken)
[2025-12-14 22:57:35Z ERR  BrokerServer] #####################################################
[2025-12-14 22:57:35Z ERR  BrokerServer] System.IO.IOException: Unable to read data from the transport connection: L’opération d’entrée/sortie a été abandonnée en raison de l’arrêt d’un thread ou à la demande d’une application..
 ---> System.Net.Sockets.SocketException (995): L’opération d’entrée/sortie a été abandonnée en raison de l’arrêt d’un thread ou à la demande d’une application.
   --- End of inner exception stack trace ---
   at System.Net.Sockets.Socket.AwaitableSocketAsyncEventArgs.System.Threading.Tasks.Sources.IValueTaskSource<System.Int32>.GetResult(Int16 token)
   at System.Net.Security.SslStream.EnsureFullTlsFrameAsync[TIOAdapter](CancellationToken cancellationToken, Int32 estimatedSize)
   at System.Runtime.CompilerServices.PoolingAsyncValueTaskMethodBuilder`1.StateMachineBox`1.System.Threading.Tasks.Sources.IValueTaskSource<TResult>.GetResult(Int16 token)
   at System.Net.Security.SslStream.ReadAsyncInternal[TIOAdapter](Memory`1 buffer, CancellationToken cancellationToken)
   at System.Runtime.CompilerServices.PoolingAsyncValueTaskMethodBuilder`1.StateMachineBox`1.System.Threading.Tasks.Sources.IValueTaskSource<TResult>.GetResult(Int16 token)
   at System.Net.Http.HttpConnection.SendAsync(HttpRequestMessage request, Boolean async, CancellationToken cancellationToken)
[2025-12-14 22:57:35Z ERR  BrokerServer] #####################################################
[2025-12-14 22:57:35Z ERR  BrokerServer] System.Net.Sockets.SocketException (995): L’opération d’entrée/sortie a été abandonnée en raison de l’arrêt d’un thread ou à la demande d’une application.
[2025-12-14 22:57:35Z WARN BrokerServer] Back off 6.622 seconds before next retry. 4 attempt left.
[2025-12-14 22:57:35Z INFO BrokerMessageListener] Get messages has been cancelled using local token source. Continue to get messages with new status.
[2025-12-14 23:05:58Z WARN GitHubActionsService] GET request to https://broker.actions.githubusercontent.com/message?sessionId=f2d060ac-ef2b-461c-8dfd-3c63a76a15cb&status=Online&runnerVersion=2.329.0&os=Windows&architecture=X64&disableUpdate=false timed out after 100 seconds.
[2025-12-14 23:05:58Z ERR  BrokerServer] Catch exception during request
[2025-12-14 23:05:58Z ERR  BrokerServer] System.TimeoutException: The HTTP request timed out after 00:01:40.
 ---> System.Threading.Tasks.TaskCanceledException: The operation was canceled.
 ---> System.IO.IOException: Unable to read data from the transport connection: L’opération d’entrée/sortie a été abandonnée en raison de l’arrêt d’un thread ou à la demande d’une application..
 ---> System.Net.Sockets.SocketException (995): L’opération d’entrée/sortie a été abandonnée en raison de l’arrêt d’un thread ou à la demande d’une application.
   --- End of inner exception stack trace ---
   at System.Net.Sockets.Socket.AwaitableSocketAsyncEventArgs.System.Threading.Tasks.Sources.IValueTaskSource<System.Int32>.GetResult(Int16 token)
   at System.Net.Security.SslStream.EnsureFullTlsFrameAsync[TIOAdapter](CancellationToken cancellationToken, Int32 estimatedSize)
   at System.Runtime.CompilerServices.PoolingAsyncValueTaskMethodBuilder`1.StateMachineBox`1.System.Threading.Tasks.Sources.IValueTaskSource<TResult>.GetResult(Int16 token)
   at System.Net.Security.SslStream.ReadAsyncInternal[TIOAdapter](Memory`1 buffer, CancellationToken cancellationToken)
   at System.Runtime.CompilerServices.PoolingAsyncValueTaskMethodBuilder`1.StateMachineBox`1.System.Threading.Tasks.Sources.IValueTaskSource<TResult>.GetResult(Int16 token)
   at System.Net.Http.HttpConnection.SendAsync(HttpRequestMessage request, Boolean async, CancellationToken cancellationToken)
   --- End of inner exception stack trace ---
   at System.Net.Http.HttpConnection.SendAsync(HttpRequestMessage request, Boolean async, CancellationToken cancellationToken)
   at System.Net.Http.AuthenticationHelper.SendWithNtAuthAsync(HttpRequestMessage request, Uri authUri, Boolean async, ICredentials credentials, Boolean isProxyAuth, HttpConnection connection, HttpConnectionPool connectionPool, CancellationToken cancellationToken)
   at System.Net.Http.HttpConnectionPool.SendWithVersionDetectionAndRetryAsync(HttpRequestMessage request, Boolean async, Boolean doRequestAuth, CancellationToken cancellationToken)
   at System.Net.Http.AuthenticationHelper.SendWithAuthAsync(HttpRequestMessage request, Uri authUri, Boolean async, ICredentials credentials, Boolean preAuthenticate, Boolean isProxyAuth, Boolean doRequestAuth, HttpConnectionPool pool, CancellationToken cancellationToken)
   at System.Net.Http.RedirectHandler.SendAsync(HttpRequestMessage request, Boolean async, CancellationToken cancellationToken)
   at GitHub.Services.Common.RawHttpMessageHandler.SendAsync(HttpRequestMessage request, CancellationToken cancellationToken)
   --- End of inner exception stack trace ---
   at GitHub.Services.Common.RawHttpMessageHandler.SendAsync(HttpRequestMessage request, CancellationToken cancellationToken)
   at GitHub.Services.Common.VssHttpRetryMessageHandler.SendAsync(HttpRequestMessage request, CancellationToken cancellationToken)
   at System.Net.Http.HttpClient.<SendAsync>g__Core|83_0(HttpRequestMessage request, HttpCompletionOption completionOption, CancellationTokenSource cts, Boolean disposeCts, CancellationTokenSource pendingRequestsCts, CancellationToken originalCancellationToken)
   at Sdk.WebApi.WebApi.RawHttpClientBase.SendAsync(HttpRequestMessage message, HttpCompletionOption completionOption, Object userState, CancellationToken cancellationToken)
   at Sdk.WebApi.WebApi.RawHttpClientBase.SendAsync[T](HttpRequestMessage message, Boolean readErrorBody, Object userState, CancellationToken cancellationToken)
   at Sdk.WebApi.WebApi.RawHttpClientBase.SendAsync[T](HttpMethod method, IEnumerable`1 additionalHeaders, Uri requestUri, HttpContent content, IEnumerable`1 queryParameters, Boolean readErrorBody, Object userState, CancellationToken cancellationToken)
   at GitHub.Actions.RunService.WebApi.BrokerHttpClient.GetRunnerMessageAsync(Nullable`1 sessionId, String runnerVersion, Nullable`1 status, String os, String architecture, Nullable`1 disableUpdate, CancellationToken cancellationToken)
   at GitHub.Runner.Common.BrokerServer.<>c__DisplayClass7_0.<<GetRunnerMessageAsync>b__0>d.MoveNext()
--- End of stack trace from previous location ---
   at GitHub.Runner.Common.RunnerService.RetryRequest[T](Func`1 func, CancellationToken cancellationToken, Int32 maxAttempts, Func`2 shouldRetry)
[2025-12-14 23:05:58Z ERR  BrokerServer] #####################################################
[2025-12-14 23:05:58Z ERR  BrokerServer] System.Threading.Tasks.TaskCanceledException: The operation was canceled.
 ---> System.IO.IOException: Unable to read data from the transport connection: L’opération d’entrée/sortie a été abandonnée en raison de l’arrêt d’un thread ou à la demande d’une application..
 ---> System.Net.Sockets.SocketException (995): L’opération d’entrée/sortie a été abandonnée en raison de l’arrêt d’un thread ou à la demande d’une application.
   --- End of inner exception stack trace ---
   at System.Net.Sockets.Socket.AwaitableSocketAsyncEventArgs.System.Threading.Tasks.Sources.IValueTaskSource<System.Int32>.GetResult(Int16 token)
   at System.Net.Security.SslStream.EnsureFullTlsFrameAsync[TIOAdapter](CancellationToken cancellationToken, Int32 estimatedSize)
   at System.Runtime.CompilerServices.PoolingAsyncValueTaskMethodBuilder`1.StateMachineBox`1.System.Threading.Tasks.Sources.IValueTaskSource<TResult>.GetResult(Int16 token)
   at System.Net.Security.SslStream.ReadAsyncInternal[TIOAdapter](Memory`1 buffer, CancellationToken cancellationToken)
   at System.Runtime.CompilerServices.PoolingAsyncValueTaskMethodBuilder`1.StateMachineBox`1.System.Threading.Tasks.Sources.IValueTaskSource<TResult>.GetResult(Int16 token)
   at System.Net.Http.HttpConnection.SendAsync(HttpRequestMessage request, Boolean async, CancellationToken cancellationToken)
   --- End of inner exception stack trace ---
   at System.Net.Http.HttpConnection.SendAsync(HttpRequestMessage request, Boolean async, CancellationToken cancellationToken)
   at System.Net.Http.AuthenticationHelper.SendWithNtAuthAsync(HttpRequestMessage request, Uri authUri, Boolean async, ICredentials credentials, Boolean isProxyAuth, HttpConnection connection, HttpConnectionPool connectionPool, CancellationToken cancellationToken)
   at System.Net.Http.HttpConnectionPool.SendWithVersionDetectionAndRetryAsync(HttpRequestMessage request, Boolean async, Boolean doRequestAuth, CancellationToken cancellationToken)
   at System.Net.Http.AuthenticationHelper.SendWithAuthAsync(HttpRequestMessage request, Uri authUri, Boolean async, ICredentials credentials, Boolean preAuthenticate, Boolean isProxyAuth, Boolean doRequestAuth, HttpConnectionPool pool, CancellationToken cancellationToken)
   at System.Net.Http.RedirectHandler.SendAsync(HttpRequestMessage request, Boolean async, CancellationToken cancellationToken)
   at GitHub.Services.Common.RawHttpMessageHandler.SendAsync(HttpRequestMessage request, CancellationToken cancellationToken)
[2025-12-14 23:05:58Z ERR  BrokerServer] #####################################################
[2025-12-14 23:05:58Z ERR  BrokerServer] System.IO.IOException: Unable to read data from the transport connection: L’opération d’entrée/sortie a été abandonnée en raison de l’arrêt d’un thread ou à la demande d’une application..
 ---> System.Net.Sockets.SocketException (995): L’opération d’entrée/sortie a été abandonnée en raison de l’arrêt d’un thread ou à la demande d’une application.
   --- End of inner exception stack trace ---
   at System.Net.Sockets.Socket.AwaitableSocketAsyncEventArgs.System.Threading.Tasks.Sources.IValueTaskSource<System.Int32>.GetResult(Int16 token)
   at System.Net.Security.SslStream.EnsureFullTlsFrameAsync[TIOAdapter](CancellationToken cancellationToken, Int32 estimatedSize)
   at System.Runtime.CompilerServices.PoolingAsyncValueTaskMethodBuilder`1.StateMachineBox`1.System.Threading.Tasks.Sources.IValueTaskSource<TResult>.GetResult(Int16 token)
   at System.Net.Security.SslStream.ReadAsyncInternal[TIOAdapter](Memory`1 buffer, CancellationToken cancellationToken)
   at System.Runtime.CompilerServices.PoolingAsyncValueTaskMethodBuilder`1.StateMachineBox`1.System.Threading.Tasks.Sources.IValueTaskSource<TResult>.GetResult(Int16 token)
   at System.Net.Http.HttpConnection.SendAsync(HttpRequestMessage request, Boolean async, CancellationToken cancellationToken)
[2025-12-14 23:05:58Z ERR  BrokerServer] #####################################################
[2025-12-14 23:05:58Z ERR  BrokerServer] System.Net.Sockets.SocketException (995): L’opération d’entrée/sortie a été abandonnée en raison de l’arrêt d’un thread ou à la demande d’une application.
[2025-12-14 23:05:58Z WARN BrokerServer] Back off 7.955 seconds before next retry. 4 attempt left.
[2025-12-14 23:12:48Z WARN GitHubActionsService] GET request to https://broker.actions.githubusercontent.com/message?sessionId=f2d060ac-ef2b-461c-8dfd-3c63a76a15cb&status=Online&runnerVersion=2.329.0&os=Windows&architecture=X64&disableUpdate=false timed out after 100 seconds.
[2025-12-14 23:12:48Z ERR  BrokerServer] Catch exception during request
[2025-12-14 23:12:48Z ERR  BrokerServer] System.TimeoutException: The HTTP request timed out after 00:01:40.
 ---> System.Threading.Tasks.TaskCanceledException: The operation was canceled.
 ---> System.IO.IOException: Unable to read data from the transport connection: L’opération d’entrée/sortie a été abandonnée en raison de l’arrêt d’un thread ou à la demande d’une application..
 ---> System.Net.Sockets.SocketException (995): L’opération d’entrée/sortie a été abandonnée en raison de l’arrêt d’un thread ou à la demande d’une application.
   --- End of inner exception stack trace ---
   at System.Net.Sockets.Socket.AwaitableSocketAsyncEventArgs.System.Threading.Tasks.Sources.IValueTaskSource<System.Int32>.GetResult(Int16 token)
   at System.Net.Security.SslStream.EnsureFullTlsFrameAsync[TIOAdapter](CancellationToken cancellationToken, Int32 estimatedSize)
   at System.Runtime.CompilerServices.PoolingAsyncValueTaskMethodBuilder`1.StateMachineBox`1.System.Threading.Tasks.Sources.IValueTaskSource<TResult>.GetResult(Int16 token)
   at System.Net.Security.SslStream.ReadAsyncInternal[TIOAdapter](Memory`1 buffer, CancellationToken cancellationToken)
   at System.Runtime.CompilerServices.PoolingAsyncValueTaskMethodBuilder`1.StateMachineBox`1.System.Threading.Tasks.Sources.IValueTaskSource<TResult>.GetResult(Int16 token)
   at System.Net.Http.HttpConnection.SendAsync(HttpRequestMessage request, Boolean async, CancellationToken cancellationToken)
   --- End of inner exception stack trace ---
   at System.Net.Http.HttpConnection.SendAsync(HttpRequestMessage request, Boolean async, CancellationToken cancellationToken)
   at System.Net.Http.AuthenticationHelper.SendWithNtAuthAsync(HttpRequestMessage request, Uri authUri, Boolean async, ICredentials credentials, Boolean isProxyAuth, HttpConnection connection, HttpConnectionPool connectionPool, CancellationToken cancellationToken)
   at System.Net.Http.HttpConnectionPool.SendWithVersionDetectionAndRetryAsync(HttpRequestMessage request, Boolean async, Boolean doRequestAuth, CancellationToken cancellationToken)
   at System.Net.Http.AuthenticationHelper.SendWithAuthAsync(HttpRequestMessage request, Uri authUri, Boolean async, ICredentials credentials, Boolean preAuthenticate, Boolean isProxyAuth, Boolean doRequestAuth, HttpConnectionPool pool, CancellationToken cancellationToken)
   at System.Net.Http.RedirectHandler.SendAsync(HttpRequestMessage request, Boolean async, CancellationToken cancellationToken)
   at GitHub.Services.Common.RawHttpMessageHandler.SendAsync(HttpRequestMessage request, CancellationToken cancellationToken)
   --- End of inner exception stack trace ---
   at GitHub.Services.Common.RawHttpMessageHandler.SendAsync(HttpRequestMessage request, CancellationToken cancellationToken)
   at GitHub.Services.Common.VssHttpRetryMessageHandler.SendAsync(HttpRequestMessage request, CancellationToken cancellationToken)
   at System.Net.Http.HttpClient.<SendAsync>g__Core|83_0(HttpRequestMessage request, HttpCompletionOption completionOption, CancellationTokenSource cts, Boolean disposeCts, CancellationTokenSource pendingRequestsCts, CancellationToken originalCancellationToken)
   at Sdk.WebApi.WebApi.RawHttpClientBase.SendAsync(HttpRequestMessage message, HttpCompletionOption completionOption, Object userState, CancellationToken cancellationToken)
   at Sdk.WebApi.WebApi.RawHttpClientBase.SendAsync[T](HttpRequestMessage message, Boolean readErrorBody, Object userState, CancellationToken cancellationToken)
   at Sdk.WebApi.WebApi.RawHttpClientBase.SendAsync[T](HttpMethod method, IEnumerable`1 additionalHeaders, Uri requestUri, HttpContent content, IEnumerable`1 queryParameters, Boolean readErrorBody, Object userState, CancellationToken cancellationToken)
   at GitHub.Actions.RunService.WebApi.BrokerHttpClient.GetRunnerMessageAsync(Nullable`1 sessionId, String runnerVersion, Nullable`1 status, String os, String architecture, Nullable`1 disableUpdate, CancellationToken cancellationToken)
   at GitHub.Runner.Common.BrokerServer.<>c__DisplayClass7_0.<<GetRunnerMessageAsync>b__0>d.MoveNext()
--- End of stack trace from previous location ---
   at GitHub.Runner.Common.RunnerService.RetryRequest[T](Func`1 func, CancellationToken cancellationToken, Int32 maxAttempts, Func`2 shouldRetry)
[2025-12-14 23:12:48Z ERR  BrokerServer] #####################################################
[2025-12-14 23:12:48Z ERR  BrokerServer] System.Threading.Tasks.TaskCanceledException: The operation was canceled.
 ---> System.IO.IOException: Unable to read data from the transport connection: L’opération d’entrée/sortie a été abandonnée en raison de l’arrêt d’un thread ou à la demande d’une application..
 ---> System.Net.Sockets.SocketException (995): L’opération d’entrée/sortie a été abandonnée en raison de l’arrêt d’un thread ou à la demande d’une application.
   --- End of inner exception stack trace ---
   at System.Net.Sockets.Socket.AwaitableSocketAsyncEventArgs.System.Threading.Tasks.Sources.IValueTaskSource<System.Int32>.GetResult(Int16 token)
   at System.Net.Security.SslStream.EnsureFullTlsFrameAsync[TIOAdapter](CancellationToken cancellationToken, Int32 estimatedSize)
   at System.Runtime.CompilerServices.PoolingAsyncValueTaskMethodBuilder`1.StateMachineBox`1.System.Threading.Tasks.Sources.IValueTaskSource<TResult>.GetResult(Int16 token)
   at System.Net.Security.SslStream.ReadAsyncInternal[TIOAdapter](Memory`1 buffer, CancellationToken cancellationToken)
   at System.Runtime.CompilerServices.PoolingAsyncValueTaskMethodBuilder`1.StateMachineBox`1.System.Threading.Tasks.Sources.IValueTaskSource<TResult>.GetResult(Int16 token)
   at System.Net.Http.HttpConnection.SendAsync(HttpRequestMessage request, Boolean async, CancellationToken cancellationToken)
   --- End of inner exception stack trace ---
   at System.Net.Http.HttpConnection.SendAsync(HttpRequestMessage request, Boolean async, CancellationToken cancellationToken)
   at System.Net.Http.AuthenticationHelper.SendWithNtAuthAsync(HttpRequestMessage request, Uri authUri, Boolean async, ICredentials credentials, Boolean isProxyAuth, HttpConnection connection, HttpConnectionPool connectionPool, CancellationToken cancellationToken)
   at System.Net.Http.HttpConnectionPool.SendWithVersionDetectionAndRetryAsync(HttpRequestMessage request, Boolean async, Boolean doRequestAuth, CancellationToken cancellationToken)
   at System.Net.Http.AuthenticationHelper.SendWithAuthAsync(HttpRequestMessage request, Uri authUri, Boolean async, ICredentials credentials, Boolean preAuthenticate, Boolean isProxyAuth, Boolean doRequestAuth, HttpConnectionPool pool, CancellationToken cancellationToken)
   at System.Net.Http.RedirectHandler.SendAsync(HttpRequestMessage request, Boolean async, CancellationToken cancellationToken)
   at GitHub.Services.Common.RawHttpMessageHandler.SendAsync(HttpRequestMessage request, CancellationToken cancellationToken)
[2025-12-14 23:12:48Z ERR  BrokerServer] #####################################################
[2025-12-14 23:12:48Z ERR  BrokerServer] System.IO.IOException: Unable to read data from the transport connection: L’opération d’entrée/sortie a été abandonnée en raison de l’arrêt d’un thread ou à la demande d’une application..
 ---> System.Net.Sockets.SocketException (995): L’opération d’entrée/sortie a été abandonnée en raison de l’arrêt d’un thread ou à la demande d’une application.
   --- End of inner exception stack trace ---
   at System.Net.Sockets.Socket.AwaitableSocketAsyncEventArgs.System.Threading.Tasks.Sources.IValueTaskSource<System.Int32>.GetResult(Int16 token)
   at System.Net.Security.SslStream.EnsureFullTlsFrameAsync[TIOAdapter](CancellationToken cancellationToken, Int32 estimatedSize)
   at System.Runtime.CompilerServices.PoolingAsyncValueTaskMethodBuilder`1.StateMachineBox`1.System.Threading.Tasks.Sources.IValueTaskSource<TResult>.GetResult(Int16 token)
   at System.Net.Security.SslStream.ReadAsyncInternal[TIOAdapter](Memory`1 buffer, CancellationToken cancellationToken)
   at System.Runtime.CompilerServices.PoolingAsyncValueTaskMethodBuilder`1.StateMachineBox`1.System.Threading.Tasks.Sources.IValueTaskSource<TResult>.GetResult(Int16 token)
   at System.Net.Http.HttpConnection.SendAsync(HttpRequestMessage request, Boolean async, CancellationToken cancellationToken)
[2025-12-14 23:12:48Z ERR  BrokerServer] #####################################################
[2025-12-14 23:12:48Z ERR  BrokerServer] System.Net.Sockets.SocketException (995): L’opération d’entrée/sortie a été abandonnée en raison de l’arrêt d’un thread ou à la demande d’une application.
[2025-12-14 23:12:48Z WARN BrokerServer] Back off 8.566 seconds before next retry. 4 attempt left.
[2025-12-14 23:16:17Z WARN GitHubActionsService] GET request to https://broker.actions.githubusercontent.com/message?sessionId=f2d060ac-ef2b-461c-8dfd-3c63a76a15cb&status=Online&runnerVersion=2.329.0&os=Windows&architecture=X64&disableUpdate=false timed out after 100 seconds.
[2025-12-14 23:16:17Z ERR  BrokerServer] Catch exception during request
[2025-12-14 23:16:17Z ERR  BrokerServer] System.TimeoutException: The HTTP request timed out after 00:01:40.
 ---> System.Threading.Tasks.TaskCanceledException: The operation was canceled.
 ---> System.IO.IOException: Unable to read data from the transport connection: L’opération d’entrée/sortie a été abandonnée en raison de l’arrêt d’un thread ou à la demande d’une application..
 ---> System.Net.Sockets.SocketException (995): L’opération d’entrée/sortie a été abandonnée en raison de l’arrêt d’un thread ou à la demande d’une application.
   --- End of inner exception stack trace ---
   at System.Net.Sockets.Socket.AwaitableSocketAsyncEventArgs.System.Threading.Tasks.Sources.IValueTaskSource<System.Int32>.GetResult(Int16 token)
   at System.Net.Security.SslStream.EnsureFullTlsFrameAsync[TIOAdapter](CancellationToken cancellationToken, Int32 estimatedSize)
   at System.Runtime.CompilerServices.PoolingAsyncValueTaskMethodBuilder`1.StateMachineBox`1.System.Threading.Tasks.Sources.IValueTaskSource<TResult>.GetResult(Int16 token)
   at System.Net.Security.SslStream.ReadAsyncInternal[TIOAdapter](Memory`1 buffer, CancellationToken cancellationToken)
   at System.Runtime.CompilerServices.PoolingAsyncValueTaskMethodBuilder`1.StateMachineBox`1.System.Threading.Tasks.Sources.IValueTaskSource<TResult>.GetResult(Int16 token)
   at System.Net.Http.HttpConnection.SendAsync(HttpRequestMessage request, Boolean async, CancellationToken cancellationToken)
   --- End of inner exception stack trace ---
   at System.Net.Http.HttpConnection.SendAsync(HttpRequestMessage request, Boolean async, CancellationToken cancellationToken)
   at System.Net.Http.AuthenticationHelper.SendWithNtAuthAsync(HttpRequestMessage request, Uri authUri, Boolean async, ICredentials credentials, Boolean isProxyAuth, HttpConnection connection, HttpConnectionPool connectionPool, CancellationToken cancellationToken)
   at System.Net.Http.HttpConnectionPool.SendWithVersionDetectionAndRetryAsync(HttpRequestMessage request, Boolean async, Boolean doRequestAuth, CancellationToken cancellationToken)
   at System.Net.Http.AuthenticationHelper.SendWithAuthAsync(HttpRequestMessage request, Uri authUri, Boolean async, ICredentials credentials, Boolean preAuthenticate, Boolean isProxyAuth, Boolean doRequestAuth, HttpConnectionPool pool, CancellationToken cancellationToken)
   at System.Net.Http.RedirectHandler.SendAsync(HttpRequestMessage request, Boolean async, CancellationToken cancellationToken)
   at GitHub.Services.Common.RawHttpMessageHandler.SendAsync(HttpRequestMessage request, CancellationToken cancellationToken)
   --- End of inner exception stack trace ---
   at GitHub.Services.Common.RawHttpMessageHandler.SendAsync(HttpRequestMessage request, CancellationToken cancellationToken)
   at GitHub.Services.Common.VssHttpRetryMessageHandler.SendAsync(HttpRequestMessage request, CancellationToken cancellationToken)
   at System.Net.Http.HttpClient.<SendAsync>g__Core|83_0(HttpRequestMessage request, HttpCompletionOption completionOption, CancellationTokenSource cts, Boolean disposeCts, CancellationTokenSource pendingRequestsCts, CancellationToken originalCancellationToken)
   at Sdk.WebApi.WebApi.RawHttpClientBase.SendAsync(HttpRequestMessage message, HttpCompletionOption completionOption, Object userState, CancellationToken cancellationToken)
   at Sdk.WebApi.WebApi.RawHttpClientBase.SendAsync[T](HttpRequestMessage message, Boolean readErrorBody, Object userState, CancellationToken cancellationToken)
   at Sdk.WebApi.WebApi.RawHttpClientBase.SendAsync[T](HttpMethod method, IEnumerable`1 additionalHeaders, Uri requestUri, HttpContent content, IEnumerable`1 queryParameters, Boolean readErrorBody, Object userState, CancellationToken cancellationToken)
   at GitHub.Actions.RunService.WebApi.BrokerHttpClient.GetRunnerMessageAsync(Nullable`1 sessionId, String runnerVersion, Nullable`1 status, String os, String architecture, Nullable`1 disableUpdate, CancellationToken cancellationToken)
   at GitHub.Runner.Common.BrokerServer.<>c__DisplayClass7_0.<<GetRunnerMessageAsync>b__0>d.MoveNext()
--- End of stack trace from previous location ---
   at GitHub.Runner.Common.RunnerService.RetryRequest[T](Func`1 func, CancellationToken cancellationToken, Int32 maxAttempts, Func`2 shouldRetry)
[2025-12-14 23:16:17Z ERR  BrokerServer] #####################################################
[2025-12-14 23:16:17Z ERR  BrokerServer] System.Threading.Tasks.TaskCanceledException: The operation was canceled.
 ---> System.IO.IOException: Unable to read data from the transport connection: L’opération d’entrée/sortie a été abandonnée en raison de l’arrêt d’un thread ou à la demande d’une application..
 ---> System.Net.Sockets.SocketException (995): L’opération d’entrée/sortie a été abandonnée en raison de l’arrêt d’un thread ou à la demande d’une application.
   --- End of inner exception stack trace ---
   at System.Net.Sockets.Socket.AwaitableSocketAsyncEventArgs.System.Threading.Tasks.Sources.IValueTaskSource<System.Int32>.GetResult(Int16 token)
   at System.Net.Security.SslStream.EnsureFullTlsFrameAsync[TIOAdapter](CancellationToken cancellationToken, Int32 estimatedSize)
   at System.Runtime.CompilerServices.PoolingAsyncValueTaskMethodBuilder`1.StateMachineBox`1.System.Threading.Tasks.Sources.IValueTaskSource<TResult>.GetResult(Int16 token)
   at System.Net.Security.SslStream.ReadAsyncInternal[TIOAdapter](Memory`1 buffer, CancellationToken cancellationToken)
   at System.Runtime.CompilerServices.PoolingAsyncValueTaskMethodBuilder`1.StateMachineBox`1.System.Threading.Tasks.Sources.IValueTaskSource<TResult>.GetResult(Int16 token)
   at System.Net.Http.HttpConnection.SendAsync(HttpRequestMessage request, Boolean async, CancellationToken cancellationToken)
   --- End of inner exception stack trace ---
   at System.Net.Http.HttpConnection.SendAsync(HttpRequestMessage request, Boolean async, CancellationToken cancellationToken)
   at System.Net.Http.AuthenticationHelper.SendWithNtAuthAsync(HttpRequestMessage request, Uri authUri, Boolean async, ICredentials credentials, Boolean isProxyAuth, HttpConnection connection, HttpConnectionPool connectionPool, CancellationToken cancellationToken)
   at System.Net.Http.HttpConnectionPool.SendWithVersionDetectionAndRetryAsync(HttpRequestMessage request, Boolean async, Boolean doRequestAuth, CancellationToken cancellationToken)
   at System.Net.Http.AuthenticationHelper.SendWithAuthAsync(HttpRequestMessage request, Uri authUri, Boolean async, ICredentials credentials, Boolean preAuthenticate, Boolean isProxyAuth, Boolean doRequestAuth, HttpConnectionPool pool, CancellationToken cancellationToken)
   at System.Net.Http.RedirectHandler.SendAsync(HttpRequestMessage request, Boolean async, CancellationToken cancellationToken)
   at GitHub.Services.Common.RawHttpMessageHandler.SendAsync(HttpRequestMessage request, CancellationToken cancellationToken)
[2025-12-14 23:16:17Z ERR  BrokerServer] #####################################################
[2025-12-14 23:16:17Z ERR  BrokerServer] System.IO.IOException: Unable to read data from the transport connection: L’opération d’entrée/sortie a été abandonnée en raison de l’arrêt d’un thread ou à la demande d’une application..
 ---> System.Net.Sockets.SocketException (995): L’opération d’entrée/sortie a été abandonnée en raison de l’arrêt d’un thread ou à la demande d’une application.
   --- End of inner exception stack trace ---
   at System.Net.Sockets.Socket.AwaitableSocketAsyncEventArgs.System.Threading.Tasks.Sources.IValueTaskSource<System.Int32>.GetResult(Int16 token)
   at System.Net.Security.SslStream.EnsureFullTlsFrameAsync[TIOAdapter](CancellationToken cancellationToken, Int32 estimatedSize)
   at System.Runtime.CompilerServices.PoolingAsyncValueTaskMethodBuilder`1.StateMachineBox`1.System.Threading.Tasks.Sources.IValueTaskSource<TResult>.GetResult(Int16 token)
   at System.Net.Security.SslStream.ReadAsyncInternal[TIOAdapter](Memory`1 buffer, CancellationToken cancellationToken)
   at System.Runtime.CompilerServices.PoolingAsyncValueTaskMethodBuilder`1.StateMachineBox`1.System.Threading.Tasks.Sources.IValueTaskSource<TResult>.GetResult(Int16 token)
   at System.Net.Http.HttpConnection.SendAsync(HttpRequestMessage request, Boolean async, CancellationToken cancellationToken)
[2025-12-14 23:16:17Z ERR  BrokerServer] #####################################################
[2025-12-14 23:16:17Z ERR  BrokerServer] System.Net.Sockets.SocketException (995): L’opération d’entrée/sortie a été abandonnée en raison de l’arrêt d’un thread ou à la demande d’une application.
[2025-12-14 23:16:17Z WARN BrokerServer] Back off 6.562 seconds before next retry. 4 attempt left.
[2025-12-14 23:16:24Z WARN GitHubActionsService] Attempt 1 of GET request to https://broker.actions.githubusercontent.com/message?sessionId=f2d060ac-ef2b-461c-8dfd-3c63a76a15cb&status=Online&runnerVersion=2.329.0&os=Windows&architecture=X64&disableUpdate=false failed (Socket Error: ConnectionReset). The operation will be retried in 10.946 seconds.
[2025-12-14 23:16:35Z WARN GitHubActionsService] Attempt 2 of GET request to https://broker.actions.githubusercontent.com/message?sessionId=f2d060ac-ef2b-461c-8dfd-3c63a76a15cb&status=Online&runnerVersion=2.329.0&os=Windows&architecture=X64&disableUpdate=false failed (Socket Error: ConnectionReset). The operation will be retried in 12.646 seconds.
[2025-12-14 23:16:48Z WARN GitHubActionsService] Attempt 3 of GET request to https://broker.actions.githubusercontent.com/message?sessionId=f2d060ac-ef2b-461c-8dfd-3c63a76a15cb&status=Online&runnerVersion=2.329.0&os=Windows&architecture=X64&disableUpdate=false failed (Socket Error: ConnectionReset). The operation will be retried in 16.027 seconds.
[2025-12-14 23:17:05Z ERR  GitHubActionsService] Attempt 4 of GET request to https://broker.actions.githubusercontent.com/message?sessionId=f2d060ac-ef2b-461c-8dfd-3c63a76a15cb&status=Online&runnerVersion=2.329.0&os=Windows&architecture=X64&disableUpdate=false failed (Socket Error: ConnectionReset). The maximum number of attempts has been reached.
[2025-12-14 23:17:05Z ERR  BrokerServer] Catch exception during request
[2025-12-14 23:17:05Z ERR  BrokerServer] System.Net.Http.HttpRequestException: The SSL connection could not be established, see inner exception.
 ---> System.IO.IOException: Unable to read data from the transport connection: Une connexion existante a dû être fermée par l’hôte distant..
 ---> System.Net.Sockets.SocketException (10054): Une connexion existante a dû être fermée par l’hôte distant.
   --- End of inner exception stack trace ---
   at System.Net.Sockets.Socket.AwaitableSocketAsyncEventArgs.System.Threading.Tasks.Sources.IValueTaskSource<System.Int32>.GetResult(Int16 token)
   at System.Net.Security.SslStream.EnsureFullTlsFrameAsync[TIOAdapter](CancellationToken cancellationToken, Int32 estimatedSize)
   at System.Runtime.CompilerServices.PoolingAsyncValueTaskMethodBuilder`1.StateMachineBox`1.System.Threading.Tasks.Sources.IValueTaskSource<TResult>.GetResult(Int16 token)
   at System.Net.Security.SslStream.ReceiveHandshakeFrameAsync[TIOAdapter](CancellationToken cancellationToken)
   at System.Net.Security.SslStream.ForceAuthenticationAsync[TIOAdapter](Boolean receiveFirst, Byte[] reAuthenticationData, CancellationToken cancellationToken)
   at System.Net.Http.ConnectHelper.EstablishSslConnectionAsync(SslClientAuthenticationOptions sslOptions, HttpRequestMessage request, Boolean async, Stream stream, CancellationToken cancellationToken)
   --- End of inner exception stack trace ---
   at GitHub.Services.Common.VssHttpRetryMessageHandler.SendAsync(HttpRequestMessage request, CancellationToken cancellationToken)
   at System.Net.Http.HttpClient.<SendAsync>g__Core|83_0(HttpRequestMessage request, HttpCompletionOption completionOption, CancellationTokenSource cts, Boolean disposeCts, CancellationTokenSource pendingRequestsCts, CancellationToken originalCancellationToken)
   at Sdk.WebApi.WebApi.RawHttpClientBase.SendAsync(HttpRequestMessage message, HttpCompletionOption completionOption, Object userState, CancellationToken cancellationToken)
   at Sdk.WebApi.WebApi.RawHttpClientBase.SendAsync[T](HttpRequestMessage message, Boolean readErrorBody, Object userState, CancellationToken cancellationToken)
   at Sdk.WebApi.WebApi.RawHttpClientBase.SendAsync[T](HttpMethod method, IEnumerable`1 additionalHeaders, Uri requestUri, HttpContent content, IEnumerable`1 queryParameters, Boolean readErrorBody, Object userState, CancellationToken cancellationToken)
   at GitHub.Actions.RunService.WebApi.BrokerHttpClient.GetRunnerMessageAsync(Nullable`1 sessionId, String runnerVersion, Nullable`1 status, String os, String architecture, Nullable`1 disableUpdate, CancellationToken cancellationToken)
   at GitHub.Runner.Common.BrokerServer.<>c__DisplayClass7_0.<<GetRunnerMessageAsync>b__0>d.MoveNext()
--- End of stack trace from previous location ---
   at GitHub.Runner.Common.RunnerService.RetryRequest[T](Func`1 func, CancellationToken cancellationToken, Int32 maxAttempts, Func`2 shouldRetry)
[2025-12-14 23:17:05Z ERR  BrokerServer] #####################################################
[2025-12-14 23:17:05Z ERR  BrokerServer] System.IO.IOException: Unable to read data from the transport connection: Une connexion existante a dû être fermée par l’hôte distant..
 ---> System.Net.Sockets.SocketException (10054): Une connexion existante a dû être fermée par l’hôte distant.
   --- End of inner exception stack trace ---
   at System.Net.Sockets.Socket.AwaitableSocketAsyncEventArgs.System.Threading.Tasks.Sources.IValueTaskSource<System.Int32>.GetResult(Int16 token)
   at System.Net.Security.SslStream.EnsureFullTlsFrameAsync[TIOAdapter](CancellationToken cancellationToken, Int32 estimatedSize)
   at System.Runtime.CompilerServices.PoolingAsyncValueTaskMethodBuilder`1.StateMachineBox`1.System.Threading.Tasks.Sources.IValueTaskSource<TResult>.GetResult(Int16 token)
   at System.Net.Security.SslStream.ReceiveHandshakeFrameAsync[TIOAdapter](CancellationToken cancellationToken)
   at System.Net.Security.SslStream.ForceAuthenticationAsync[TIOAdapter](Boolean receiveFirst, Byte[] reAuthenticationData, CancellationToken cancellationToken)
   at System.Net.Http.ConnectHelper.EstablishSslConnectionAsync(SslClientAuthenticationOptions sslOptions, HttpRequestMessage request, Boolean async, Stream stream, CancellationToken cancellationToken)
[2025-12-14 23:17:05Z ERR  BrokerServer] #####################################################
[2025-12-14 23:17:05Z ERR  BrokerServer] System.Net.Sockets.SocketException (10054): Une connexion existante a dû être fermée par l’hôte distant.
[2025-12-14 23:17:05Z WARN BrokerServer] Back off 8.929 seconds before next retry. 3 attempt left.
[2025-12-14 23:17:14Z WARN GitHubActionsService] Attempt 1 of GET request to https://broker.actions.githubusercontent.com/message?sessionId=f2d060ac-ef2b-461c-8dfd-3c63a76a15cb&status=Online&runnerVersion=2.329.0&os=Windows&architecture=X64&disableUpdate=false failed (Socket Error: ConnectionReset). The operation will be retried in 10.864 seconds.
[2025-12-14 23:17:25Z WARN GitHubActionsService] Attempt 2 of GET request to https://broker.actions.githubusercontent.com/message?sessionId=f2d060ac-ef2b-461c-8dfd-3c63a76a15cb&status=Online&runnerVersion=2.329.0&os=Windows&architecture=X64&disableUpdate=false failed (Socket Error: ConnectionReset). The operation will be retried in 13.597 seconds.
[2025-12-14 23:17:39Z WARN GitHubActionsService] Attempt 3 of GET request to https://broker.actions.githubusercontent.com/message?sessionId=f2d060ac-ef2b-461c-8dfd-3c63a76a15cb&status=Online&runnerVersion=2.329.0&os=Windows&architecture=X64&disableUpdate=false failed (Socket Error: ConnectionReset). The operation will be retried in 15.978 seconds.
[2025-12-14 23:17:55Z ERR  GitHubActionsService] Attempt 4 of GET request to https://broker.actions.githubusercontent.com/message?sessionId=f2d060ac-ef2b-461c-8dfd-3c63a76a15cb&status=Online&runnerVersion=2.329.0&os=Windows&architecture=X64&disableUpdate=false failed (Socket Error: ConnectionReset). The maximum number of attempts has been reached.
[2025-12-14 23:17:55Z ERR  BrokerServer] Catch exception during request
[2025-12-14 23:17:55Z ERR  BrokerServer] System.Net.Http.HttpRequestException: The SSL connection could not be established, see inner exception.
 ---> System.IO.IOException: Unable to read data from the transport connection: Une connexion existante a dû être fermée par l’hôte distant..
 ---> System.Net.Sockets.SocketException (10054): Une connexion existante a dû être fermée par l’hôte distant.
   --- End of inner exception stack trace ---
   at System.Net.Sockets.Socket.AwaitableSocketAsyncEventArgs.System.Threading.Tasks.Sources.IValueTaskSource<System.Int32>.GetResult(Int16 token)
   at System.Net.Security.SslStream.EnsureFullTlsFrameAsync[TIOAdapter](CancellationToken cancellationToken, Int32 estimatedSize)
   at System.Runtime.CompilerServices.PoolingAsyncValueTaskMethodBuilder`1.StateMachineBox`1.System.Threading.Tasks.Sources.IValueTaskSource<TResult>.GetResult(Int16 token)
   at System.Net.Security.SslStream.ReceiveHandshakeFrameAsync[TIOAdapter](CancellationToken cancellationToken)
   at System.Net.Security.SslStream.ForceAuthenticationAsync[TIOAdapter](Boolean receiveFirst, Byte[] reAuthenticationData, CancellationToken cancellationToken)
   at System.Net.Http.ConnectHelper.EstablishSslConnectionAsync(SslClientAuthenticationOptions sslOptions, HttpRequestMessage request, Boolean async, Stream stream, CancellationToken cancellationToken)
   --- End of inner exception stack trace ---
   at GitHub.Services.Common.VssHttpRetryMessageHandler.SendAsync(HttpRequestMessage request, CancellationToken cancellationToken)
   at System.Net.Http.HttpClient.<SendAsync>g__Core|83_0(HttpRequestMessage request, HttpCompletionOption completionOption, CancellationTokenSource cts, Boolean disposeCts, CancellationTokenSource pendingRequestsCts, CancellationToken originalCancellationToken)
   at Sdk.WebApi.WebApi.RawHttpClientBase.SendAsync(HttpRequestMessage message, HttpCompletionOption completionOption, Object userState, CancellationToken cancellationToken)
   at Sdk.WebApi.WebApi.RawHttpClientBase.SendAsync[T](HttpRequestMessage message, Boolean readErrorBody, Object userState, CancellationToken cancellationToken)
   at Sdk.WebApi.WebApi.RawHttpClientBase.SendAsync[T](HttpMethod method, IEnumerable`1 additionalHeaders, Uri requestUri, HttpContent content, IEnumerable`1 queryParameters, Boolean readErrorBody, Object userState, CancellationToken cancellationToken)
   at GitHub.Actions.RunService.WebApi.BrokerHttpClient.GetRunnerMessageAsync(Nullable`1 sessionId, String runnerVersion, Nullable`1 status, String os, String architecture, Nullable`1 disableUpdate, CancellationToken cancellationToken)
   at GitHub.Runner.Common.BrokerServer.<>c__DisplayClass7_0.<<GetRunnerMessageAsync>b__0>d.MoveNext()
--- End of stack trace from previous location ---
   at GitHub.Runner.Common.RunnerService.RetryRequest[T](Func`1 func, CancellationToken cancellationToken, Int32 maxAttempts, Func`2 shouldRetry)
[2025-12-14 23:17:55Z ERR  BrokerServer] #####################################################
[2025-12-14 23:17:55Z ERR  BrokerServer] System.IO.IOException: Unable to read data from the transport connection: Une connexion existante a dû être fermée par l’hôte distant..
 ---> System.Net.Sockets.SocketException (10054): Une connexion existante a dû être fermée par l’hôte distant.
   --- End of inner exception stack trace ---
   at System.Net.Sockets.Socket.AwaitableSocketAsyncEventArgs.System.Threading.Tasks.Sources.IValueTaskSource<System.Int32>.GetResult(Int16 token)
   at System.Net.Security.SslStream.EnsureFullTlsFrameAsync[TIOAdapter](CancellationToken cancellationToken, Int32 estimatedSize)
   at System.Runtime.CompilerServices.PoolingAsyncValueTaskMethodBuilder`1.StateMachineBox`1.System.Threading.Tasks.Sources.IValueTaskSource<TResult>.GetResult(Int16 token)
   at System.Net.Security.SslStream.ReceiveHandshakeFrameAsync[TIOAdapter](CancellationToken cancellationToken)
   at System.Net.Security.SslStream.ForceAuthenticationAsync[TIOAdapter](Boolean receiveFirst, Byte[] reAuthenticationData, CancellationToken cancellationToken)
   at System.Net.Http.ConnectHelper.EstablishSslConnectionAsync(SslClientAuthenticationOptions sslOptions, HttpRequestMessage request, Boolean async, Stream stream, CancellationToken cancellationToken)
[2025-12-14 23:17:55Z ERR  BrokerServer] #####################################################
[2025-12-14 23:17:55Z ERR  BrokerServer] System.Net.Sockets.SocketException (10054): Une connexion existante a dû être fermée par l’hôte distant.
[2025-12-14 23:17:55Z WARN BrokerServer] Back off 13.463 seconds before next retry. 2 attempt left.
[2025-12-14 23:18:09Z WARN GitHubActionsService] Attempt 1 of GET request to https://broker.actions.githubusercontent.com/message?sessionId=f2d060ac-ef2b-461c-8dfd-3c63a76a15cb&status=Online&runnerVersion=2.329.0&os=Windows&architecture=X64&disableUpdate=false failed (Socket Error: ConnectionReset). The operation will be retried in 11.157 seconds.
[2025-12-14 23:18:21Z WARN GitHubActionsService] Attempt 2 of GET request to https://broker.actions.githubusercontent.com/message?sessionId=f2d060ac-ef2b-461c-8dfd-3c63a76a15cb&status=Online&runnerVersion=2.329.0&os=Windows&architecture=X64&disableUpdate=false failed (Socket Error: ConnectionReset). The operation will be retried in 13.135 seconds.
[2025-12-14 23:18:35Z WARN GitHubActionsService] Attempt 3 of GET request to https://broker.actions.githubusercontent.com/message?sessionId=f2d060ac-ef2b-461c-8dfd-3c63a76a15cb&status=Online&runnerVersion=2.329.0&os=Windows&architecture=X64&disableUpdate=false failed (Socket Error: ConnectionReset). The operation will be retried in 16.545 seconds.
[2025-12-14 23:18:52Z ERR  GitHubActionsService] Attempt 4 of GET request to https://broker.actions.githubusercontent.com/message?sessionId=f2d060ac-ef2b-461c-8dfd-3c63a76a15cb&status=Online&runnerVersion=2.329.0&os=Windows&architecture=X64&disableUpdate=false failed (Socket Error: ConnectionReset). The maximum number of attempts has been reached.
[2025-12-14 23:18:52Z ERR  BrokerServer] Catch exception during request
[2025-12-14 23:18:52Z ERR  BrokerServer] System.Net.Http.HttpRequestException: The SSL connection could not be established, see inner exception.
 ---> System.IO.IOException: Unable to read data from the transport connection: Une connexion existante a dû être fermée par l’hôte distant..
 ---> System.Net.Sockets.SocketException (10054): Une connexion existante a dû être fermée par l’hôte distant.
   --- End of inner exception stack trace ---
   at System.Net.Sockets.Socket.AwaitableSocketAsyncEventArgs.System.Threading.Tasks.Sources.IValueTaskSource<System.Int32>.GetResult(Int16 token)
   at System.Net.Security.SslStream.EnsureFullTlsFrameAsync[TIOAdapter](CancellationToken cancellationToken, Int32 estimatedSize)
   at System.Runtime.CompilerServices.PoolingAsyncValueTaskMethodBuilder`1.StateMachineBox`1.System.Threading.Tasks.Sources.IValueTaskSource<TResult>.GetResult(Int16 token)
   at System.Net.Security.SslStream.ReceiveHandshakeFrameAsync[TIOAdapter](CancellationToken cancellationToken)
   at System.Net.Security.SslStream.ForceAuthenticationAsync[TIOAdapter](Boolean receiveFirst, Byte[] reAuthenticationData, CancellationToken cancellationToken)
   at System.Net.Http.ConnectHelper.EstablishSslConnectionAsync(SslClientAuthenticationOptions sslOptions, HttpRequestMessage request, Boolean async, Stream stream, CancellationToken cancellationToken)
   --- End of inner exception stack trace ---
   at GitHub.Services.Common.VssHttpRetryMessageHandler.SendAsync(HttpRequestMessage request, CancellationToken cancellationToken)
   at System.Net.Http.HttpClient.<SendAsync>g__Core|83_0(HttpRequestMessage request, HttpCompletionOption completionOption, CancellationTokenSource cts, Boolean disposeCts, CancellationTokenSource pendingRequestsCts, CancellationToken originalCancellationToken)
   at Sdk.WebApi.WebApi.RawHttpClientBase.SendAsync(HttpRequestMessage message, HttpCompletionOption completionOption, Object userState, CancellationToken cancellationToken)
   at Sdk.WebApi.WebApi.RawHttpClientBase.SendAsync[T](HttpRequestMessage message, Boolean readErrorBody, Object userState, CancellationToken cancellationToken)
   at Sdk.WebApi.WebApi.RawHttpClientBase.SendAsync[T](HttpMethod method, IEnumerable`1 additionalHeaders, Uri requestUri, HttpContent content, IEnumerable`1 queryParameters, Boolean readErrorBody, Object userState, CancellationToken cancellationToken)
   at GitHub.Actions.RunService.WebApi.BrokerHttpClient.GetRunnerMessageAsync(Nullable`1 sessionId, String runnerVersion, Nullable`1 status, String os, String architecture, Nullable`1 disableUpdate, CancellationToken cancellationToken)
   at GitHub.Runner.Common.BrokerServer.<>c__DisplayClass7_0.<<GetRunnerMessageAsync>b__0>d.MoveNext()
--- End of stack trace from previous location ---
   at GitHub.Runner.Common.RunnerService.RetryRequest[T](Func`1 func, CancellationToken cancellationToken, Int32 maxAttempts, Func`2 shouldRetry)
[2025-12-14 23:18:52Z ERR  BrokerServer] #####################################################
[2025-12-14 23:18:52Z ERR  BrokerServer] System.IO.IOException: Unable to read data from the transport connection: Une connexion existante a dû être fermée par l’hôte distant..
 ---> System.Net.Sockets.SocketException (10054): Une connexion existante a dû être fermée par l’hôte distant.
   --- End of inner exception stack trace ---
   at System.Net.Sockets.Socket.AwaitableSocketAsyncEventArgs.System.Threading.Tasks.Sources.IValueTaskSource<System.Int32>.GetResult(Int16 token)
   at System.Net.Security.SslStream.EnsureFullTlsFrameAsync[TIOAdapter](CancellationToken cancellationToken, Int32 estimatedSize)
   at System.Runtime.CompilerServices.PoolingAsyncValueTaskMethodBuilder`1.StateMachineBox`1.System.Threading.Tasks.Sources.IValueTaskSource<TResult>.GetResult(Int16 token)
   at System.Net.Security.SslStream.ReceiveHandshakeFrameAsync[TIOAdapter](CancellationToken cancellationToken)
   at System.Net.Security.SslStream.ForceAuthenticationAsync[TIOAdapter](Boolean receiveFirst, Byte[] reAuthenticationData, CancellationToken cancellationToken)
   at System.Net.Http.ConnectHelper.EstablishSslConnectionAsync(SslClientAuthenticationOptions sslOptions, HttpRequestMessage request, Boolean async, Stream stream, CancellationToken cancellationToken)
[2025-12-14 23:18:52Z ERR  BrokerServer] #####################################################
[2025-12-14 23:18:52Z ERR  BrokerServer] System.Net.Sockets.SocketException (10054): Une connexion existante a dû être fermée par l’hôte distant.
[2025-12-14 23:18:52Z WARN BrokerServer] Back off 14.477 seconds before next retry. 1 attempt left.
[2025-12-14 23:19:07Z WARN GitHubActionsService] Attempt 1 of GET request to https://broker.actions.githubusercontent.com/message?sessionId=f2d060ac-ef2b-461c-8dfd-3c63a76a15cb&status=Online&runnerVersion=2.329.0&os=Windows&architecture=X64&disableUpdate=false failed (Socket Error: ConnectionReset). The operation will be retried in 10.98 seconds.
[2025-12-14 23:19:18Z WARN GitHubActionsService] Attempt 2 of GET request to https://broker.actions.githubusercontent.com/message?sessionId=f2d060ac-ef2b-461c-8dfd-3c63a76a15cb&status=Online&runnerVersion=2.329.0&os=Windows&architecture=X64&disableUpdate=false failed (Socket Error: ConnectionReset). The operation will be retried in 13.417 seconds.
[2025-12-14 23:19:32Z WARN GitHubActionsService] Attempt 3 of GET request to https://broker.actions.githubusercontent.com/message?sessionId=f2d060ac-ef2b-461c-8dfd-3c63a76a15cb&status=Online&runnerVersion=2.329.0&os=Windows&architecture=X64&disableUpdate=false failed (Socket Error: ConnectionReset). The operation will be retried in 18.162 seconds.
[2025-12-14 23:19:50Z ERR  GitHubActionsService] Attempt 4 of GET request to https://broker.actions.githubusercontent.com/message?sessionId=f2d060ac-ef2b-461c-8dfd-3c63a76a15cb&status=Online&runnerVersion=2.329.0&os=Windows&architecture=X64&disableUpdate=false failed (Socket Error: ConnectionReset). The maximum number of attempts has been reached.
[2025-12-14 23:19:50Z ERR  BrokerMessageListener] Catch exception during get next message.
[2025-12-14 23:19:50Z ERR  BrokerMessageListener] System.Net.Http.HttpRequestException: The SSL connection could not be established, see inner exception.
 ---> System.IO.IOException: Unable to read data from the transport connection: Une connexion existante a dû être fermée par l’hôte distant..
 ---> System.Net.Sockets.SocketException (10054): Une connexion existante a dû être fermée par l’hôte distant.
   --- End of inner exception stack trace ---
   at System.Net.Sockets.Socket.AwaitableSocketAsyncEventArgs.System.Threading.Tasks.Sources.IValueTaskSource<System.Int32>.GetResult(Int16 token)
   at System.Net.Security.SslStream.EnsureFullTlsFrameAsync[TIOAdapter](CancellationToken cancellationToken, Int32 estimatedSize)
   at System.Runtime.CompilerServices.PoolingAsyncValueTaskMethodBuilder`1.StateMachineBox`1.System.Threading.Tasks.Sources.IValueTaskSource<TResult>.GetResult(Int16 token)
   at System.Net.Security.SslStream.ReceiveHandshakeFrameAsync[TIOAdapter](CancellationToken cancellationToken)
   at System.Net.Security.SslStream.ForceAuthenticationAsync[TIOAdapter](Boolean receiveFirst, Byte[] reAuthenticationData, CancellationToken cancellationToken)
   at System.Net.Http.ConnectHelper.EstablishSslConnectionAsync(SslClientAuthenticationOptions sslOptions, HttpRequestMessage request, Boolean async, Stream stream, CancellationToken cancellationToken)
   --- End of inner exception stack trace ---
   at GitHub.Services.Common.VssHttpRetryMessageHandler.SendAsync(HttpRequestMessage request, CancellationToken cancellationToken)
   at System.Net.Http.HttpClient.<SendAsync>g__Core|83_0(HttpRequestMessage request, HttpCompletionOption completionOption, CancellationTokenSource cts, Boolean disposeCts, CancellationTokenSource pendingRequestsCts, CancellationToken originalCancellationToken)
   at Sdk.WebApi.WebApi.RawHttpClientBase.SendAsync(HttpRequestMessage message, HttpCompletionOption completionOption, Object userState, CancellationToken cancellationToken)
   at Sdk.WebApi.WebApi.RawHttpClientBase.SendAsync[T](HttpRequestMessage message, Boolean readErrorBody, Object userState, CancellationToken cancellationToken)
   at Sdk.WebApi.WebApi.RawHttpClientBase.SendAsync[T](HttpMethod method, IEnumerable`1 additionalHeaders, Uri requestUri, HttpContent content, IEnumerable`1 queryParameters, Boolean readErrorBody, Object userState, CancellationToken cancellationToken)
   at GitHub.Actions.RunService.WebApi.BrokerHttpClient.GetRunnerMessageAsync(Nullable`1 sessionId, String runnerVersion, Nullable`1 status, String os, String architecture, Nullable`1 disableUpdate, CancellationToken cancellationToken)
   at GitHub.Runner.Common.BrokerServer.<>c__DisplayClass7_0.<<GetRunnerMessageAsync>b__0>d.MoveNext()
--- End of stack trace from previous location ---
   at GitHub.Runner.Common.RunnerService.RetryRequest[T](Func`1 func, CancellationToken cancellationToken, Int32 maxAttempts, Func`2 shouldRetry)
   at GitHub.Runner.Listener.BrokerMessageListener.GetNextMessageAsync(CancellationToken token)
[2025-12-14 23:19:50Z ERR  BrokerMessageListener] #####################################################
[2025-12-14 23:19:50Z ERR  BrokerMessageListener] System.IO.IOException: Unable to read data from the transport connection: Une connexion existante a dû être fermée par l’hôte distant..
 ---> System.Net.Sockets.SocketException (10054): Une connexion existante a dû être fermée par l’hôte distant.
   --- End of inner exception stack trace ---
   at System.Net.Sockets.Socket.AwaitableSocketAsyncEventArgs.System.Threading.Tasks.Sources.IValueTaskSource<System.Int32>.GetResult(Int16 token)
   at System.Net.Security.SslStream.EnsureFullTlsFrameAsync[TIOAdapter](CancellationToken cancellationToken, Int32 estimatedSize)
   at System.Runtime.CompilerServices.PoolingAsyncValueTaskMethodBuilder`1.StateMachineBox`1.System.Threading.Tasks.Sources.IValueTaskSource<TResult>.GetResult(Int16 token)
   at System.Net.Security.SslStream.ReceiveHandshakeFrameAsync[TIOAdapter](CancellationToken cancellationToken)
   at System.Net.Security.SslStream.ForceAuthenticationAsync[TIOAdapter](Boolean receiveFirst, Byte[] reAuthenticationData, CancellationToken cancellationToken)
   at System.Net.Http.ConnectHelper.EstablishSslConnectionAsync(SslClientAuthenticationOptions sslOptions, HttpRequestMessage request, Boolean async, Stream stream, CancellationToken cancellationToken)
[2025-12-14 23:19:50Z ERR  BrokerMessageListener] #####################################################
[2025-12-14 23:19:50Z ERR  BrokerMessageListener] System.Net.Sockets.SocketException (10054): Une connexion existante a dû être fermée par l’hôte distant.
[2025-12-14 23:19:50Z INFO BrokerMessageListener] Retriable exception: The SSL connection could not be established, see inner exception.
[2025-12-14 23:19:50Z ERR  Terminal] WRITE ERROR: 2025-12-14 23:19:50Z: Runner connect error: The SSL connection could not be established, see inner exception.. Retrying until reconnected.
[2025-12-14 23:19:50Z INFO BrokerMessageListener] Reload credentials.
[2025-12-14 23:19:50Z INFO ConfigurationStore] HasCredentials()
[2025-12-14 23:19:50Z INFO ConfigurationStore] stored True
[2025-12-14 23:19:50Z INFO CredentialManager] GetCredentialProvider
[2025-12-14 23:19:50Z INFO CredentialManager] Creating type OAuth
[2025-12-14 23:19:50Z INFO CredentialManager] Creating credential type: OAuth
[2025-12-14 23:19:50Z INFO RSAEncryptedFileKeyManager] Loading RSA key parameters from file C:\Users\21265\user-management\actions-runner\.credentials_rsaparams
[2025-12-14 23:19:50Z INFO BrokerMessageListener] Connection to Broker Server recreated.
[2025-12-14 23:19:50Z INFO BrokerMessageListener] Sleeping for 25.893 seconds before retrying.
[2025-12-14 23:20:16Z INFO RSAEncryptedFileKeyManager] Loading RSA key parameters from file C:\Users\21265\user-management\actions-runner\.credentials_rsaparams
[2025-12-14 23:20:16Z INFO RSAEncryptedFileKeyManager] Loading RSA key parameters from file C:\Users\21265\user-management\actions-runner\.credentials_rsaparams
[2025-12-14 23:20:17Z WARN GitHubActionsService] Attempt 1 of POST request to https://tokenghub.actions.githubusercontent.com/_apis/oauth2/token/2457a419-b3a4-4944-b597-5d61a980a51a failed (Socket Error: ConnectionReset). The operation will be retried in 11.137 seconds.
[2025-12-14 23:20:28Z WARN GitHubActionsService] Attempt 2 of POST request to https://tokenghub.actions.githubusercontent.com/_apis/oauth2/token/2457a419-b3a4-4944-b597-5d61a980a51a failed (Socket Error: ConnectionReset). The operation will be retried in 13.009 seconds.
[2025-12-14 23:20:42Z WARN GitHubActionsService] Attempt 3 of POST request to https://tokenghub.actions.githubusercontent.com/_apis/oauth2/token/2457a419-b3a4-4944-b597-5d61a980a51a failed (Socket Error: ConnectionReset). The operation will be retried in 15.908 seconds.
[2025-12-14 23:20:58Z WARN GitHubActionsService] Attempt 4 of POST request to https://tokenghub.actions.githubusercontent.com/_apis/oauth2/token/2457a419-b3a4-4944-b597-5d61a980a51a failed (Socket Error: ConnectionReset). The operation will be retried in 27.055 seconds.
[2025-12-14 23:21:25Z WARN GitHubActionsService] Attempt 5 of POST request to https://tokenghub.actions.githubusercontent.com/_apis/oauth2/token/2457a419-b3a4-4944-b597-5d61a980a51a failed (Socket Error: ConnectionReset). The operation will be retried in 37.311 seconds.
[2025-12-14 23:21:56Z WARN GitHubActionsService] Retrieving an AAD auth token took a long time (100.0037051 seconds)
[2025-12-14 23:21:56Z WARN GitHubActionsService] GET request to https://broker.actions.githubusercontent.com/message?sessionId=f2d060ac-ef2b-461c-8dfd-3c63a76a15cb&status=Online&runnerVersion=2.329.0&os=Windows&architecture=X64&disableUpdate=false timed out after 100 seconds.
[2025-12-14 23:21:56Z ERR  BrokerServer] Catch exception during request
[2025-12-14 23:21:56Z ERR  BrokerServer] System.TimeoutException: The HTTP request timed out after 00:01:40.
 ---> System.Threading.Tasks.TaskCanceledException: A task was canceled.
 ---> System.Threading.Tasks.TaskCanceledException: A task was canceled.
   at GitHub.Services.Common.VssHttpRetryMessageHandler.SendAsync(HttpRequestMessage request, CancellationToken cancellationToken)
   at System.Net.Http.HttpClient.<SendAsync>g__Core|83_0(HttpRequestMessage request, HttpCompletionOption completionOption, CancellationTokenSource cts, Boolean disposeCts, CancellationTokenSource pendingRequestsCts, CancellationToken originalCancellationToken)
   --- End of inner exception stack trace ---
   at System.Net.Http.HttpClient.HandleFailure(Exception e, Boolean telemetryStarted, HttpResponseMessage response, CancellationTokenSource cts, CancellationToken cancellationToken, CancellationTokenSource pendingRequestsCts)
   at System.Net.Http.HttpClient.<SendAsync>g__Core|83_0(HttpRequestMessage request, HttpCompletionOption completionOption, CancellationTokenSource cts, Boolean disposeCts, CancellationTokenSource pendingRequestsCts, CancellationToken originalCancellationToken)
   at GitHub.Services.OAuth.VssOAuthTokenHttpClient.GetTokenAsync(VssOAuthGrant grant, VssOAuthClientCredential credential, VssOAuthTokenParameters tokenParameters, CancellationToken cancellationToken)
   at GitHub.Services.OAuth.VssOAuthTokenProvider.OnGetTokenAsync(IssuedToken failedToken, CancellationToken cancellationToken)
   at GitHub.Services.Common.IssuedTokenProvider.GetTokenOperation.GetTokenAsync(VssTraceActivity traceActivity)
   at GitHub.Services.Common.IssuedTokenProvider.GetTokenAsync(IssuedToken failedToken, CancellationToken cancellationToken)
   at GitHub.Services.Common.RawHttpMessageHandler.SendAsync(HttpRequestMessage request, CancellationToken cancellationToken)
   --- End of inner exception stack trace ---
   at GitHub.Services.Common.RawHttpMessageHandler.SendAsync(HttpRequestMessage request, CancellationToken cancellationToken)
   at GitHub.Services.Common.VssHttpRetryMessageHandler.SendAsync(HttpRequestMessage request, CancellationToken cancellationToken)
   at System.Net.Http.HttpClient.<SendAsync>g__Core|83_0(HttpRequestMessage request, HttpCompletionOption completionOption, CancellationTokenSource cts, Boolean disposeCts, CancellationTokenSource pendingRequestsCts, CancellationToken originalCancellationToken)
   at Sdk.WebApi.WebApi.RawHttpClientBase.SendAsync(HttpRequestMessage message, HttpCompletionOption completionOption, Object userState, CancellationToken cancellationToken)
   at Sdk.WebApi.WebApi.RawHttpClientBase.SendAsync[T](HttpRequestMessage message, Boolean readErrorBody, Object userState, CancellationToken cancellationToken)
   at Sdk.WebApi.WebApi.RawHttpClientBase.SendAsync[T](HttpMethod method, IEnumerable`1 additionalHeaders, Uri requestUri, HttpContent content, IEnumerable`1 queryParameters, Boolean readErrorBody, Object userState, CancellationToken cancellationToken)
   at GitHub.Actions.RunService.WebApi.BrokerHttpClient.GetRunnerMessageAsync(Nullable`1 sessionId, String runnerVersion, Nullable`1 status, String os, String architecture, Nullable`1 disableUpdate, CancellationToken cancellationToken)
   at GitHub.Runner.Common.BrokerServer.<>c__DisplayClass7_0.<<GetRunnerMessageAsync>b__0>d.MoveNext()
--- End of stack trace from previous location ---
   at GitHub.Runner.Common.RunnerService.RetryRequest[T](Func`1 func, CancellationToken cancellationToken, Int32 maxAttempts, Func`2 shouldRetry)
[2025-12-14 23:21:56Z ERR  BrokerServer] #####################################################
[2025-12-14 23:21:56Z ERR  BrokerServer] System.Threading.Tasks.TaskCanceledException: A task was canceled.
 ---> System.Threading.Tasks.TaskCanceledException: A task was canceled.
   at GitHub.Services.Common.VssHttpRetryMessageHandler.SendAsync(HttpRequestMessage request, CancellationToken cancellationToken)
   at System.Net.Http.HttpClient.<SendAsync>g__Core|83_0(HttpRequestMessage request, HttpCompletionOption completionOption, CancellationTokenSource cts, Boolean disposeCts, CancellationTokenSource pendingRequestsCts, CancellationToken originalCancellationToken)
   --- End of inner exception stack trace ---
   at System.Net.Http.HttpClient.HandleFailure(Exception e, Boolean telemetryStarted, HttpResponseMessage response, CancellationTokenSource cts, CancellationToken cancellationToken, CancellationTokenSource pendingRequestsCts)
   at System.Net.Http.HttpClient.<SendAsync>g__Core|83_0(HttpRequestMessage request, HttpCompletionOption completionOption, CancellationTokenSource cts, Boolean disposeCts, CancellationTokenSource pendingRequestsCts, CancellationToken originalCancellationToken)
   at GitHub.Services.OAuth.VssOAuthTokenHttpClient.GetTokenAsync(VssOAuthGrant grant, VssOAuthClientCredential credential, VssOAuthTokenParameters tokenParameters, CancellationToken cancellationToken)
   at GitHub.Services.OAuth.VssOAuthTokenProvider.OnGetTokenAsync(IssuedToken failedToken, CancellationToken cancellationToken)
   at GitHub.Services.Common.IssuedTokenProvider.GetTokenOperation.GetTokenAsync(VssTraceActivity traceActivity)
   at GitHub.Services.Common.IssuedTokenProvider.GetTokenAsync(IssuedToken failedToken, CancellationToken cancellationToken)
   at GitHub.Services.Common.RawHttpMessageHandler.SendAsync(HttpRequestMessage request, CancellationToken cancellationToken)
[2025-12-14 23:21:56Z ERR  BrokerServer] #####################################################
[2025-12-14 23:21:56Z ERR  BrokerServer] System.Threading.Tasks.TaskCanceledException: A task was canceled.
   at GitHub.Services.Common.VssHttpRetryMessageHandler.SendAsync(HttpRequestMessage request, CancellationToken cancellationToken)
   at System.Net.Http.HttpClient.<SendAsync>g__Core|83_0(HttpRequestMessage request, HttpCompletionOption completionOption, CancellationTokenSource cts, Boolean disposeCts, CancellationTokenSource pendingRequestsCts, CancellationToken originalCancellationToken)
[2025-12-14 23:21:56Z WARN BrokerServer] Back off 13.965 seconds before next retry. 4 attempt left.
[2025-12-14 23:22:10Z INFO RSAEncryptedFileKeyManager] Loading RSA key parameters from file C:\Users\21265\user-management\actions-runner\.credentials_rsaparams
[2025-12-14 23:22:11Z WARN GitHubActionsService] Attempt 1 of POST request to https://tokenghub.actions.githubusercontent.com/_apis/oauth2/token/2457a419-b3a4-4944-b597-5d61a980a51a failed (Socket Error: ConnectionReset). The operation will be retried in 10.849 seconds.
[2025-12-14 23:22:22Z WARN GitHubActionsService] Attempt 2 of POST request to https://tokenghub.actions.githubusercontent.com/_apis/oauth2/token/2457a419-b3a4-4944-b597-5d61a980a51a failed (Socket Error: ConnectionReset). The operation will be retried in 13.57 seconds.
[2025-12-14 23:22:36Z WARN GitHubActionsService] Attempt 3 of POST request to https://tokenghub.actions.githubusercontent.com/_apis/oauth2/token/2457a419-b3a4-4944-b597-5d61a980a51a failed (Socket Error: ConnectionReset). The operation will be retried in 17.637 seconds.
[2025-12-14 23:22:54Z WARN GitHubActionsService] Attempt 4 of POST request to https://tokenghub.actions.githubusercontent.com/_apis/oauth2/token/2457a419-b3a4-4944-b597-5d61a980a51a failed (Socket Error: ConnectionReset). The operation will be retried in 25.045 seconds.
[2025-12-14 23:23:20Z WARN GitHubActionsService] Attempt 5 of POST request to https://tokenghub.actions.githubusercontent.com/_apis/oauth2/token/2457a419-b3a4-4944-b597-5d61a980a51a failed (Socket Error: ConnectionReset). The operation will be retried in 42.953 seconds.
[2025-12-14 23:23:50Z WARN GitHubActionsService] Retrieving an AAD auth token took a long time (100.0027897 seconds)
[2025-12-14 23:23:50Z WARN GitHubActionsService] GET request to https://broker.actions.githubusercontent.com/message?sessionId=f2d060ac-ef2b-461c-8dfd-3c63a76a15cb&status=Online&runnerVersion=2.329.0&os=Windows&architecture=X64&disableUpdate=false timed out after 100 seconds.
[2025-12-14 23:23:50Z ERR  BrokerServer] Catch exception during request
[2025-12-14 23:23:50Z ERR  BrokerServer] System.TimeoutException: The HTTP request timed out after 00:01:40.
 ---> System.Threading.Tasks.TaskCanceledException: A task was canceled.
 ---> System.Threading.Tasks.TaskCanceledException: A task was canceled.
   at GitHub.Services.Common.VssHttpRetryMessageHandler.SendAsync(HttpRequestMessage request, CancellationToken cancellationToken)
   at System.Net.Http.HttpClient.<SendAsync>g__Core|83_0(HttpRequestMessage request, HttpCompletionOption completionOption, CancellationTokenSource cts, Boolean disposeCts, CancellationTokenSource pendingRequestsCts, CancellationToken originalCancellationToken)
   --- End of inner exception stack trace ---
   at System.Net.Http.HttpClient.HandleFailure(Exception e, Boolean telemetryStarted, HttpResponseMessage response, CancellationTokenSource cts, CancellationToken cancellationToken, CancellationTokenSource pendingRequestsCts)
   at System.Net.Http.HttpClient.<SendAsync>g__Core|83_0(HttpRequestMessage request, HttpCompletionOption completionOption, CancellationTokenSource cts, Boolean disposeCts, CancellationTokenSource pendingRequestsCts, CancellationToken originalCancellationToken)
   at GitHub.Services.OAuth.VssOAuthTokenHttpClient.GetTokenAsync(VssOAuthGrant grant, VssOAuthClientCredential credential, VssOAuthTokenParameters tokenParameters, CancellationToken cancellationToken)
   at GitHub.Services.OAuth.VssOAuthTokenProvider.OnGetTokenAsync(IssuedToken failedToken, CancellationToken cancellationToken)
   at GitHub.Services.Common.IssuedTokenProvider.GetTokenOperation.GetTokenAsync(VssTraceActivity traceActivity)
   at GitHub.Services.Common.IssuedTokenProvider.GetTokenAsync(IssuedToken failedToken, CancellationToken cancellationToken)
   at GitHub.Services.Common.RawHttpMessageHandler.SendAsync(HttpRequestMessage request, CancellationToken cancellationToken)
   --- End of inner exception stack trace ---
   at GitHub.Services.Common.RawHttpMessageHandler.SendAsync(HttpRequestMessage request, CancellationToken cancellationToken)
   at GitHub.Services.Common.VssHttpRetryMessageHandler.SendAsync(HttpRequestMessage request, CancellationToken cancellationToken)
   at System.Net.Http.HttpClient.<SendAsync>g__Core|83_0(HttpRequestMessage request, HttpCompletionOption completionOption, CancellationTokenSource cts, Boolean disposeCts, CancellationTokenSource pendingRequestsCts, CancellationToken originalCancellationToken)
   at Sdk.WebApi.WebApi.RawHttpClientBase.SendAsync(HttpRequestMessage message, HttpCompletionOption completionOption, Object userState, CancellationToken cancellationToken)
   at Sdk.WebApi.WebApi.RawHttpClientBase.SendAsync[T](HttpRequestMessage message, Boolean readErrorBody, Object userState, CancellationToken cancellationToken)
   at Sdk.WebApi.WebApi.RawHttpClientBase.SendAsync[T](HttpMethod method, IEnumerable`1 additionalHeaders, Uri requestUri, HttpContent content, IEnumerable`1 queryParameters, Boolean readErrorBody, Object userState, CancellationToken cancellationToken)
   at GitHub.Actions.RunService.WebApi.BrokerHttpClient.GetRunnerMessageAsync(Nullable`1 sessionId, String runnerVersion, Nullable`1 status, String os, String architecture, Nullable`1 disableUpdate, CancellationToken cancellationToken)
   at GitHub.Runner.Common.BrokerServer.<>c__DisplayClass7_0.<<GetRunnerMessageAsync>b__0>d.MoveNext()
--- End of stack trace from previous location ---
   at GitHub.Runner.Common.RunnerService.RetryRequest[T](Func`1 func, CancellationToken cancellationToken, Int32 maxAttempts, Func`2 shouldRetry)
[2025-12-14 23:23:50Z ERR  BrokerServer] #####################################################
[2025-12-14 23:23:50Z ERR  BrokerServer] System.Threading.Tasks.TaskCanceledException: A task was canceled.
 ---> System.Threading.Tasks.TaskCanceledException: A task was canceled.
   at GitHub.Services.Common.VssHttpRetryMessageHandler.SendAsync(HttpRequestMessage request, CancellationToken cancellationToken)
   at System.Net.Http.HttpClient.<SendAsync>g__Core|83_0(HttpRequestMessage request, HttpCompletionOption completionOption, CancellationTokenSource cts, Boolean disposeCts, CancellationTokenSource pendingRequestsCts, CancellationToken originalCancellationToken)
   --- End of inner exception stack trace ---
   at System.Net.Http.HttpClient.HandleFailure(Exception e, Boolean telemetryStarted, HttpResponseMessage response, CancellationTokenSource cts, CancellationToken cancellationToken, CancellationTokenSource pendingRequestsCts)
   at System.Net.Http.HttpClient.<SendAsync>g__Core|83_0(HttpRequestMessage request, HttpCompletionOption completionOption, CancellationTokenSource cts, Boolean disposeCts, CancellationTokenSource pendingRequestsCts, CancellationToken originalCancellationToken)
   at GitHub.Services.OAuth.VssOAuthTokenHttpClient.GetTokenAsync(VssOAuthGrant grant, VssOAuthClientCredential credential, VssOAuthTokenParameters tokenParameters, CancellationToken cancellationToken)
   at GitHub.Services.OAuth.VssOAuthTokenProvider.OnGetTokenAsync(IssuedToken failedToken, CancellationToken cancellationToken)
   at GitHub.Services.Common.IssuedTokenProvider.GetTokenOperation.GetTokenAsync(VssTraceActivity traceActivity)
   at GitHub.Services.Common.IssuedTokenProvider.GetTokenAsync(IssuedToken failedToken, CancellationToken cancellationToken)
   at GitHub.Services.Common.RawHttpMessageHandler.SendAsync(HttpRequestMessage request, CancellationToken cancellationToken)
[2025-12-14 23:23:50Z ERR  BrokerServer] #####################################################
[2025-12-14 23:23:50Z ERR  BrokerServer] System.Threading.Tasks.TaskCanceledException: A task was canceled.
   at GitHub.Services.Common.VssHttpRetryMessageHandler.SendAsync(HttpRequestMessage request, CancellationToken cancellationToken)
   at System.Net.Http.HttpClient.<SendAsync>g__Core|83_0(HttpRequestMessage request, HttpCompletionOption completionOption, CancellationTokenSource cts, Boolean disposeCts, CancellationTokenSource pendingRequestsCts, CancellationToken originalCancellationToken)
[2025-12-14 23:23:50Z WARN BrokerServer] Back off 14.758 seconds before next retry. 3 attempt left.
[2025-12-14 23:24:05Z INFO RSAEncryptedFileKeyManager] Loading RSA key parameters from file C:\Users\21265\user-management\actions-runner\.credentials_rsaparams
[2025-12-14 23:24:05Z WARN GitHubActionsService] Attempt 1 of POST request to https://tokenghub.actions.githubusercontent.com/_apis/oauth2/token/2457a419-b3a4-4944-b597-5d61a980a51a failed (Socket Error: ConnectionReset). The operation will be retried in 11.062 seconds.
[2025-12-14 23:24:17Z WARN GitHubActionsService] Attempt 2 of POST request to https://tokenghub.actions.githubusercontent.com/_apis/oauth2/token/2457a419-b3a4-4944-b597-5d61a980a51a failed (Socket Error: ConnectionReset). The operation will be retried in 13.273 seconds.
[2025-12-14 23:24:30Z WARN GitHubActionsService] Attempt 3 of POST request to https://tokenghub.actions.githubusercontent.com/_apis/oauth2/token/2457a419-b3a4-4944-b597-5d61a980a51a failed (Socket Error: ConnectionReset). The operation will be retried in 16.622 seconds.
[2025-12-14 23:24:47Z WARN GitHubActionsService] Attempt 4 of POST request to https://tokenghub.actions.githubusercontent.com/_apis/oauth2/token/2457a419-b3a4-4944-b597-5d61a980a51a failed (Socket Error: ConnectionReset). The operation will be retried in 26.23 seconds.
[2025-12-14 23:25:14Z WARN GitHubActionsService] Attempt 5 of POST request to https://tokenghub.actions.githubusercontent.com/_apis/oauth2/token/2457a419-b3a4-4944-b597-5d61a980a51a failed (Socket Error: ConnectionReset). The operation will be retried in 40.907 seconds.
[2025-12-14 23:25:45Z WARN GitHubActionsService] Retrieving an AAD auth token took a long time (100.0059215 seconds)
[2025-12-14 23:25:45Z WARN GitHubActionsService] GET request to https://broker.actions.githubusercontent.com/message?sessionId=f2d060ac-ef2b-461c-8dfd-3c63a76a15cb&status=Online&runnerVersion=2.329.0&os=Windows&architecture=X64&disableUpdate=false timed out after 100 seconds.
[2025-12-14 23:25:45Z ERR  BrokerServer] Catch exception during request
[2025-12-14 23:25:45Z ERR  BrokerServer] System.TimeoutException: The HTTP request timed out after 00:01:40.
 ---> System.Threading.Tasks.TaskCanceledException: A task was canceled.
 ---> System.Threading.Tasks.TaskCanceledException: A task was canceled.
   at GitHub.Services.Common.VssHttpRetryMessageHandler.SendAsync(HttpRequestMessage request, CancellationToken cancellationToken)
   at System.Net.Http.HttpClient.<SendAsync>g__Core|83_0(HttpRequestMessage request, HttpCompletionOption completionOption, CancellationTokenSource cts, Boolean disposeCts, CancellationTokenSource pendingRequestsCts, CancellationToken originalCancellationToken)
   --- End of inner exception stack trace ---
   at System.Net.Http.HttpClient.HandleFailure(Exception e, Boolean telemetryStarted, HttpResponseMessage response, CancellationTokenSource cts, CancellationToken cancellationToken, CancellationTokenSource pendingRequestsCts)
   at System.Net.Http.HttpClient.<SendAsync>g__Core|83_0(HttpRequestMessage request, HttpCompletionOption completionOption, CancellationTokenSource cts, Boolean disposeCts, CancellationTokenSource pendingRequestsCts, CancellationToken originalCancellationToken)
   at GitHub.Services.OAuth.VssOAuthTokenHttpClient.GetTokenAsync(VssOAuthGrant grant, VssOAuthClientCredential credential, VssOAuthTokenParameters tokenParameters, CancellationToken cancellationToken)
   at GitHub.Services.OAuth.VssOAuthTokenProvider.OnGetTokenAsync(IssuedToken failedToken, CancellationToken cancellationToken)
   at GitHub.Services.Common.IssuedTokenProvider.GetTokenOperation.GetTokenAsync(VssTraceActivity traceActivity)
   at GitHub.Services.Common.IssuedTokenProvider.GetTokenAsync(IssuedToken failedToken, CancellationToken cancellationToken)
   at GitHub.Services.Common.RawHttpMessageHandler.SendAsync(HttpRequestMessage request, CancellationToken cancellationToken)
   --- End of inner exception stack trace ---
   at GitHub.Services.Common.RawHttpMessageHandler.SendAsync(HttpRequestMessage request, CancellationToken cancellationToken)
   at GitHub.Services.Common.VssHttpRetryMessageHandler.SendAsync(HttpRequestMessage request, CancellationToken cancellationToken)
   at System.Net.Http.HttpClient.<SendAsync>g__Core|83_0(HttpRequestMessage request, HttpCompletionOption completionOption, CancellationTokenSource cts, Boolean disposeCts, CancellationTokenSource pendingRequestsCts, CancellationToken originalCancellationToken)
   at Sdk.WebApi.WebApi.RawHttpClientBase.SendAsync(HttpRequestMessage message, HttpCompletionOption completionOption, Object userState, CancellationToken cancellationToken)
   at Sdk.WebApi.WebApi.RawHttpClientBase.SendAsync[T](HttpRequestMessage message, Boolean readErrorBody, Object userState, CancellationToken cancellationToken)
   at Sdk.WebApi.WebApi.RawHttpClientBase.SendAsync[T](HttpMethod method, IEnumerable`1 additionalHeaders, Uri requestUri, HttpContent content, IEnumerable`1 queryParameters, Boolean readErrorBody, Object userState, CancellationToken cancellationToken)
   at GitHub.Actions.RunService.WebApi.BrokerHttpClient.GetRunnerMessageAsync(Nullable`1 sessionId, String runnerVersion, Nullable`1 status, String os, String architecture, Nullable`1 disableUpdate, CancellationToken cancellationToken)
   at GitHub.Runner.Common.BrokerServer.<>c__DisplayClass7_0.<<GetRunnerMessageAsync>b__0>d.MoveNext()
--- End of stack trace from previous location ---
   at GitHub.Runner.Common.RunnerService.RetryRequest[T](Func`1 func, CancellationToken cancellationToken, Int32 maxAttempts, Func`2 shouldRetry)
[2025-12-14 23:25:45Z ERR  BrokerServer] #####################################################
[2025-12-14 23:25:45Z ERR  BrokerServer] System.Threading.Tasks.TaskCanceledException: A task was canceled.
 ---> System.Threading.Tasks.TaskCanceledException: A task was canceled.
   at GitHub.Services.Common.VssHttpRetryMessageHandler.SendAsync(HttpRequestMessage request, CancellationToken cancellationToken)
   at System.Net.Http.HttpClient.<SendAsync>g__Core|83_0(HttpRequestMessage request, HttpCompletionOption completionOption, CancellationTokenSource cts, Boolean disposeCts, CancellationTokenSource pendingRequestsCts, CancellationToken originalCancellationToken)
   --- End of inner exception stack trace ---
   at System.Net.Http.HttpClient.HandleFailure(Exception e, Boolean telemetryStarted, HttpResponseMessage response, CancellationTokenSource cts, CancellationToken cancellationToken, CancellationTokenSource pendingRequestsCts)
   at System.Net.Http.HttpClient.<SendAsync>g__Core|83_0(HttpRequestMessage request, HttpCompletionOption completionOption, CancellationTokenSource cts, Boolean disposeCts, CancellationTokenSource pendingRequestsCts, CancellationToken originalCancellationToken)
   at GitHub.Services.OAuth.VssOAuthTokenHttpClient.GetTokenAsync(VssOAuthGrant grant, VssOAuthClientCredential credential, VssOAuthTokenParameters tokenParameters, CancellationToken cancellationToken)
   at GitHub.Services.OAuth.VssOAuthTokenProvider.OnGetTokenAsync(IssuedToken failedToken, CancellationToken cancellationToken)
   at GitHub.Services.Common.IssuedTokenProvider.GetTokenOperation.GetTokenAsync(VssTraceActivity traceActivity)
   at GitHub.Services.Common.IssuedTokenProvider.GetTokenAsync(IssuedToken failedToken, CancellationToken cancellationToken)
   at GitHub.Services.Common.RawHttpMessageHandler.SendAsync(HttpRequestMessage request, CancellationToken cancellationToken)
[2025-12-14 23:25:45Z ERR  BrokerServer] #####################################################
[2025-12-14 23:25:45Z ERR  BrokerServer] System.Threading.Tasks.TaskCanceledException: A task was canceled.
   at GitHub.Services.Common.VssHttpRetryMessageHandler.SendAsync(HttpRequestMessage request, CancellationToken cancellationToken)
   at System.Net.Http.HttpClient.<SendAsync>g__Core|83_0(HttpRequestMessage request, HttpCompletionOption completionOption, CancellationTokenSource cts, Boolean disposeCts, CancellationTokenSource pendingRequestsCts, CancellationToken originalCancellationToken)
[2025-12-14 23:25:45Z WARN BrokerServer] Back off 10.067 seconds before next retry. 2 attempt left.
[2025-12-14 23:25:55Z INFO RSAEncryptedFileKeyManager] Loading RSA key parameters from file C:\Users\21265\user-management\actions-runner\.credentials_rsaparams
[2025-12-14 23:25:55Z WARN GitHubActionsService] Attempt 1 of POST request to https://tokenghub.actions.githubusercontent.com/_apis/oauth2/token/2457a419-b3a4-4944-b597-5d61a980a51a failed (Socket Error: ConnectionReset). The operation will be retried in 10.963 seconds.
[2025-12-14 23:26:07Z WARN GitHubActionsService] Attempt 2 of POST request to https://tokenghub.actions.githubusercontent.com/_apis/oauth2/token/2457a419-b3a4-4944-b597-5d61a980a51a failed (Socket Error: ConnectionReset). The operation will be retried in 13.249 seconds.
[2025-12-14 23:26:20Z WARN GitHubActionsService] Attempt 3 of POST request to https://tokenghub.actions.githubusercontent.com/_apis/oauth2/token/2457a419-b3a4-4944-b597-5d61a980a51a failed (Socket Error: ConnectionReset). The operation will be retried in 17.896 seconds.
[2025-12-14 23:26:38Z WARN GitHubActionsService] Attempt 4 of POST request to https://tokenghub.actions.githubusercontent.com/_apis/oauth2/token/2457a419-b3a4-4944-b597-5d61a980a51a failed (Socket Error: ConnectionReset). The operation will be retried in 27.25 seconds.
[2025-12-14 23:27:06Z WARN GitHubActionsService] Attempt 5 of POST request to https://tokenghub.actions.githubusercontent.com/_apis/oauth2/token/2457a419-b3a4-4944-b597-5d61a980a51a failed (Socket Error: ConnectionReset). The operation will be retried in 45.402 seconds.
[2025-12-14 23:27:35Z WARN GitHubActionsService] Retrieving an AAD auth token took a long time (100.0130133 seconds)
[2025-12-14 23:27:35Z WARN GitHubActionsService] GET request to https://broker.actions.githubusercontent.com/message?sessionId=f2d060ac-ef2b-461c-8dfd-3c63a76a15cb&status=Online&runnerVersion=2.329.0&os=Windows&architecture=X64&disableUpdate=false timed out after 100 seconds.
[2025-12-14 23:27:35Z ERR  BrokerServer] Catch exception during request
[2025-12-14 23:27:35Z ERR  BrokerServer] System.TimeoutException: The HTTP request timed out after 00:01:40.
 ---> System.Threading.Tasks.TaskCanceledException: The request was canceled due to the configured HttpClient.Timeout of 100 seconds elapsing.
 ---> System.TimeoutException: A task was canceled.
 ---> System.Threading.Tasks.TaskCanceledException: A task was canceled.
   at GitHub.Services.Common.VssHttpRetryMessageHandler.SendAsync(HttpRequestMessage request, CancellationToken cancellationToken)
   at System.Net.Http.HttpClient.<SendAsync>g__Core|83_0(HttpRequestMessage request, HttpCompletionOption completionOption, CancellationTokenSource cts, Boolean disposeCts, CancellationTokenSource pendingRequestsCts, CancellationToken originalCancellationToken)
   --- End of inner exception stack trace ---
   --- End of inner exception stack trace ---
   at System.Net.Http.HttpClient.HandleFailure(Exception e, Boolean telemetryStarted, HttpResponseMessage response, CancellationTokenSource cts, CancellationToken cancellationToken, CancellationTokenSource pendingRequestsCts)
   at System.Net.Http.HttpClient.<SendAsync>g__Core|83_0(HttpRequestMessage request, HttpCompletionOption completionOption, CancellationTokenSource cts, Boolean disposeCts, CancellationTokenSource pendingRequestsCts, CancellationToken originalCancellationToken)
   at GitHub.Services.OAuth.VssOAuthTokenHttpClient.GetTokenAsync(VssOAuthGrant grant, VssOAuthClientCredential credential, VssOAuthTokenParameters tokenParameters, CancellationToken cancellationToken)
   at GitHub.Services.OAuth.VssOAuthTokenProvider.OnGetTokenAsync(IssuedToken failedToken, CancellationToken cancellationToken)
   at GitHub.Services.Common.IssuedTokenProvider.GetTokenOperation.GetTokenAsync(VssTraceActivity traceActivity)
   at GitHub.Services.Common.IssuedTokenProvider.GetTokenAsync(IssuedToken failedToken, CancellationToken cancellationToken)
   at GitHub.Services.Common.RawHttpMessageHandler.SendAsync(HttpRequestMessage request, CancellationToken cancellationToken)
   --- End of inner exception stack trace ---
   at GitHub.Services.Common.RawHttpMessageHandler.SendAsync(HttpRequestMessage request, CancellationToken cancellationToken)
   at GitHub.Services.Common.VssHttpRetryMessageHandler.SendAsync(HttpRequestMessage request, CancellationToken cancellationToken)
   at System.Net.Http.HttpClient.<SendAsync>g__Core|83_0(HttpRequestMessage request, HttpCompletionOption completionOption, CancellationTokenSource cts, Boolean disposeCts, CancellationTokenSource pendingRequestsCts, CancellationToken originalCancellationToken)
   at Sdk.WebApi.WebApi.RawHttpClientBase.SendAsync(HttpRequestMessage message, HttpCompletionOption completionOption, Object userState, CancellationToken cancellationToken)
   at Sdk.WebApi.WebApi.RawHttpClientBase.SendAsync[T](HttpRequestMessage message, Boolean readErrorBody, Object userState, CancellationToken cancellationToken)
   at Sdk.WebApi.WebApi.RawHttpClientBase.SendAsync[T](HttpMethod method, IEnumerable`1 additionalHeaders, Uri requestUri, HttpContent content, IEnumerable`1 queryParameters, Boolean readErrorBody, Object userState, CancellationToken cancellationToken)
   at GitHub.Actions.RunService.WebApi.BrokerHttpClient.GetRunnerMessageAsync(Nullable`1 sessionId, String runnerVersion, Nullable`1 status, String os, String architecture, Nullable`1 disableUpdate, CancellationToken cancellationToken)
   at GitHub.Runner.Common.BrokerServer.<>c__DisplayClass7_0.<<GetRunnerMessageAsync>b__0>d.MoveNext()
--- End of stack trace from previous location ---
   at GitHub.Runner.Common.RunnerService.RetryRequest[T](Func`1 func, CancellationToken cancellationToken, Int32 maxAttempts, Func`2 shouldRetry)
[2025-12-14 23:27:35Z ERR  BrokerServer] #####################################################
[2025-12-14 23:27:35Z ERR  BrokerServer] System.Threading.Tasks.TaskCanceledException: The request was canceled due to the configured HttpClient.Timeout of 100 seconds elapsing.
 ---> System.TimeoutException: A task was canceled.
 ---> System.Threading.Tasks.TaskCanceledException: A task was canceled.
   at GitHub.Services.Common.VssHttpRetryMessageHandler.SendAsync(HttpRequestMessage request, CancellationToken cancellationToken)
   at System.Net.Http.HttpClient.<SendAsync>g__Core|83_0(HttpRequestMessage request, HttpCompletionOption completionOption, CancellationTokenSource cts, Boolean disposeCts, CancellationTokenSource pendingRequestsCts, CancellationToken originalCancellationToken)
   --- End of inner exception stack trace ---
   --- End of inner exception stack trace ---
   at System.Net.Http.HttpClient.HandleFailure(Exception e, Boolean telemetryStarted, HttpResponseMessage response, CancellationTokenSource cts, CancellationToken cancellationToken, CancellationTokenSource pendingRequestsCts)
   at System.Net.Http.HttpClient.<SendAsync>g__Core|83_0(HttpRequestMessage request, HttpCompletionOption completionOption, CancellationTokenSource cts, Boolean disposeCts, CancellationTokenSource pendingRequestsCts, CancellationToken originalCancellationToken)
   at GitHub.Services.OAuth.VssOAuthTokenHttpClient.GetTokenAsync(VssOAuthGrant grant, VssOAuthClientCredential credential, VssOAuthTokenParameters tokenParameters, CancellationToken cancellationToken)
   at GitHub.Services.OAuth.VssOAuthTokenProvider.OnGetTokenAsync(IssuedToken failedToken, CancellationToken cancellationToken)
   at GitHub.Services.Common.IssuedTokenProvider.GetTokenOperation.GetTokenAsync(VssTraceActivity traceActivity)
   at GitHub.Services.Common.IssuedTokenProvider.GetTokenAsync(IssuedToken failedToken, CancellationToken cancellationToken)
   at GitHub.Services.Common.RawHttpMessageHandler.SendAsync(HttpRequestMessage request, CancellationToken cancellationToken)
[2025-12-14 23:27:35Z ERR  BrokerServer] #####################################################
[2025-12-14 23:27:35Z ERR  BrokerServer] System.TimeoutException: A task was canceled.
 ---> System.Threading.Tasks.TaskCanceledException: A task was canceled.
   at GitHub.Services.Common.VssHttpRetryMessageHandler.SendAsync(HttpRequestMessage request, CancellationToken cancellationToken)
   at System.Net.Http.HttpClient.<SendAsync>g__Core|83_0(HttpRequestMessage request, HttpCompletionOption completionOption, CancellationTokenSource cts, Boolean disposeCts, CancellationTokenSource pendingRequestsCts, CancellationToken originalCancellationToken)
   --- End of inner exception stack trace ---
[2025-12-14 23:27:35Z ERR  BrokerServer] #####################################################
[2025-12-14 23:27:35Z ERR  BrokerServer] System.Threading.Tasks.TaskCanceledException: A task was canceled.
   at GitHub.Services.Common.VssHttpRetryMessageHandler.SendAsync(HttpRequestMessage request, CancellationToken cancellationToken)
   at System.Net.Http.HttpClient.<SendAsync>g__Core|83_0(HttpRequestMessage request, HttpCompletionOption completionOption, CancellationTokenSource cts, Boolean disposeCts, CancellationTokenSource pendingRequestsCts, CancellationToken originalCancellationToken)
[2025-12-14 23:27:35Z WARN BrokerServer] Back off 14.644 seconds before next retry. 1 attempt left.
[2025-12-14 23:27:50Z INFO RSAEncryptedFileKeyManager] Loading RSA key parameters from file C:\Users\21265\user-management\actions-runner\.credentials_rsaparams
[2025-12-14 23:27:50Z WARN GitHubActionsService] Attempt 1 of POST request to https://tokenghub.actions.githubusercontent.com/_apis/oauth2/token/2457a419-b3a4-4944-b597-5d61a980a51a failed (Socket Error: ConnectionReset). The operation will be retried in 10.835 seconds.
[2025-12-14 23:28:01Z WARN GitHubActionsService] Attempt 2 of POST request to https://tokenghub.actions.githubusercontent.com/_apis/oauth2/token/2457a419-b3a4-4944-b597-5d61a980a51a failed (Socket Error: ConnectionReset). The operation will be retried in 13.12 seconds.
[2025-12-14 23:28:15Z WARN GitHubActionsService] Attempt 3 of POST request to https://tokenghub.actions.githubusercontent.com/_apis/oauth2/token/2457a419-b3a4-4944-b597-5d61a980a51a failed (Socket Error: ConnectionReset). The operation will be retried in 17.49 seconds.
[2025-12-14 23:28:33Z WARN GitHubActionsService] Attempt 4 of POST request to https://tokenghub.actions.githubusercontent.com/_apis/oauth2/token/2457a419-b3a4-4944-b597-5d61a980a51a failed (Socket Error: ConnectionReset). The operation will be retried in 27.55 seconds.
[2025-12-14 23:29:00Z WARN GitHubActionsService] Attempt 5 of POST request to https://tokenghub.actions.githubusercontent.com/_apis/oauth2/token/2457a419-b3a4-4944-b597-5d61a980a51a failed (Socket Error: ConnectionReset). The operation will be retried in 36.722 seconds.
[2025-12-14 23:29:30Z WARN GitHubActionsService] Retrieving an AAD auth token took a long time (100.0027683 seconds)
[2025-12-14 23:29:30Z WARN GitHubActionsService] GET request to https://broker.actions.githubusercontent.com/message?sessionId=f2d060ac-ef2b-461c-8dfd-3c63a76a15cb&status=Online&runnerVersion=2.329.0&os=Windows&architecture=X64&disableUpdate=false timed out after 100 seconds.
[2025-12-14 23:29:30Z ERR  BrokerMessageListener] Catch exception during get next message.
[2025-12-14 23:29:30Z ERR  BrokerMessageListener] System.TimeoutException: The HTTP request timed out after 00:01:40.
 ---> System.Threading.Tasks.TaskCanceledException: A task was canceled.
 ---> System.Threading.Tasks.TaskCanceledException: A task was canceled.
   at GitHub.Services.Common.VssHttpRetryMessageHandler.SendAsync(HttpRequestMessage request, CancellationToken cancellationToken)
   at System.Net.Http.HttpClient.<SendAsync>g__Core|83_0(HttpRequestMessage request, HttpCompletionOption completionOption, CancellationTokenSource cts, Boolean disposeCts, CancellationTokenSource pendingRequestsCts, CancellationToken originalCancellationToken)
   --- End of inner exception stack trace ---
   at System.Net.Http.HttpClient.HandleFailure(Exception e, Boolean telemetryStarted, HttpResponseMessage response, CancellationTokenSource cts, CancellationToken cancellationToken, CancellationTokenSource pendingRequestsCts)
   at System.Net.Http.HttpClient.<SendAsync>g__Core|83_0(HttpRequestMessage request, HttpCompletionOption completionOption, CancellationTokenSource cts, Boolean disposeCts, CancellationTokenSource pendingRequestsCts, CancellationToken originalCancellationToken)
   at GitHub.Services.OAuth.VssOAuthTokenHttpClient.GetTokenAsync(VssOAuthGrant grant, VssOAuthClientCredential credential, VssOAuthTokenParameters tokenParameters, CancellationToken cancellationToken)
   at GitHub.Services.OAuth.VssOAuthTokenProvider.OnGetTokenAsync(IssuedToken failedToken, CancellationToken cancellationToken)
   at GitHub.Services.Common.IssuedTokenProvider.GetTokenOperation.GetTokenAsync(VssTraceActivity traceActivity)
   at GitHub.Services.Common.IssuedTokenProvider.GetTokenAsync(IssuedToken failedToken, CancellationToken cancellationToken)
   at GitHub.Services.Common.RawHttpMessageHandler.SendAsync(HttpRequestMessage request, CancellationToken cancellationToken)
   --- End of inner exception stack trace ---
   at GitHub.Services.Common.RawHttpMessageHandler.SendAsync(HttpRequestMessage request, CancellationToken cancellationToken)
   at GitHub.Services.Common.VssHttpRetryMessageHandler.SendAsync(HttpRequestMessage request, CancellationToken cancellationToken)
   at System.Net.Http.HttpClient.<SendAsync>g__Core|83_0(HttpRequestMessage request, HttpCompletionOption completionOption, CancellationTokenSource cts, Boolean disposeCts, CancellationTokenSource pendingRequestsCts, CancellationToken originalCancellationToken)
   at Sdk.WebApi.WebApi.RawHttpClientBase.SendAsync(HttpRequestMessage message, HttpCompletionOption completionOption, Object userState, CancellationToken cancellationToken)
   at Sdk.WebApi.WebApi.RawHttpClientBase.SendAsync[T](HttpRequestMessage message, Boolean readErrorBody, Object userState, CancellationToken cancellationToken)
   at Sdk.WebApi.WebApi.RawHttpClientBase.SendAsync[T](HttpMethod method, IEnumerable`1 additionalHeaders, Uri requestUri, HttpContent content, IEnumerable`1 queryParameters, Boolean readErrorBody, Object userState, CancellationToken cancellationToken)
   at GitHub.Actions.RunService.WebApi.BrokerHttpClient.GetRunnerMessageAsync(Nullable`1 sessionId, String runnerVersion, Nullable`1 status, String os, String architecture, Nullable`1 disableUpdate, CancellationToken cancellationToken)
   at GitHub.Runner.Common.BrokerServer.<>c__DisplayClass7_0.<<GetRunnerMessageAsync>b__0>d.MoveNext()
--- End of stack trace from previous location ---
   at GitHub.Runner.Common.RunnerService.RetryRequest[T](Func`1 func, CancellationToken cancellationToken, Int32 maxAttempts, Func`2 shouldRetry)
   at GitHub.Runner.Listener.BrokerMessageListener.GetNextMessageAsync(CancellationToken token)
[2025-12-14 23:29:30Z ERR  BrokerMessageListener] #####################################################
[2025-12-14 23:29:30Z ERR  BrokerMessageListener] System.Threading.Tasks.TaskCanceledException: A task was canceled.
 ---> System.Threading.Tasks.TaskCanceledException: A task was canceled.
   at GitHub.Services.Common.VssHttpRetryMessageHandler.SendAsync(HttpRequestMessage request, CancellationToken cancellationToken)
   at System.Net.Http.HttpClient.<SendAsync>g__Core|83_0(HttpRequestMessage request, HttpCompletionOption completionOption, CancellationTokenSource cts, Boolean disposeCts, CancellationTokenSource pendingRequestsCts, CancellationToken originalCancellationToken)
   --- End of inner exception stack trace ---
   at System.Net.Http.HttpClient.HandleFailure(Exception e, Boolean telemetryStarted, HttpResponseMessage response, CancellationTokenSource cts, CancellationToken cancellationToken, CancellationTokenSource pendingRequestsCts)
   at System.Net.Http.HttpClient.<SendAsync>g__Core|83_0(HttpRequestMessage request, HttpCompletionOption completionOption, CancellationTokenSource cts, Boolean disposeCts, CancellationTokenSource pendingRequestsCts, CancellationToken originalCancellationToken)
   at GitHub.Services.OAuth.VssOAuthTokenHttpClient.GetTokenAsync(VssOAuthGrant grant, VssOAuthClientCredential credential, VssOAuthTokenParameters tokenParameters, CancellationToken cancellationToken)
   at GitHub.Services.OAuth.VssOAuthTokenProvider.OnGetTokenAsync(IssuedToken failedToken, CancellationToken cancellationToken)
   at GitHub.Services.Common.IssuedTokenProvider.GetTokenOperation.GetTokenAsync(VssTraceActivity traceActivity)
   at GitHub.Services.Common.IssuedTokenProvider.GetTokenAsync(IssuedToken failedToken, CancellationToken cancellationToken)
   at GitHub.Services.Common.RawHttpMessageHandler.SendAsync(HttpRequestMessage request, CancellationToken cancellationToken)
[2025-12-14 23:29:30Z ERR  BrokerMessageListener] #####################################################
[2025-12-14 23:29:30Z ERR  BrokerMessageListener] System.Threading.Tasks.TaskCanceledException: A task was canceled.
   at GitHub.Services.Common.VssHttpRetryMessageHandler.SendAsync(HttpRequestMessage request, CancellationToken cancellationToken)
   at System.Net.Http.HttpClient.<SendAsync>g__Core|83_0(HttpRequestMessage request, HttpCompletionOption completionOption, CancellationTokenSource cts, Boolean disposeCts, CancellationTokenSource pendingRequestsCts, CancellationToken originalCancellationToken)
[2025-12-14 23:29:30Z INFO BrokerMessageListener] Retriable exception: The HTTP request timed out after 00:01:40.
[2025-12-14 23:29:30Z INFO BrokerMessageListener] Reload credentials.
[2025-12-14 23:29:30Z INFO ConfigurationStore] HasCredentials()
[2025-12-14 23:29:30Z INFO ConfigurationStore] stored True
[2025-12-14 23:29:30Z INFO CredentialManager] GetCredentialProvider
[2025-12-14 23:29:30Z INFO CredentialManager] Creating type OAuth
[2025-12-14 23:29:30Z INFO CredentialManager] Creating credential type: OAuth
[2025-12-14 23:29:30Z INFO RSAEncryptedFileKeyManager] Loading RSA key parameters from file C:\Users\21265\user-management\actions-runner\.credentials_rsaparams
[2025-12-14 23:29:30Z INFO BrokerMessageListener] Connection to Broker Server recreated.
[2025-12-14 23:29:30Z INFO BrokerMessageListener] Sleeping for 28.273 seconds before retrying.
[2025-12-14 23:29:58Z INFO BrokerMessageListener] No message retrieved within last 30 minutes.
[2025-12-14 23:29:58Z INFO RSAEncryptedFileKeyManager] Loading RSA key parameters from file C:\Users\21265\user-management\actions-runner\.credentials_rsaparams
[2025-12-14 23:29:58Z INFO RSAEncryptedFileKeyManager] Loading RSA key parameters from file C:\Users\21265\user-management\actions-runner\.credentials_rsaparams
[2025-12-14 23:29:58Z WARN GitHubActionsService] Attempt 1 of POST request to https://tokenghub.actions.githubusercontent.com/_apis/oauth2/token/2457a419-b3a4-4944-b597-5d61a980a51a failed (Socket Error: ConnectionReset). The operation will be retried in 10.803 seconds.
[2025-12-14 23:30:09Z WARN GitHubActionsService] Attempt 2 of POST request to https://tokenghub.actions.githubusercontent.com/_apis/oauth2/token/2457a419-b3a4-4944-b597-5d61a980a51a failed (Socket Error: ConnectionReset). The operation will be retried in 13.282 seconds.
[2025-12-14 23:30:23Z WARN GitHubActionsService] Attempt 3 of POST request to https://tokenghub.actions.githubusercontent.com/_apis/oauth2/token/2457a419-b3a4-4944-b597-5d61a980a51a failed (Socket Error: ConnectionReset). The operation will be retried in 16.727 seconds.
[2025-12-14 23:30:40Z WARN GitHubActionsService] Attempt 4 of POST request to https://tokenghub.actions.githubusercontent.com/_apis/oauth2/token/2457a419-b3a4-4944-b597-5d61a980a51a failed (Socket Error: ConnectionReset). The operation will be retried in 27.73 seconds.
[2025-12-14 23:31:08Z WARN GitHubActionsService] Attempt 5 of POST request to https://tokenghub.actions.githubusercontent.com/_apis/oauth2/token/2457a419-b3a4-4944-b597-5d61a980a51a failed (Socket Error: ConnectionReset). The operation will be retried in 42.581 seconds.
[2025-12-14 23:31:38Z WARN GitHubActionsService] Retrieving an AAD auth token took a long time (100.016286 seconds)
[2025-12-14 23:31:38Z WARN GitHubActionsService] GET request to https://broker.actions.githubusercontent.com/message?sessionId=f2d060ac-ef2b-461c-8dfd-3c63a76a15cb&status=Online&runnerVersion=2.329.0&os=Windows&architecture=X64&disableUpdate=false timed out after 100 seconds.
[2025-12-14 23:31:38Z ERR  BrokerServer] Catch exception during request
[2025-12-14 23:31:38Z ERR  BrokerServer] System.TimeoutException: The HTTP request timed out after 00:01:40.
 ---> System.Threading.Tasks.TaskCanceledException: A task was canceled.
 ---> System.Threading.Tasks.TaskCanceledException: A task was canceled.
   at GitHub.Services.Common.VssHttpRetryMessageHandler.SendAsync(HttpRequestMessage request, CancellationToken cancellationToken)
   at System.Net.Http.HttpClient.<SendAsync>g__Core|83_0(HttpRequestMessage request, HttpCompletionOption completionOption, CancellationTokenSource cts, Boolean disposeCts, CancellationTokenSource pendingRequestsCts, CancellationToken originalCancellationToken)
   --- End of inner exception stack trace ---
   at System.Net.Http.HttpClient.HandleFailure(Exception e, Boolean telemetryStarted, HttpResponseMessage response, CancellationTokenSource cts, CancellationToken cancellationToken, CancellationTokenSource pendingRequestsCts)
   at System.Net.Http.HttpClient.<SendAsync>g__Core|83_0(HttpRequestMessage request, HttpCompletionOption completionOption, CancellationTokenSource cts, Boolean disposeCts, CancellationTokenSource pendingRequestsCts, CancellationToken originalCancellationToken)
   at GitHub.Services.OAuth.VssOAuthTokenHttpClient.GetTokenAsync(VssOAuthGrant grant, VssOAuthClientCredential credential, VssOAuthTokenParameters tokenParameters, CancellationToken cancellationToken)
   at GitHub.Services.OAuth.VssOAuthTokenProvider.OnGetTokenAsync(IssuedToken failedToken, CancellationToken cancellationToken)
   at GitHub.Services.Common.IssuedTokenProvider.GetTokenOperation.GetTokenAsync(VssTraceActivity traceActivity)
   at GitHub.Services.Common.IssuedTokenProvider.GetTokenAsync(IssuedToken failedToken, CancellationToken cancellationToken)
   at GitHub.Services.Common.RawHttpMessageHandler.SendAsync(HttpRequestMessage request, CancellationToken cancellationToken)
   --- End of inner exception stack trace ---
   at GitHub.Services.Common.RawHttpMessageHandler.SendAsync(HttpRequestMessage request, CancellationToken cancellationToken)
   at GitHub.Services.Common.VssHttpRetryMessageHandler.SendAsync(HttpRequestMessage request, CancellationToken cancellationToken)
   at System.Net.Http.HttpClient.<SendAsync>g__Core|83_0(HttpRequestMessage request, HttpCompletionOption completionOption, CancellationTokenSource cts, Boolean disposeCts, CancellationTokenSource pendingRequestsCts, CancellationToken originalCancellationToken)
   at Sdk.WebApi.WebApi.RawHttpClientBase.SendAsync(HttpRequestMessage message, HttpCompletionOption completionOption, Object userState, CancellationToken cancellationToken)
   at Sdk.WebApi.WebApi.RawHttpClientBase.SendAsync[T](HttpRequestMessage message, Boolean readErrorBody, Object userState, CancellationToken cancellationToken)
   at Sdk.WebApi.WebApi.RawHttpClientBase.SendAsync[T](HttpMethod method, IEnumerable`1 additionalHeaders, Uri requestUri, HttpContent content, IEnumerable`1 queryParameters, Boolean readErrorBody, Object userState, CancellationToken cancellationToken)
   at GitHub.Actions.RunService.WebApi.BrokerHttpClient.GetRunnerMessageAsync(Nullable`1 sessionId, String runnerVersion, Nullable`1 status, String os, String architecture, Nullable`1 disableUpdate, CancellationToken cancellationToken)
   at GitHub.Runner.Common.BrokerServer.<>c__DisplayClass7_0.<<GetRunnerMessageAsync>b__0>d.MoveNext()
--- End of stack trace from previous location ---
   at GitHub.Runner.Common.RunnerService.RetryRequest[T](Func`1 func, CancellationToken cancellationToken, Int32 maxAttempts, Func`2 shouldRetry)
[2025-12-14 23:31:38Z ERR  BrokerServer] #####################################################
[2025-12-14 23:31:38Z ERR  BrokerServer] System.Threading.Tasks.TaskCanceledException: A task was canceled.
 ---> System.Threading.Tasks.TaskCanceledException: A task was canceled.
   at GitHub.Services.Common.VssHttpRetryMessageHandler.SendAsync(HttpRequestMessage request, CancellationToken cancellationToken)
   at System.Net.Http.HttpClient.<SendAsync>g__Core|83_0(HttpRequestMessage request, HttpCompletionOption completionOption, CancellationTokenSource cts, Boolean disposeCts, CancellationTokenSource pendingRequestsCts, CancellationToken originalCancellationToken)
   --- End of inner exception stack trace ---
   at System.Net.Http.HttpClient.HandleFailure(Exception e, Boolean telemetryStarted, HttpResponseMessage response, CancellationTokenSource cts, CancellationToken cancellationToken, CancellationTokenSource pendingRequestsCts)
   at System.Net.Http.HttpClient.<SendAsync>g__Core|83_0(HttpRequestMessage request, HttpCompletionOption completionOption, CancellationTokenSource cts, Boolean disposeCts, CancellationTokenSource pendingRequestsCts, CancellationToken originalCancellationToken)
   at GitHub.Services.OAuth.VssOAuthTokenHttpClient.GetTokenAsync(VssOAuthGrant grant, VssOAuthClientCredential credential, VssOAuthTokenParameters tokenParameters, CancellationToken cancellationToken)
   at GitHub.Services.OAuth.VssOAuthTokenProvider.OnGetTokenAsync(IssuedToken failedToken, CancellationToken cancellationToken)
   at GitHub.Services.Common.IssuedTokenProvider.GetTokenOperation.GetTokenAsync(VssTraceActivity traceActivity)
   at GitHub.Services.Common.IssuedTokenProvider.GetTokenAsync(IssuedToken failedToken, CancellationToken cancellationToken)
   at GitHub.Services.Common.RawHttpMessageHandler.SendAsync(HttpRequestMessage request, CancellationToken cancellationToken)
[2025-12-14 23:31:38Z ERR  BrokerServer] #####################################################
[2025-12-14 23:31:38Z ERR  BrokerServer] System.Threading.Tasks.TaskCanceledException: A task was canceled.
   at GitHub.Services.Common.VssHttpRetryMessageHandler.SendAsync(HttpRequestMessage request, CancellationToken cancellationToken)
   at System.Net.Http.HttpClient.<SendAsync>g__Core|83_0(HttpRequestMessage request, HttpCompletionOption completionOption, CancellationTokenSource cts, Boolean disposeCts, CancellationTokenSource pendingRequestsCts, CancellationToken originalCancellationToken)
[2025-12-14 23:31:38Z WARN BrokerServer] Back off 12.679 seconds before next retry. 4 attempt left.
[2025-12-14 23:31:51Z INFO RSAEncryptedFileKeyManager] Loading RSA key parameters from file C:\Users\21265\user-management\actions-runner\.credentials_rsaparams
[2025-12-14 23:31:51Z WARN GitHubActionsService] Attempt 1 of POST request to https://tokenghub.actions.githubusercontent.com/_apis/oauth2/token/2457a419-b3a4-4944-b597-5d61a980a51a failed (Socket Error: ConnectionReset). The operation will be retried in 10.886 seconds.
[2025-12-14 23:32:02Z WARN GitHubActionsService] Attempt 2 of POST request to https://tokenghub.actions.githubusercontent.com/_apis/oauth2/token/2457a419-b3a4-4944-b597-5d61a980a51a failed (Socket Error: ConnectionReset). The operation will be retried in 13.279 seconds.
[2025-12-14 23:32:16Z WARN GitHubActionsService] Attempt 3 of POST request to https://tokenghub.actions.githubusercontent.com/_apis/oauth2/token/2457a419-b3a4-4944-b597-5d61a980a51a failed (Socket Error: ConnectionReset). The operation will be retried in 16.559 seconds.
[2025-12-14 23:32:33Z WARN GitHubActionsService] Attempt 4 of POST request to https://tokenghub.actions.githubusercontent.com/_apis/oauth2/token/2457a419-b3a4-4944-b597-5d61a980a51a failed (Socket Error: ConnectionReset). The operation will be retried in 26.845 seconds.
[2025-12-14 23:33:00Z WARN GitHubActionsService] Attempt 5 of POST request to https://tokenghub.actions.githubusercontent.com/_apis/oauth2/token/2457a419-b3a4-4944-b597-5d61a980a51a failed (Socket Error: ConnectionReset). The operation will be retried in 37.497 seconds.
[2025-12-14 23:33:31Z WARN GitHubActionsService] Retrieving an AAD auth token took a long time (100.01337 seconds)
[2025-12-14 23:33:31Z WARN GitHubActionsService] GET request to https://broker.actions.githubusercontent.com/message?sessionId=f2d060ac-ef2b-461c-8dfd-3c63a76a15cb&status=Online&runnerVersion=2.329.0&os=Windows&architecture=X64&disableUpdate=false timed out after 100 seconds.
[2025-12-14 23:33:31Z ERR  BrokerServer] Catch exception during request
[2025-12-14 23:33:31Z ERR  BrokerServer] System.TimeoutException: The HTTP request timed out after 00:01:40.
 ---> System.Threading.Tasks.TaskCanceledException: The request was canceled due to the configured HttpClient.Timeout of 100 seconds elapsing.
 ---> System.TimeoutException: A task was canceled.
 ---> System.Threading.Tasks.TaskCanceledException: A task was canceled.
   at GitHub.Services.Common.VssHttpRetryMessageHandler.SendAsync(HttpRequestMessage request, CancellationToken cancellationToken)
   at System.Net.Http.HttpClient.<SendAsync>g__Core|83_0(HttpRequestMessage request, HttpCompletionOption completionOption, CancellationTokenSource cts, Boolean disposeCts, CancellationTokenSource pendingRequestsCts, CancellationToken originalCancellationToken)
   --- End of inner exception stack trace ---
   --- End of inner exception stack trace ---
   at System.Net.Http.HttpClient.HandleFailure(Exception e, Boolean telemetryStarted, HttpResponseMessage response, CancellationTokenSource cts, CancellationToken cancellationToken, CancellationTokenSource pendingRequestsCts)
   at System.Net.Http.HttpClient.<SendAsync>g__Core|83_0(HttpRequestMessage request, HttpCompletionOption completionOption, CancellationTokenSource cts, Boolean disposeCts, CancellationTokenSource pendingRequestsCts, CancellationToken originalCancellationToken)
   at GitHub.Services.OAuth.VssOAuthTokenHttpClient.GetTokenAsync(VssOAuthGrant grant, VssOAuthClientCredential credential, VssOAuthTokenParameters tokenParameters, CancellationToken cancellationToken)
   at GitHub.Services.OAuth.VssOAuthTokenProvider.OnGetTokenAsync(IssuedToken failedToken, CancellationToken cancellationToken)
   at GitHub.Services.Common.IssuedTokenProvider.GetTokenOperation.GetTokenAsync(VssTraceActivity traceActivity)
   at GitHub.Services.Common.IssuedTokenProvider.GetTokenAsync(IssuedToken failedToken, CancellationToken cancellationToken)
   at GitHub.Services.Common.RawHttpMessageHandler.SendAsync(HttpRequestMessage request, CancellationToken cancellationToken)
   --- End of inner exception stack trace ---
   at GitHub.Services.Common.RawHttpMessageHandler.SendAsync(HttpRequestMessage request, CancellationToken cancellationToken)
   at GitHub.Services.Common.VssHttpRetryMessageHandler.SendAsync(HttpRequestMessage request, CancellationToken cancellationToken)
   at System.Net.Http.HttpClient.<SendAsync>g__Core|83_0(HttpRequestMessage request, HttpCompletionOption completionOption, CancellationTokenSource cts, Boolean disposeCts, CancellationTokenSource pendingRequestsCts, CancellationToken originalCancellationToken)
   at Sdk.WebApi.WebApi.RawHttpClientBase.SendAsync(HttpRequestMessage message, HttpCompletionOption completionOption, Object userState, CancellationToken cancellationToken)
   at Sdk.WebApi.WebApi.RawHttpClientBase.SendAsync[T](HttpRequestMessage message, Boolean readErrorBody, Object userState, CancellationToken cancellationToken)
   at Sdk.WebApi.WebApi.RawHttpClientBase.SendAsync[T](HttpMethod method, IEnumerable`1 additionalHeaders, Uri requestUri, HttpContent content, IEnumerable`1 queryParameters, Boolean readErrorBody, Object userState, CancellationToken cancellationToken)
   at GitHub.Actions.RunService.WebApi.BrokerHttpClient.GetRunnerMessageAsync(Nullable`1 sessionId, String runnerVersion, Nullable`1 status, String os, String architecture, Nullable`1 disableUpdate, CancellationToken cancellationToken)
   at GitHub.Runner.Common.BrokerServer.<>c__DisplayClass7_0.<<GetRunnerMessageAsync>b__0>d.MoveNext()
--- End of stack trace from previous location ---
   at GitHub.Runner.Common.RunnerService.RetryRequest[T](Func`1 func, CancellationToken cancellationToken, Int32 maxAttempts, Func`2 shouldRetry)
[2025-12-14 23:33:31Z ERR  BrokerServer] #####################################################
[2025-12-14 23:33:31Z ERR  BrokerServer] System.Threading.Tasks.TaskCanceledException: The request was canceled due to the configured HttpClient.Timeout of 100 seconds elapsing.
 ---> System.TimeoutException: A task was canceled.
 ---> System.Threading.Tasks.TaskCanceledException: A task was canceled.
   at GitHub.Services.Common.VssHttpRetryMessageHandler.SendAsync(HttpRequestMessage request, CancellationToken cancellationToken)
   at System.Net.Http.HttpClient.<SendAsync>g__Core|83_0(HttpRequestMessage request, HttpCompletionOption completionOption, CancellationTokenSource cts, Boolean disposeCts, CancellationTokenSource pendingRequestsCts, CancellationToken originalCancellationToken)
   --- End of inner exception stack trace ---
   --- End of inner exception stack trace ---
   at System.Net.Http.HttpClient.HandleFailure(Exception e, Boolean telemetryStarted, HttpResponseMessage response, CancellationTokenSource cts, CancellationToken cancellationToken, CancellationTokenSource pendingRequestsCts)
   at System.Net.Http.HttpClient.<SendAsync>g__Core|83_0(HttpRequestMessage request, HttpCompletionOption completionOption, CancellationTokenSource cts, Boolean disposeCts, CancellationTokenSource pendingRequestsCts, CancellationToken originalCancellationToken)
   at GitHub.Services.OAuth.VssOAuthTokenHttpClient.GetTokenAsync(VssOAuthGrant grant, VssOAuthClientCredential credential, VssOAuthTokenParameters tokenParameters, CancellationToken cancellationToken)
   at GitHub.Services.OAuth.VssOAuthTokenProvider.OnGetTokenAsync(IssuedToken failedToken, CancellationToken cancellationToken)
   at GitHub.Services.Common.IssuedTokenProvider.GetTokenOperation.GetTokenAsync(VssTraceActivity traceActivity)
   at GitHub.Services.Common.IssuedTokenProvider.GetTokenAsync(IssuedToken failedToken, CancellationToken cancellationToken)
   at GitHub.Services.Common.RawHttpMessageHandler.SendAsync(HttpRequestMessage request, CancellationToken cancellationToken)
[2025-12-14 23:33:31Z ERR  BrokerServer] #####################################################
[2025-12-14 23:33:31Z ERR  BrokerServer] System.TimeoutException: A task was canceled.
 ---> System.Threading.Tasks.TaskCanceledException: A task was canceled.
   at GitHub.Services.Common.VssHttpRetryMessageHandler.SendAsync(HttpRequestMessage request, CancellationToken cancellationToken)
   at System.Net.Http.HttpClient.<SendAsync>g__Core|83_0(HttpRequestMessage request, HttpCompletionOption completionOption, CancellationTokenSource cts, Boolean disposeCts, CancellationTokenSource pendingRequestsCts, CancellationToken originalCancellationToken)
   --- End of inner exception stack trace ---
[2025-12-14 23:33:31Z ERR  BrokerServer] #####################################################
[2025-12-14 23:33:31Z ERR  BrokerServer] System.Threading.Tasks.TaskCanceledException: A task was canceled.
   at GitHub.Services.Common.VssHttpRetryMessageHandler.SendAsync(HttpRequestMessage request, CancellationToken cancellationToken)
   at System.Net.Http.HttpClient.<SendAsync>g__Core|83_0(HttpRequestMessage request, HttpCompletionOption completionOption, CancellationTokenSource cts, Boolean disposeCts, CancellationTokenSource pendingRequestsCts, CancellationToken originalCancellationToken)
[2025-12-14 23:33:31Z WARN BrokerServer] Back off 13.035 seconds before next retry. 3 attempt left.
[2025-12-14 23:33:44Z INFO RSAEncryptedFileKeyManager] Loading RSA key parameters from file C:\Users\21265\user-management\actions-runner\.credentials_rsaparams
[2025-12-14 23:33:44Z WARN GitHubActionsService] Attempt 1 of POST request to https://tokenghub.actions.githubusercontent.com/_apis/oauth2/token/2457a419-b3a4-4944-b597-5d61a980a51a failed (Socket Error: ConnectionReset). The operation will be retried in 11.103 seconds.
[2025-12-14 23:33:56Z WARN GitHubActionsService] Attempt 2 of POST request to https://tokenghub.actions.githubusercontent.com/_apis/oauth2/token/2457a419-b3a4-4944-b597-5d61a980a51a failed (Socket Error: ConnectionReset). The operation will be retried in 13.174 seconds.
[2025-12-14 23:34:09Z WARN GitHubActionsService] Attempt 3 of POST request to https://tokenghub.actions.githubusercontent.com/_apis/oauth2/token/2457a419-b3a4-4944-b597-5d61a980a51a failed (Socket Error: ConnectionReset). The operation will be retried in 18.134 seconds.
[2025-12-14 23:34:28Z WARN GitHubActionsService] Attempt 4 of POST request to https://tokenghub.actions.githubusercontent.com/_apis/oauth2/token/2457a419-b3a4-4944-b597-5d61a980a51a failed (Socket Error: ConnectionReset). The operation will be retried in 23.77 seconds.
[2025-12-14 23:34:52Z WARN GitHubActionsService] Attempt 5 of POST request to https://tokenghub.actions.githubusercontent.com/_apis/oauth2/token/2457a419-b3a4-4944-b597-5d61a980a51a failed (Socket Error: ConnectionReset). The operation will be retried in 43.139 seconds.
[2025-12-14 23:35:24Z WARN GitHubActionsService] Retrieving an AAD auth token took a long time (100.0050114 seconds)
[2025-12-14 23:35:24Z WARN GitHubActionsService] GET request to https://broker.actions.githubusercontent.com/message?sessionId=f2d060ac-ef2b-461c-8dfd-3c63a76a15cb&status=Online&runnerVersion=2.329.0&os=Windows&architecture=X64&disableUpdate=false timed out after 100 seconds.
[2025-12-14 23:35:24Z ERR  BrokerServer] Catch exception during request
[2025-12-14 23:35:24Z ERR  BrokerServer] System.TimeoutException: The HTTP request timed out after 00:01:40.
 ---> System.Threading.Tasks.TaskCanceledException: A task was canceled.
 ---> System.Threading.Tasks.TaskCanceledException: A task was canceled.
   at GitHub.Services.Common.VssHttpRetryMessageHandler.SendAsync(HttpRequestMessage request, CancellationToken cancellationToken)
   at System.Net.Http.HttpClient.<SendAsync>g__Core|83_0(HttpRequestMessage request, HttpCompletionOption completionOption, CancellationTokenSource cts, Boolean disposeCts, CancellationTokenSource pendingRequestsCts, CancellationToken originalCancellationToken)
   --- End of inner exception stack trace ---
   at System.Net.Http.HttpClient.HandleFailure(Exception e, Boolean telemetryStarted, HttpResponseMessage response, CancellationTokenSource cts, CancellationToken cancellationToken, CancellationTokenSource pendingRequestsCts)
   at System.Net.Http.HttpClient.<SendAsync>g__Core|83_0(HttpRequestMessage request, HttpCompletionOption completionOption, CancellationTokenSource cts, Boolean disposeCts, CancellationTokenSource pendingRequestsCts, CancellationToken originalCancellationToken)
   at GitHub.Services.OAuth.VssOAuthTokenHttpClient.GetTokenAsync(VssOAuthGrant grant, VssOAuthClientCredential credential, VssOAuthTokenParameters tokenParameters, CancellationToken cancellationToken)
   at GitHub.Services.OAuth.VssOAuthTokenProvider.OnGetTokenAsync(IssuedToken failedToken, CancellationToken cancellationToken)
   at GitHub.Services.Common.IssuedTokenProvider.GetTokenOperation.GetTokenAsync(VssTraceActivity traceActivity)
   at GitHub.Services.Common.IssuedTokenProvider.GetTokenAsync(IssuedToken failedToken, CancellationToken cancellationToken)
   at GitHub.Services.Common.RawHttpMessageHandler.SendAsync(HttpRequestMessage request, CancellationToken cancellationToken)
   --- End of inner exception stack trace ---
   at GitHub.Services.Common.RawHttpMessageHandler.SendAsync(HttpRequestMessage request, CancellationToken cancellationToken)
   at GitHub.Services.Common.VssHttpRetryMessageHandler.SendAsync(HttpRequestMessage request, CancellationToken cancellationToken)
   at System.Net.Http.HttpClient.<SendAsync>g__Core|83_0(HttpRequestMessage request, HttpCompletionOption completionOption, CancellationTokenSource cts, Boolean disposeCts, CancellationTokenSource pendingRequestsCts, CancellationToken originalCancellationToken)
   at Sdk.WebApi.WebApi.RawHttpClientBase.SendAsync(HttpRequestMessage message, HttpCompletionOption completionOption, Object userState, CancellationToken cancellationToken)
   at Sdk.WebApi.WebApi.RawHttpClientBase.SendAsync[T](HttpRequestMessage message, Boolean readErrorBody, Object userState, CancellationToken cancellationToken)
   at Sdk.WebApi.WebApi.RawHttpClientBase.SendAsync[T](HttpMethod method, IEnumerable`1 additionalHeaders, Uri requestUri, HttpContent content, IEnumerable`1 queryParameters, Boolean readErrorBody, Object userState, CancellationToken cancellationToken)
   at GitHub.Actions.RunService.WebApi.BrokerHttpClient.GetRunnerMessageAsync(Nullable`1 sessionId, String runnerVersion, Nullable`1 status, String os, String architecture, Nullable`1 disableUpdate, CancellationToken cancellationToken)
   at GitHub.Runner.Common.BrokerServer.<>c__DisplayClass7_0.<<GetRunnerMessageAsync>b__0>d.MoveNext()
--- End of stack trace from previous location ---
   at GitHub.Runner.Common.RunnerService.RetryRequest[T](Func`1 func, CancellationToken cancellationToken, Int32 maxAttempts, Func`2 shouldRetry)
[2025-12-14 23:35:24Z ERR  BrokerServer] #####################################################
[2025-12-14 23:35:24Z ERR  BrokerServer] System.Threading.Tasks.TaskCanceledException: A task was canceled.
 ---> System.Threading.Tasks.TaskCanceledException: A task was canceled.
   at GitHub.Services.Common.VssHttpRetryMessageHandler.SendAsync(HttpRequestMessage request, CancellationToken cancellationToken)
   at System.Net.Http.HttpClient.<SendAsync>g__Core|83_0(HttpRequestMessage request, HttpCompletionOption completionOption, CancellationTokenSource cts, Boolean disposeCts, CancellationTokenSource pendingRequestsCts, CancellationToken originalCancellationToken)
   --- End of inner exception stack trace ---
   at System.Net.Http.HttpClient.HandleFailure(Exception e, Boolean telemetryStarted, HttpResponseMessage response, CancellationTokenSource cts, CancellationToken cancellationToken, CancellationTokenSource pendingRequestsCts)
   at System.Net.Http.HttpClient.<SendAsync>g__Core|83_0(HttpRequestMessage request, HttpCompletionOption completionOption, CancellationTokenSource cts, Boolean disposeCts, CancellationTokenSource pendingRequestsCts, CancellationToken originalCancellationToken)
   at GitHub.Services.OAuth.VssOAuthTokenHttpClient.GetTokenAsync(VssOAuthGrant grant, VssOAuthClientCredential credential, VssOAuthTokenParameters tokenParameters, CancellationToken cancellationToken)
   at GitHub.Services.OAuth.VssOAuthTokenProvider.OnGetTokenAsync(IssuedToken failedToken, CancellationToken cancellationToken)
   at GitHub.Services.Common.IssuedTokenProvider.GetTokenOperation.GetTokenAsync(VssTraceActivity traceActivity)
   at GitHub.Services.Common.IssuedTokenProvider.GetTokenAsync(IssuedToken failedToken, CancellationToken cancellationToken)
   at GitHub.Services.Common.RawHttpMessageHandler.SendAsync(HttpRequestMessage request, CancellationToken cancellationToken)
[2025-12-14 23:35:24Z ERR  BrokerServer] #####################################################
[2025-12-14 23:35:24Z ERR  BrokerServer] System.Threading.Tasks.TaskCanceledException: A task was canceled.
   at GitHub.Services.Common.VssHttpRetryMessageHandler.SendAsync(HttpRequestMessage request, CancellationToken cancellationToken)
   at System.Net.Http.HttpClient.<SendAsync>g__Core|83_0(HttpRequestMessage request, HttpCompletionOption completionOption, CancellationTokenSource cts, Boolean disposeCts, CancellationTokenSource pendingRequestsCts, CancellationToken originalCancellationToken)
[2025-12-14 23:35:24Z WARN BrokerServer] Back off 8.098 seconds before next retry. 2 attempt left.
[2025-12-14 23:35:32Z INFO RSAEncryptedFileKeyManager] Loading RSA key parameters from file C:\Users\21265\user-management\actions-runner\.credentials_rsaparams
[2025-12-14 23:35:32Z WARN GitHubActionsService] Attempt 1 of POST request to https://tokenghub.actions.githubusercontent.com/_apis/oauth2/token/2457a419-b3a4-4944-b597-5d61a980a51a failed (Socket Error: ConnectionReset). The operation will be retried in 11.066 seconds.
[2025-12-14 23:35:44Z WARN GitHubActionsService] Attempt 2 of POST request to https://tokenghub.actions.githubusercontent.com/_apis/oauth2/token/2457a419-b3a4-4944-b597-5d61a980a51a failed (Socket Error: ConnectionReset). The operation will be retried in 13.546 seconds.
[2025-12-14 23:35:57Z WARN GitHubActionsService] Attempt 3 of POST request to https://tokenghub.actions.githubusercontent.com/_apis/oauth2/token/2457a419-b3a4-4944-b597-5d61a980a51a failed (Socket Error: ConnectionReset). The operation will be retried in 16.601 seconds.
[2025-12-14 23:36:14Z WARN GitHubActionsService] Attempt 4 of POST request to https://tokenghub.actions.githubusercontent.com/_apis/oauth2/token/2457a419-b3a4-4944-b597-5d61a980a51a failed (Socket Error: ConnectionReset). The operation will be retried in 27.985 seconds.
[2025-12-14 23:36:43Z WARN GitHubActionsService] Attempt 5 of POST request to https://tokenghub.actions.githubusercontent.com/_apis/oauth2/token/2457a419-b3a4-4944-b597-5d61a980a51a failed (Socket Error: ConnectionReset). The operation will be retried in 38.055 seconds.
[2025-12-14 23:37:12Z WARN GitHubActionsService] Retrieving an AAD auth token took a long time (100.0124286 seconds)
[2025-12-14 23:37:12Z WARN GitHubActionsService] GET request to https://broker.actions.githubusercontent.com/message?sessionId=f2d060ac-ef2b-461c-8dfd-3c63a76a15cb&status=Online&runnerVersion=2.329.0&os=Windows&architecture=X64&disableUpdate=false timed out after 100 seconds.
[2025-12-14 23:37:12Z ERR  BrokerServer] Catch exception during request
[2025-12-14 23:37:12Z ERR  BrokerServer] System.TimeoutException: The HTTP request timed out after 00:01:40.
 ---> System.Threading.Tasks.TaskCanceledException: The request was canceled due to the configured HttpClient.Timeout of 100 seconds elapsing.
 ---> System.TimeoutException: A task was canceled.
 ---> System.Threading.Tasks.TaskCanceledException: A task was canceled.
   at GitHub.Services.Common.VssHttpRetryMessageHandler.SendAsync(HttpRequestMessage request, CancellationToken cancellationToken)
   at System.Net.Http.HttpClient.<SendAsync>g__Core|83_0(HttpRequestMessage request, HttpCompletionOption completionOption, CancellationTokenSource cts, Boolean disposeCts, CancellationTokenSource pendingRequestsCts, CancellationToken originalCancellationToken)
   --- End of inner exception stack trace ---
   --- End of inner exception stack trace ---
   at System.Net.Http.HttpClient.HandleFailure(Exception e, Boolean telemetryStarted, HttpResponseMessage response, CancellationTokenSource cts, CancellationToken cancellationToken, CancellationTokenSource pendingRequestsCts)
   at System.Net.Http.HttpClient.<SendAsync>g__Core|83_0(HttpRequestMessage request, HttpCompletionOption completionOption, CancellationTokenSource cts, Boolean disposeCts, CancellationTokenSource pendingRequestsCts, CancellationToken originalCancellationToken)
   at GitHub.Services.OAuth.VssOAuthTokenHttpClient.GetTokenAsync(VssOAuthGrant grant, VssOAuthClientCredential credential, VssOAuthTokenParameters tokenParameters, CancellationToken cancellationToken)
   at GitHub.Services.OAuth.VssOAuthTokenProvider.OnGetTokenAsync(IssuedToken failedToken, CancellationToken cancellationToken)
   at GitHub.Services.Common.IssuedTokenProvider.GetTokenOperation.GetTokenAsync(VssTraceActivity traceActivity)
   at GitHub.Services.Common.IssuedTokenProvider.GetTokenAsync(IssuedToken failedToken, CancellationToken cancellationToken)
   at GitHub.Services.Common.RawHttpMessageHandler.SendAsync(HttpRequestMessage request, CancellationToken cancellationToken)
   --- End of inner exception stack trace ---
   at GitHub.Services.Common.RawHttpMessageHandler.SendAsync(HttpRequestMessage request, CancellationToken cancellationToken)
   at GitHub.Services.Common.VssHttpRetryMessageHandler.SendAsync(HttpRequestMessage request, CancellationToken cancellationToken)
   at System.Net.Http.HttpClient.<SendAsync>g__Core|83_0(HttpRequestMessage request, HttpCompletionOption completionOption, CancellationTokenSource cts, Boolean disposeCts, CancellationTokenSource pendingRequestsCts, CancellationToken originalCancellationToken)
   at Sdk.WebApi.WebApi.RawHttpClientBase.SendAsync(HttpRequestMessage message, HttpCompletionOption completionOption, Object userState, CancellationToken cancellationToken)
   at Sdk.WebApi.WebApi.RawHttpClientBase.SendAsync[T](HttpRequestMessage message, Boolean readErrorBody, Object userState, CancellationToken cancellationToken)
   at Sdk.WebApi.WebApi.RawHttpClientBase.SendAsync[T](HttpMethod method, IEnumerable`1 additionalHeaders, Uri requestUri, HttpContent content, IEnumerable`1 queryParameters, Boolean readErrorBody, Object userState, CancellationToken cancellationToken)
   at GitHub.Actions.RunService.WebApi.BrokerHttpClient.GetRunnerMessageAsync(Nullable`1 sessionId, String runnerVersion, Nullable`1 status, String os, String architecture, Nullable`1 disableUpdate, CancellationToken cancellationToken)
   at GitHub.Runner.Common.BrokerServer.<>c__DisplayClass7_0.<<GetRunnerMessageAsync>b__0>d.MoveNext()
--- End of stack trace from previous location ---
   at GitHub.Runner.Common.RunnerService.RetryRequest[T](Func`1 func, CancellationToken cancellationToken, Int32 maxAttempts, Func`2 shouldRetry)
[2025-12-14 23:37:12Z ERR  BrokerServer] #####################################################
[2025-12-14 23:37:12Z ERR  BrokerServer] System.Threading.Tasks.TaskCanceledException: The request was canceled due to the configured HttpClient.Timeout of 100 seconds elapsing.
 ---> System.TimeoutException: A task was canceled.
 ---> System.Threading.Tasks.TaskCanceledException: A task was canceled.
   at GitHub.Services.Common.VssHttpRetryMessageHandler.SendAsync(HttpRequestMessage request, CancellationToken cancellationToken)
   at System.Net.Http.HttpClient.<SendAsync>g__Core|83_0(HttpRequestMessage request, HttpCompletionOption completionOption, CancellationTokenSource cts, Boolean disposeCts, CancellationTokenSource pendingRequestsCts, CancellationToken originalCancellationToken)
   --- End of inner exception stack trace ---
   --- End of inner exception stack trace ---
   at System.Net.Http.HttpClient.HandleFailure(Exception e, Boolean telemetryStarted, HttpResponseMessage response, CancellationTokenSource cts, CancellationToken cancellationToken, CancellationTokenSource pendingRequestsCts)
   at System.Net.Http.HttpClient.<SendAsync>g__Core|83_0(HttpRequestMessage request, HttpCompletionOption completionOption, CancellationTokenSource cts, Boolean disposeCts, CancellationTokenSource pendingRequestsCts, CancellationToken originalCancellationToken)
   at GitHub.Services.OAuth.VssOAuthTokenHttpClient.GetTokenAsync(VssOAuthGrant grant, VssOAuthClientCredential credential, VssOAuthTokenParameters tokenParameters, CancellationToken cancellationToken)
   at GitHub.Services.OAuth.VssOAuthTokenProvider.OnGetTokenAsync(IssuedToken failedToken, CancellationToken cancellationToken)
   at GitHub.Services.Common.IssuedTokenProvider.GetTokenOperation.GetTokenAsync(VssTraceActivity traceActivity)
   at GitHub.Services.Common.IssuedTokenProvider.GetTokenAsync(IssuedToken failedToken, CancellationToken cancellationToken)
   at GitHub.Services.Common.RawHttpMessageHandler.SendAsync(HttpRequestMessage request, CancellationToken cancellationToken)
[2025-12-14 23:37:12Z ERR  BrokerServer] #####################################################
[2025-12-14 23:37:12Z ERR  BrokerServer] System.TimeoutException: A task was canceled.
 ---> System.Threading.Tasks.TaskCanceledException: A task was canceled.
   at GitHub.Services.Common.VssHttpRetryMessageHandler.SendAsync(HttpRequestMessage request, CancellationToken cancellationToken)
   at System.Net.Http.HttpClient.<SendAsync>g__Core|83_0(HttpRequestMessage request, HttpCompletionOption completionOption, CancellationTokenSource cts, Boolean disposeCts, CancellationTokenSource pendingRequestsCts, CancellationToken originalCancellationToken)
   --- End of inner exception stack trace ---
[2025-12-14 23:37:12Z ERR  BrokerServer] #####################################################
[2025-12-14 23:37:12Z ERR  BrokerServer] System.Threading.Tasks.TaskCanceledException: A task was canceled.
   at GitHub.Services.Common.VssHttpRetryMessageHandler.SendAsync(HttpRequestMessage request, CancellationToken cancellationToken)
   at System.Net.Http.HttpClient.<SendAsync>g__Core|83_0(HttpRequestMessage request, HttpCompletionOption completionOption, CancellationTokenSource cts, Boolean disposeCts, CancellationTokenSource pendingRequestsCts, CancellationToken originalCancellationToken)
[2025-12-14 23:37:12Z WARN BrokerServer] Back off 7.749 seconds before next retry. 1 attempt left.
[2025-12-14 23:37:20Z INFO RSAEncryptedFileKeyManager] Loading RSA key parameters from file C:\Users\21265\user-management\actions-runner\.credentials_rsaparams
[2025-12-14 23:37:20Z WARN GitHubActionsService] Attempt 1 of POST request to https://tokenghub.actions.githubusercontent.com/_apis/oauth2/token/2457a419-b3a4-4944-b597-5d61a980a51a failed (Socket Error: ConnectionReset). The operation will be retried in 10.888 seconds.
[2025-12-14 23:37:31Z WARN GitHubActionsService] Attempt 2 of POST request to https://tokenghub.actions.githubusercontent.com/_apis/oauth2/token/2457a419-b3a4-4944-b597-5d61a980a51a failed (Socket Error: ConnectionReset). The operation will be retried in 13.066 seconds.
[2025-12-14 23:37:45Z WARN GitHubActionsService] Attempt 3 of POST request to https://tokenghub.actions.githubusercontent.com/_apis/oauth2/token/2457a419-b3a4-4944-b597-5d61a980a51a failed (Socket Error: ConnectionReset). The operation will be retried in 16.391 seconds.
[2025-12-14 23:38:01Z WARN GitHubActionsService] Attempt 4 of POST request to https://tokenghub.actions.githubusercontent.com/_apis/oauth2/token/2457a419-b3a4-4944-b597-5d61a980a51a failed (Socket Error: ConnectionReset). The operation will be retried in 27.13 seconds.
[2025-12-14 23:38:29Z WARN GitHubActionsService] Attempt 5 of POST request to https://tokenghub.actions.githubusercontent.com/_apis/oauth2/token/2457a419-b3a4-4944-b597-5d61a980a51a failed (Socket Error: ConnectionReset). The operation will be retried in 45.433 seconds.
[2025-12-14 23:39:00Z WARN GitHubActionsService] Retrieving an AAD auth token took a long time (100.0050228 seconds)
[2025-12-14 23:39:00Z WARN GitHubActionsService] GET request to https://broker.actions.githubusercontent.com/message?sessionId=f2d060ac-ef2b-461c-8dfd-3c63a76a15cb&status=Online&runnerVersion=2.329.0&os=Windows&architecture=X64&disableUpdate=false timed out after 100 seconds.
[2025-12-14 23:39:00Z ERR  BrokerMessageListener] Catch exception during get next message.
[2025-12-14 23:39:00Z ERR  BrokerMessageListener] System.TimeoutException: The HTTP request timed out after 00:01:40.
 ---> System.Threading.Tasks.TaskCanceledException: A task was canceled.
 ---> System.Threading.Tasks.TaskCanceledException: A task was canceled.
   at GitHub.Services.Common.VssHttpRetryMessageHandler.SendAsync(HttpRequestMessage request, CancellationToken cancellationToken)
   at System.Net.Http.HttpClient.<SendAsync>g__Core|83_0(HttpRequestMessage request, HttpCompletionOption completionOption, CancellationTokenSource cts, Boolean disposeCts, CancellationTokenSource pendingRequestsCts, CancellationToken originalCancellationToken)
   --- End of inner exception stack trace ---
   at System.Net.Http.HttpClient.HandleFailure(Exception e, Boolean telemetryStarted, HttpResponseMessage response, CancellationTokenSource cts, CancellationToken cancellationToken, CancellationTokenSource pendingRequestsCts)
   at System.Net.Http.HttpClient.<SendAsync>g__Core|83_0(HttpRequestMessage request, HttpCompletionOption completionOption, CancellationTokenSource cts, Boolean disposeCts, CancellationTokenSource pendingRequestsCts, CancellationToken originalCancellationToken)
   at GitHub.Services.OAuth.VssOAuthTokenHttpClient.GetTokenAsync(VssOAuthGrant grant, VssOAuthClientCredential credential, VssOAuthTokenParameters tokenParameters, CancellationToken cancellationToken)
   at GitHub.Services.OAuth.VssOAuthTokenProvider.OnGetTokenAsync(IssuedToken failedToken, CancellationToken cancellationToken)
   at GitHub.Services.Common.IssuedTokenProvider.GetTokenOperation.GetTokenAsync(VssTraceActivity traceActivity)
   at GitHub.Services.Common.IssuedTokenProvider.GetTokenAsync(IssuedToken failedToken, CancellationToken cancellationToken)
   at GitHub.Services.Common.RawHttpMessageHandler.SendAsync(HttpRequestMessage request, CancellationToken cancellationToken)
   --- End of inner exception stack trace ---
   at GitHub.Services.Common.RawHttpMessageHandler.SendAsync(HttpRequestMessage request, CancellationToken cancellationToken)
   at GitHub.Services.Common.VssHttpRetryMessageHandler.SendAsync(HttpRequestMessage request, CancellationToken cancellationToken)
   at System.Net.Http.HttpClient.<SendAsync>g__Core|83_0(HttpRequestMessage request, HttpCompletionOption completionOption, CancellationTokenSource cts, Boolean disposeCts, CancellationTokenSource pendingRequestsCts, CancellationToken originalCancellationToken)
   at Sdk.WebApi.WebApi.RawHttpClientBase.SendAsync(HttpRequestMessage message, HttpCompletionOption completionOption, Object userState, CancellationToken cancellationToken)
   at Sdk.WebApi.WebApi.RawHttpClientBase.SendAsync[T](HttpRequestMessage message, Boolean readErrorBody, Object userState, CancellationToken cancellationToken)
   at Sdk.WebApi.WebApi.RawHttpClientBase.SendAsync[T](HttpMethod method, IEnumerable`1 additionalHeaders, Uri requestUri, HttpContent content, IEnumerable`1 queryParameters, Boolean readErrorBody, Object userState, CancellationToken cancellationToken)
   at GitHub.Actions.RunService.WebApi.BrokerHttpClient.GetRunnerMessageAsync(Nullable`1 sessionId, String runnerVersion, Nullable`1 status, String os, String architecture, Nullable`1 disableUpdate, CancellationToken cancellationToken)
   at GitHub.Runner.Common.BrokerServer.<>c__DisplayClass7_0.<<GetRunnerMessageAsync>b__0>d.MoveNext()
--- End of stack trace from previous location ---
   at GitHub.Runner.Common.RunnerService.RetryRequest[T](Func`1 func, CancellationToken cancellationToken, Int32 maxAttempts, Func`2 shouldRetry)
   at GitHub.Runner.Listener.BrokerMessageListener.GetNextMessageAsync(CancellationToken token)
[2025-12-14 23:39:00Z ERR  BrokerMessageListener] #####################################################
[2025-12-14 23:39:00Z ERR  BrokerMessageListener] System.Threading.Tasks.TaskCanceledException: A task was canceled.
 ---> System.Threading.Tasks.TaskCanceledException: A task was canceled.
   at GitHub.Services.Common.VssHttpRetryMessageHandler.SendAsync(HttpRequestMessage request, CancellationToken cancellationToken)
   at System.Net.Http.HttpClient.<SendAsync>g__Core|83_0(HttpRequestMessage request, HttpCompletionOption completionOption, CancellationTokenSource cts, Boolean disposeCts, CancellationTokenSource pendingRequestsCts, CancellationToken originalCancellationToken)
   --- End of inner exception stack trace ---
   at System.Net.Http.HttpClient.HandleFailure(Exception e, Boolean telemetryStarted, HttpResponseMessage response, CancellationTokenSource cts, CancellationToken cancellationToken, CancellationTokenSource pendingRequestsCts)
   at System.Net.Http.HttpClient.<SendAsync>g__Core|83_0(HttpRequestMessage request, HttpCompletionOption completionOption, CancellationTokenSource cts, Boolean disposeCts, CancellationTokenSource pendingRequestsCts, CancellationToken originalCancellationToken)
   at GitHub.Services.OAuth.VssOAuthTokenHttpClient.GetTokenAsync(VssOAuthGrant grant, VssOAuthClientCredential credential, VssOAuthTokenParameters tokenParameters, CancellationToken cancellationToken)
   at GitHub.Services.OAuth.VssOAuthTokenProvider.OnGetTokenAsync(IssuedToken failedToken, CancellationToken cancellationToken)
   at GitHub.Services.Common.IssuedTokenProvider.GetTokenOperation.GetTokenAsync(VssTraceActivity traceActivity)
   at GitHub.Services.Common.IssuedTokenProvider.GetTokenAsync(IssuedToken failedToken, CancellationToken cancellationToken)
   at GitHub.Services.Common.RawHttpMessageHandler.SendAsync(HttpRequestMessage request, CancellationToken cancellationToken)
[2025-12-14 23:39:00Z ERR  BrokerMessageListener] #####################################################
[2025-12-14 23:39:00Z ERR  BrokerMessageListener] System.Threading.Tasks.TaskCanceledException: A task was canceled.
   at GitHub.Services.Common.VssHttpRetryMessageHandler.SendAsync(HttpRequestMessage request, CancellationToken cancellationToken)
   at System.Net.Http.HttpClient.<SendAsync>g__Core|83_0(HttpRequestMessage request, HttpCompletionOption completionOption, CancellationTokenSource cts, Boolean disposeCts, CancellationTokenSource pendingRequestsCts, CancellationToken originalCancellationToken)
[2025-12-14 23:39:00Z INFO BrokerMessageListener] Retriable exception: The HTTP request timed out after 00:01:40.
[2025-12-14 23:39:00Z INFO BrokerMessageListener] Reload credentials.
[2025-12-14 23:39:00Z INFO ConfigurationStore] HasCredentials()
[2025-12-14 23:39:00Z INFO ConfigurationStore] stored True
[2025-12-14 23:39:00Z INFO CredentialManager] GetCredentialProvider
[2025-12-14 23:39:00Z INFO CredentialManager] Creating type OAuth
[2025-12-14 23:39:00Z INFO CredentialManager] Creating credential type: OAuth
[2025-12-14 23:39:00Z INFO RSAEncryptedFileKeyManager] Loading RSA key parameters from file C:\Users\21265\user-management\actions-runner\.credentials_rsaparams
[2025-12-14 23:39:00Z INFO BrokerMessageListener] Connection to Broker Server recreated.
[2025-12-14 23:39:00Z INFO BrokerMessageListener] Sleeping for 18.857 seconds before retrying.
[2025-12-14 23:39:19Z INFO RSAEncryptedFileKeyManager] Loading RSA key parameters from file C:\Users\21265\user-management\actions-runner\.credentials_rsaparams
[2025-12-14 23:39:19Z INFO RSAEncryptedFileKeyManager] Loading RSA key parameters from file C:\Users\21265\user-management\actions-runner\.credentials_rsaparams
[2025-12-14 23:39:19Z WARN GitHubActionsService] Attempt 1 of POST request to https://tokenghub.actions.githubusercontent.com/_apis/oauth2/token/2457a419-b3a4-4944-b597-5d61a980a51a failed (Socket Error: ConnectionReset). The operation will be retried in 11.134 seconds.
[2025-12-14 23:39:31Z WARN GitHubActionsService] Attempt 2 of POST request to https://tokenghub.actions.githubusercontent.com/_apis/oauth2/token/2457a419-b3a4-4944-b597-5d61a980a51a failed (Socket Error: ConnectionReset). The operation will be retried in 13.309 seconds.
[2025-12-14 23:39:44Z WARN GitHubActionsService] Attempt 3 of POST request to https://tokenghub.actions.githubusercontent.com/_apis/oauth2/token/2457a419-b3a4-4944-b597-5d61a980a51a failed (Socket Error: ConnectionReset). The operation will be retried in 15.831 seconds.
[2025-12-14 23:40:00Z WARN GitHubActionsService] Attempt 4 of POST request to https://tokenghub.actions.githubusercontent.com/_apis/oauth2/token/2457a419-b3a4-4944-b597-5d61a980a51a failed (Socket Error: ConnectionReset). The operation will be retried in 25.585 seconds.
[2025-12-14 23:40:26Z WARN GitHubActionsService] Attempt 5 of POST request to https://tokenghub.actions.githubusercontent.com/_apis/oauth2/token/2457a419-b3a4-4944-b597-5d61a980a51a failed (Socket Error: ConnectionReset). The operation will be retried in 42.364 seconds.
[2025-12-14 23:40:59Z WARN GitHubActionsService] Retrieving an AAD auth token took a long time (100.0117482 seconds)
[2025-12-14 23:40:59Z WARN GitHubActionsService] GET request to https://broker.actions.githubusercontent.com/message?sessionId=f2d060ac-ef2b-461c-8dfd-3c63a76a15cb&status=Online&runnerVersion=2.329.0&os=Windows&architecture=X64&disableUpdate=false timed out after 100 seconds.
[2025-12-14 23:40:59Z ERR  BrokerServer] Catch exception during request
[2025-12-14 23:40:59Z ERR  BrokerServer] System.TimeoutException: The HTTP request timed out after 00:01:40.
 ---> System.Threading.Tasks.TaskCanceledException: A task was canceled.
 ---> System.Threading.Tasks.TaskCanceledException: A task was canceled.
   at GitHub.Services.Common.VssHttpRetryMessageHandler.SendAsync(HttpRequestMessage request, CancellationToken cancellationToken)
   at System.Net.Http.HttpClient.<SendAsync>g__Core|83_0(HttpRequestMessage request, HttpCompletionOption completionOption, CancellationTokenSource cts, Boolean disposeCts, CancellationTokenSource pendingRequestsCts, CancellationToken originalCancellationToken)
   --- End of inner exception stack trace ---
   at System.Net.Http.HttpClient.HandleFailure(Exception e, Boolean telemetryStarted, HttpResponseMessage response, CancellationTokenSource cts, CancellationToken cancellationToken, CancellationTokenSource pendingRequestsCts)
   at System.Net.Http.HttpClient.<SendAsync>g__Core|83_0(HttpRequestMessage request, HttpCompletionOption completionOption, CancellationTokenSource cts, Boolean disposeCts, CancellationTokenSource pendingRequestsCts, CancellationToken originalCancellationToken)
   at GitHub.Services.OAuth.VssOAuthTokenHttpClient.GetTokenAsync(VssOAuthGrant grant, VssOAuthClientCredential credential, VssOAuthTokenParameters tokenParameters, CancellationToken cancellationToken)
   at GitHub.Services.OAuth.VssOAuthTokenProvider.OnGetTokenAsync(IssuedToken failedToken, CancellationToken cancellationToken)
   at GitHub.Services.Common.IssuedTokenProvider.GetTokenOperation.GetTokenAsync(VssTraceActivity traceActivity)
   at GitHub.Services.Common.IssuedTokenProvider.GetTokenAsync(IssuedToken failedToken, CancellationToken cancellationToken)
   at GitHub.Services.Common.RawHttpMessageHandler.SendAsync(HttpRequestMessage request, CancellationToken cancellationToken)
   --- End of inner exception stack trace ---
   at GitHub.Services.Common.RawHttpMessageHandler.SendAsync(HttpRequestMessage request, CancellationToken cancellationToken)
   at GitHub.Services.Common.VssHttpRetryMessageHandler.SendAsync(HttpRequestMessage request, CancellationToken cancellationToken)
   at System.Net.Http.HttpClient.<SendAsync>g__Core|83_0(HttpRequestMessage request, HttpCompletionOption completionOption, CancellationTokenSource cts, Boolean disposeCts, CancellationTokenSource pendingRequestsCts, CancellationToken originalCancellationToken)
   at Sdk.WebApi.WebApi.RawHttpClientBase.SendAsync(HttpRequestMessage message, HttpCompletionOption completionOption, Object userState, CancellationToken cancellationToken)
   at Sdk.WebApi.WebApi.RawHttpClientBase.SendAsync[T](HttpRequestMessage message, Boolean readErrorBody, Object userState, CancellationToken cancellationToken)
   at Sdk.WebApi.WebApi.RawHttpClientBase.SendAsync[T](HttpMethod method, IEnumerable`1 additionalHeaders, Uri requestUri, HttpContent content, IEnumerable`1 queryParameters, Boolean readErrorBody, Object userState, CancellationToken cancellationToken)
   at GitHub.Actions.RunService.WebApi.BrokerHttpClient.GetRunnerMessageAsync(Nullable`1 sessionId, String runnerVersion, Nullable`1 status, String os, String architecture, Nullable`1 disableUpdate, CancellationToken cancellationToken)
   at GitHub.Runner.Common.BrokerServer.<>c__DisplayClass7_0.<<GetRunnerMessageAsync>b__0>d.MoveNext()
--- End of stack trace from previous location ---
   at GitHub.Runner.Common.RunnerService.RetryRequest[T](Func`1 func, CancellationToken cancellationToken, Int32 maxAttempts, Func`2 shouldRetry)
[2025-12-14 23:40:59Z ERR  BrokerServer] #####################################################
[2025-12-14 23:40:59Z ERR  BrokerServer] System.Threading.Tasks.TaskCanceledException: A task was canceled.
 ---> System.Threading.Tasks.TaskCanceledException: A task was canceled.
   at GitHub.Services.Common.VssHttpRetryMessageHandler.SendAsync(HttpRequestMessage request, CancellationToken cancellationToken)
   at System.Net.Http.HttpClient.<SendAsync>g__Core|83_0(HttpRequestMessage request, HttpCompletionOption completionOption, CancellationTokenSource cts, Boolean disposeCts, CancellationTokenSource pendingRequestsCts, CancellationToken originalCancellationToken)
   --- End of inner exception stack trace ---
   at System.Net.Http.HttpClient.HandleFailure(Exception e, Boolean telemetryStarted, HttpResponseMessage response, CancellationTokenSource cts, CancellationToken cancellationToken, CancellationTokenSource pendingRequestsCts)
   at System.Net.Http.HttpClient.<SendAsync>g__Core|83_0(HttpRequestMessage request, HttpCompletionOption completionOption, CancellationTokenSource cts, Boolean disposeCts, CancellationTokenSource pendingRequestsCts, CancellationToken originalCancellationToken)
   at GitHub.Services.OAuth.VssOAuthTokenHttpClient.GetTokenAsync(VssOAuthGrant grant, VssOAuthClientCredential credential, VssOAuthTokenParameters tokenParameters, CancellationToken cancellationToken)
   at GitHub.Services.OAuth.VssOAuthTokenProvider.OnGetTokenAsync(IssuedToken failedToken, CancellationToken cancellationToken)
   at GitHub.Services.Common.IssuedTokenProvider.GetTokenOperation.GetTokenAsync(VssTraceActivity traceActivity)
   at GitHub.Services.Common.IssuedTokenProvider.GetTokenAsync(IssuedToken failedToken, CancellationToken cancellationToken)
   at GitHub.Services.Common.RawHttpMessageHandler.SendAsync(HttpRequestMessage request, CancellationToken cancellationToken)
[2025-12-14 23:40:59Z ERR  BrokerServer] #####################################################
[2025-12-14 23:40:59Z ERR  BrokerServer] System.Threading.Tasks.TaskCanceledException: A task was canceled.
   at GitHub.Services.Common.VssHttpRetryMessageHandler.SendAsync(HttpRequestMessage request, CancellationToken cancellationToken)
   at System.Net.Http.HttpClient.<SendAsync>g__Core|83_0(HttpRequestMessage request, HttpCompletionOption completionOption, CancellationTokenSource cts, Boolean disposeCts, CancellationTokenSource pendingRequestsCts, CancellationToken originalCancellationToken)
[2025-12-14 23:40:59Z WARN BrokerServer] Back off 13.136 seconds before next retry. 4 attempt left.
[2025-12-14 23:41:12Z INFO RSAEncryptedFileKeyManager] Loading RSA key parameters from file C:\Users\21265\user-management\actions-runner\.credentials_rsaparams
[2025-12-14 23:41:12Z WARN GitHubActionsService] Attempt 1 of POST request to https://tokenghub.actions.githubusercontent.com/_apis/oauth2/token/2457a419-b3a4-4944-b597-5d61a980a51a failed (Socket Error: ConnectionReset). The operation will be retried in 11.153 seconds.
[2025-12-14 23:41:24Z WARN GitHubActionsService] Attempt 2 of POST request to https://tokenghub.actions.githubusercontent.com/_apis/oauth2/token/2457a419-b3a4-4944-b597-5d61a980a51a failed (Socket Error: ConnectionReset). The operation will be retried in 13.525 seconds.
[2025-12-14 23:41:37Z WARN GitHubActionsService] Attempt 3 of POST request to https://tokenghub.actions.githubusercontent.com/_apis/oauth2/token/2457a419-b3a4-4944-b597-5d61a980a51a failed (Socket Error: ConnectionReset). The operation will be retried in 15.614 seconds.
[2025-12-14 23:41:54Z WARN GitHubActionsService] Attempt 4 of POST request to https://tokenghub.actions.githubusercontent.com/_apis/oauth2/token/2457a419-b3a4-4944-b597-5d61a980a51a failed (Socket Error: ConnectionReset). The operation will be retried in 27.625 seconds.
[2025-12-14 23:42:21Z WARN GitHubActionsService] Attempt 5 of POST request to https://tokenghub.actions.githubusercontent.com/_apis/oauth2/token/2457a419-b3a4-4944-b597-5d61a980a51a failed (Socket Error: ConnectionReset). The operation will be retried in 45.154 seconds.
[2025-12-14 23:42:52Z WARN GitHubActionsService] Retrieving an AAD auth token took a long time (100.0111113 seconds)
[2025-12-14 23:42:52Z WARN GitHubActionsService] GET request to https://broker.actions.githubusercontent.com/message?sessionId=f2d060ac-ef2b-461c-8dfd-3c63a76a15cb&status=Online&runnerVersion=2.329.0&os=Windows&architecture=X64&disableUpdate=false timed out after 100 seconds.
[2025-12-14 23:42:52Z ERR  BrokerServer] Catch exception during request
[2025-12-14 23:42:52Z ERR  BrokerServer] System.TimeoutException: The HTTP request timed out after 00:01:40.
 ---> System.Threading.Tasks.TaskCanceledException: The request was canceled due to the configured HttpClient.Timeout of 100 seconds elapsing.
 ---> System.TimeoutException: A task was canceled.
 ---> System.Threading.Tasks.TaskCanceledException: A task was canceled.
   at GitHub.Services.Common.VssHttpRetryMessageHandler.SendAsync(HttpRequestMessage request, CancellationToken cancellationToken)
   at System.Net.Http.HttpClient.<SendAsync>g__Core|83_0(HttpRequestMessage request, HttpCompletionOption completionOption, CancellationTokenSource cts, Boolean disposeCts, CancellationTokenSource pendingRequestsCts, CancellationToken originalCancellationToken)
   --- End of inner exception stack trace ---
   --- End of inner exception stack trace ---
   at System.Net.Http.HttpClient.HandleFailure(Exception e, Boolean telemetryStarted, HttpResponseMessage response, CancellationTokenSource cts, CancellationToken cancellationToken, CancellationTokenSource pendingRequestsCts)
   at System.Net.Http.HttpClient.<SendAsync>g__Core|83_0(HttpRequestMessage request, HttpCompletionOption completionOption, CancellationTokenSource cts, Boolean disposeCts, CancellationTokenSource pendingRequestsCts, CancellationToken originalCancellationToken)
   at GitHub.Services.OAuth.VssOAuthTokenHttpClient.GetTokenAsync(VssOAuthGrant grant, VssOAuthClientCredential credential, VssOAuthTokenParameters tokenParameters, CancellationToken cancellationToken)
   at GitHub.Services.OAuth.VssOAuthTokenProvider.OnGetTokenAsync(IssuedToken failedToken, CancellationToken cancellationToken)
   at GitHub.Services.Common.IssuedTokenProvider.GetTokenOperation.GetTokenAsync(VssTraceActivity traceActivity)
   at GitHub.Services.Common.IssuedTokenProvider.GetTokenAsync(IssuedToken failedToken, CancellationToken cancellationToken)
   at GitHub.Services.Common.RawHttpMessageHandler.SendAsync(HttpRequestMessage request, CancellationToken cancellationToken)
   --- End of inner exception stack trace ---
   at GitHub.Services.Common.RawHttpMessageHandler.SendAsync(HttpRequestMessage request, CancellationToken cancellationToken)
   at GitHub.Services.Common.VssHttpRetryMessageHandler.SendAsync(HttpRequestMessage request, CancellationToken cancellationToken)
   at System.Net.Http.HttpClient.<SendAsync>g__Core|83_0(HttpRequestMessage request, HttpCompletionOption completionOption, CancellationTokenSource cts, Boolean disposeCts, CancellationTokenSource pendingRequestsCts, CancellationToken originalCancellationToken)
   at Sdk.WebApi.WebApi.RawHttpClientBase.SendAsync(HttpRequestMessage message, HttpCompletionOption completionOption, Object userState, CancellationToken cancellationToken)
   at Sdk.WebApi.WebApi.RawHttpClientBase.SendAsync[T](HttpRequestMessage message, Boolean readErrorBody, Object userState, CancellationToken cancellationToken)
   at Sdk.WebApi.WebApi.RawHttpClientBase.SendAsync[T](HttpMethod method, IEnumerable`1 additionalHeaders, Uri requestUri, HttpContent content, IEnumerable`1 queryParameters, Boolean readErrorBody, Object userState, CancellationToken cancellationToken)
   at GitHub.Actions.RunService.WebApi.BrokerHttpClient.GetRunnerMessageAsync(Nullable`1 sessionId, String runnerVersion, Nullable`1 status, String os, String architecture, Nullable`1 disableUpdate, CancellationToken cancellationToken)
   at GitHub.Runner.Common.BrokerServer.<>c__DisplayClass7_0.<<GetRunnerMessageAsync>b__0>d.MoveNext()
--- End of stack trace from previous location ---
   at GitHub.Runner.Common.RunnerService.RetryRequest[T](Func`1 func, CancellationToken cancellationToken, Int32 maxAttempts, Func`2 shouldRetry)
[2025-12-14 23:42:52Z ERR  BrokerServer] #####################################################
[2025-12-14 23:42:52Z ERR  BrokerServer] System.Threading.Tasks.TaskCanceledException: The request was canceled due to the configured HttpClient.Timeout of 100 seconds elapsing.
 ---> System.TimeoutException: A task was canceled.
 ---> System.Threading.Tasks.TaskCanceledException: A task was canceled.
   at GitHub.Services.Common.VssHttpRetryMessageHandler.SendAsync(HttpRequestMessage request, CancellationToken cancellationToken)
   at System.Net.Http.HttpClient.<SendAsync>g__Core|83_0(HttpRequestMessage request, HttpCompletionOption completionOption, CancellationTokenSource cts, Boolean disposeCts, CancellationTokenSource pendingRequestsCts, CancellationToken originalCancellationToken)
   --- End of inner exception stack trace ---
   --- End of inner exception stack trace ---
   at System.Net.Http.HttpClient.HandleFailure(Exception e, Boolean telemetryStarted, HttpResponseMessage response, CancellationTokenSource cts, CancellationToken cancellationToken, CancellationTokenSource pendingRequestsCts)
   at System.Net.Http.HttpClient.<SendAsync>g__Core|83_0(HttpRequestMessage request, HttpCompletionOption completionOption, CancellationTokenSource cts, Boolean disposeCts, CancellationTokenSource pendingRequestsCts, CancellationToken originalCancellationToken)
   at GitHub.Services.OAuth.VssOAuthTokenHttpClient.GetTokenAsync(VssOAuthGrant grant, VssOAuthClientCredential credential, VssOAuthTokenParameters tokenParameters, CancellationToken cancellationToken)
   at GitHub.Services.OAuth.VssOAuthTokenProvider.OnGetTokenAsync(IssuedToken failedToken, CancellationToken cancellationToken)
   at GitHub.Services.Common.IssuedTokenProvider.GetTokenOperation.GetTokenAsync(VssTraceActivity traceActivity)
   at GitHub.Services.Common.IssuedTokenProvider.GetTokenAsync(IssuedToken failedToken, CancellationToken cancellationToken)
   at GitHub.Services.Common.RawHttpMessageHandler.SendAsync(HttpRequestMessage request, CancellationToken cancellationToken)
[2025-12-14 23:42:52Z ERR  BrokerServer] #####################################################
[2025-12-14 23:42:52Z ERR  BrokerServer] System.TimeoutException: A task was canceled.
 ---> System.Threading.Tasks.TaskCanceledException: A task was canceled.
   at GitHub.Services.Common.VssHttpRetryMessageHandler.SendAsync(HttpRequestMessage request, CancellationToken cancellationToken)
   at System.Net.Http.HttpClient.<SendAsync>g__Core|83_0(HttpRequestMessage request, HttpCompletionOption completionOption, CancellationTokenSource cts, Boolean disposeCts, CancellationTokenSource pendingRequestsCts, CancellationToken originalCancellationToken)
   --- End of inner exception stack trace ---
[2025-12-14 23:42:52Z ERR  BrokerServer] #####################################################
[2025-12-14 23:42:52Z ERR  BrokerServer] System.Threading.Tasks.TaskCanceledException: A task was canceled.
   at GitHub.Services.Common.VssHttpRetryMessageHandler.SendAsync(HttpRequestMessage request, CancellationToken cancellationToken)
   at System.Net.Http.HttpClient.<SendAsync>g__Core|83_0(HttpRequestMessage request, HttpCompletionOption completionOption, CancellationTokenSource cts, Boolean disposeCts, CancellationTokenSource pendingRequestsCts, CancellationToken originalCancellationToken)
[2025-12-14 23:42:52Z WARN BrokerServer] Back off 9.016 seconds before next retry. 3 attempt left.
[2025-12-14 23:43:01Z INFO RSAEncryptedFileKeyManager] Loading RSA key parameters from file C:\Users\21265\user-management\actions-runner\.credentials_rsaparams
[2025-12-14 23:43:01Z WARN GitHubActionsService] Attempt 1 of POST request to https://tokenghub.actions.githubusercontent.com/_apis/oauth2/token/2457a419-b3a4-4944-b597-5d61a980a51a failed (Socket Error: ConnectionReset). The operation will be retried in 10.989 seconds.
[2025-12-14 23:43:12Z WARN GitHubActionsService] Attempt 2 of POST request to https://tokenghub.actions.githubusercontent.com/_apis/oauth2/token/2457a419-b3a4-4944-b597-5d61a980a51a failed (Socket Error: ConnectionReset). The operation will be retried in 13.273 seconds.
[2025-12-14 23:43:26Z WARN GitHubActionsService] Attempt 3 of POST request to https://tokenghub.actions.githubusercontent.com/_apis/oauth2/token/2457a419-b3a4-4944-b597-5d61a980a51a failed (Socket Error: ConnectionReset). The operation will be retried in 15.642 seconds.
[2025-12-14 23:43:42Z WARN GitHubActionsService] Attempt 4 of POST request to https://tokenghub.actions.githubusercontent.com/_apis/oauth2/token/2457a419-b3a4-4944-b597-5d61a980a51a failed (Socket Error: ConnectionReset). The operation will be retried in 26.77 seconds.
[2025-12-14 23:44:09Z WARN GitHubActionsService] Attempt 5 of POST request to https://tokenghub.actions.githubusercontent.com/_apis/oauth2/token/2457a419-b3a4-4944-b597-5d61a980a51a failed (Socket Error: ConnectionReset). The operation will be retried in 38.923 seconds.
[2025-12-14 23:44:41Z WARN GitHubActionsService] Retrieving an AAD auth token took a long time (100.0121795 seconds)
[2025-12-14 23:44:41Z WARN GitHubActionsService] GET request to https://broker.actions.githubusercontent.com/message?sessionId=f2d060ac-ef2b-461c-8dfd-3c63a76a15cb&status=Online&runnerVersion=2.329.0&os=Windows&architecture=X64&disableUpdate=false timed out after 100 seconds.
[2025-12-14 23:44:41Z ERR  BrokerServer] Catch exception during request
[2025-12-14 23:44:41Z ERR  BrokerServer] System.TimeoutException: The HTTP request timed out after 00:01:40.
 ---> System.Threading.Tasks.TaskCanceledException: The request was canceled due to the configured HttpClient.Timeout of 100 seconds elapsing.
 ---> System.TimeoutException: A task was canceled.
 ---> System.Threading.Tasks.TaskCanceledException: A task was canceled.
   at GitHub.Services.Common.VssHttpRetryMessageHandler.SendAsync(HttpRequestMessage request, CancellationToken cancellationToken)
   at System.Net.Http.HttpClient.<SendAsync>g__Core|83_0(HttpRequestMessage request, HttpCompletionOption completionOption, CancellationTokenSource cts, Boolean disposeCts, CancellationTokenSource pendingRequestsCts, CancellationToken originalCancellationToken)
   --- End of inner exception stack trace ---
   --- End of inner exception stack trace ---
   at System.Net.Http.HttpClient.HandleFailure(Exception e, Boolean telemetryStarted, HttpResponseMessage response, CancellationTokenSource cts, CancellationToken cancellationToken, CancellationTokenSource pendingRequestsCts)
   at System.Net.Http.HttpClient.<SendAsync>g__Core|83_0(HttpRequestMessage request, HttpCompletionOption completionOption, CancellationTokenSource cts, Boolean disposeCts, CancellationTokenSource pendingRequestsCts, CancellationToken originalCancellationToken)
   at GitHub.Services.OAuth.VssOAuthTokenHttpClient.GetTokenAsync(VssOAuthGrant grant, VssOAuthClientCredential credential, VssOAuthTokenParameters tokenParameters, CancellationToken cancellationToken)
   at GitHub.Services.OAuth.VssOAuthTokenProvider.OnGetTokenAsync(IssuedToken failedToken, CancellationToken cancellationToken)
   at GitHub.Services.Common.IssuedTokenProvider.GetTokenOperation.GetTokenAsync(VssTraceActivity traceActivity)
   at GitHub.Services.Common.IssuedTokenProvider.GetTokenAsync(IssuedToken failedToken, CancellationToken cancellationToken)
   at GitHub.Services.Common.RawHttpMessageHandler.SendAsync(HttpRequestMessage request, CancellationToken cancellationToken)
   --- End of inner exception stack trace ---
   at GitHub.Services.Common.RawHttpMessageHandler.SendAsync(HttpRequestMessage request, CancellationToken cancellationToken)
   at GitHub.Services.Common.VssHttpRetryMessageHandler.SendAsync(HttpRequestMessage request, CancellationToken cancellationToken)
   at System.Net.Http.HttpClient.<SendAsync>g__Core|83_0(HttpRequestMessage request, HttpCompletionOption completionOption, CancellationTokenSource cts, Boolean disposeCts, CancellationTokenSource pendingRequestsCts, CancellationToken originalCancellationToken)
   at Sdk.WebApi.WebApi.RawHttpClientBase.SendAsync(HttpRequestMessage message, HttpCompletionOption completionOption, Object userState, CancellationToken cancellationToken)
   at Sdk.WebApi.WebApi.RawHttpClientBase.SendAsync[T](HttpRequestMessage message, Boolean readErrorBody, Object userState, CancellationToken cancellationToken)
   at Sdk.WebApi.WebApi.RawHttpClientBase.SendAsync[T](HttpMethod method, IEnumerable`1 additionalHeaders, Uri requestUri, HttpContent content, IEnumerable`1 queryParameters, Boolean readErrorBody, Object userState, CancellationToken cancellationToken)
   at GitHub.Actions.RunService.WebApi.BrokerHttpClient.GetRunnerMessageAsync(Nullable`1 sessionId, String runnerVersion, Nullable`1 status, String os, String architecture, Nullable`1 disableUpdate, CancellationToken cancellationToken)
   at GitHub.Runner.Common.BrokerServer.<>c__DisplayClass7_0.<<GetRunnerMessageAsync>b__0>d.MoveNext()
--- End of stack trace from previous location ---
   at GitHub.Runner.Common.RunnerService.RetryRequest[T](Func`1 func, CancellationToken cancellationToken, Int32 maxAttempts, Func`2 shouldRetry)
[2025-12-14 23:44:41Z ERR  BrokerServer] #####################################################
[2025-12-14 23:44:41Z ERR  BrokerServer] System.Threading.Tasks.TaskCanceledException: The request was canceled due to the configured HttpClient.Timeout of 100 seconds elapsing.
 ---> System.TimeoutException: A task was canceled.
 ---> System.Threading.Tasks.TaskCanceledException: A task was canceled.
   at GitHub.Services.Common.VssHttpRetryMessageHandler.SendAsync(HttpRequestMessage request, CancellationToken cancellationToken)
   at System.Net.Http.HttpClient.<SendAsync>g__Core|83_0(HttpRequestMessage request, HttpCompletionOption completionOption, CancellationTokenSource cts, Boolean disposeCts, CancellationTokenSource pendingRequestsCts, CancellationToken originalCancellationToken)
   --- End of inner exception stack trace ---
   --- End of inner exception stack trace ---
   at System.Net.Http.HttpClient.HandleFailure(Exception e, Boolean telemetryStarted, HttpResponseMessage response, CancellationTokenSource cts, CancellationToken cancellationToken, CancellationTokenSource pendingRequestsCts)
   at System.Net.Http.HttpClient.<SendAsync>g__Core|83_0(HttpRequestMessage request, HttpCompletionOption completionOption, CancellationTokenSource cts, Boolean disposeCts, CancellationTokenSource pendingRequestsCts, CancellationToken originalCancellationToken)
   at GitHub.Services.OAuth.VssOAuthTokenHttpClient.GetTokenAsync(VssOAuthGrant grant, VssOAuthClientCredential credential, VssOAuthTokenParameters tokenParameters, CancellationToken cancellationToken)
   at GitHub.Services.OAuth.VssOAuthTokenProvider.OnGetTokenAsync(IssuedToken failedToken, CancellationToken cancellationToken)
   at GitHub.Services.Common.IssuedTokenProvider.GetTokenOperation.GetTokenAsync(VssTraceActivity traceActivity)
   at GitHub.Services.Common.IssuedTokenProvider.GetTokenAsync(IssuedToken failedToken, CancellationToken cancellationToken)
   at GitHub.Services.Common.RawHttpMessageHandler.SendAsync(HttpRequestMessage request, CancellationToken cancellationToken)
[2025-12-14 23:44:41Z ERR  BrokerServer] #####################################################
[2025-12-14 23:44:41Z ERR  BrokerServer] System.TimeoutException: A task was canceled.
 ---> System.Threading.Tasks.TaskCanceledException: A task was canceled.
   at GitHub.Services.Common.VssHttpRetryMessageHandler.SendAsync(HttpRequestMessage request, CancellationToken cancellationToken)
   at System.Net.Http.HttpClient.<SendAsync>g__Core|83_0(HttpRequestMessage request, HttpCompletionOption completionOption, CancellationTokenSource cts, Boolean disposeCts, CancellationTokenSource pendingRequestsCts, CancellationToken originalCancellationToken)
   --- End of inner exception stack trace ---
[2025-12-14 23:44:41Z ERR  BrokerServer] #####################################################
[2025-12-14 23:44:41Z ERR  BrokerServer] System.Threading.Tasks.TaskCanceledException: A task was canceled.
   at GitHub.Services.Common.VssHttpRetryMessageHandler.SendAsync(HttpRequestMessage request, CancellationToken cancellationToken)
   at System.Net.Http.HttpClient.<SendAsync>g__Core|83_0(HttpRequestMessage request, HttpCompletionOption completionOption, CancellationTokenSource cts, Boolean disposeCts, CancellationTokenSource pendingRequestsCts, CancellationToken originalCancellationToken)
[2025-12-14 23:44:41Z WARN BrokerServer] Back off 6.717 seconds before next retry. 2 attempt left.
[2025-12-14 23:44:48Z INFO RSAEncryptedFileKeyManager] Loading RSA key parameters from file C:\Users\21265\user-management\actions-runner\.credentials_rsaparams
[2025-12-14 23:44:48Z WARN GitHubActionsService] Attempt 1 of POST request to https://tokenghub.actions.githubusercontent.com/_apis/oauth2/token/2457a419-b3a4-4944-b597-5d61a980a51a failed (Socket Error: ConnectionReset). The operation will be retried in 10.827 seconds.
[2025-12-14 23:44:59Z WARN GitHubActionsService] Attempt 2 of POST request to https://tokenghub.actions.githubusercontent.com/_apis/oauth2/token/2457a419-b3a4-4944-b597-5d61a980a51a failed (Socket Error: ConnectionReset). The operation will be retried in 13.192 seconds.
[2025-12-14 23:45:13Z WARN GitHubActionsService] Attempt 3 of POST request to https://tokenghub.actions.githubusercontent.com/_apis/oauth2/token/2457a419-b3a4-4944-b597-5d61a980a51a failed (Socket Error: ConnectionReset). The operation will be retried in 17.014 seconds.
[2025-12-14 23:45:30Z WARN GitHubActionsService] Attempt 4 of POST request to https://tokenghub.actions.githubusercontent.com/_apis/oauth2/token/2457a419-b3a4-4944-b597-5d61a980a51a failed (Socket Error: ConnectionReset). The operation will be retried in 23.23 seconds.
[2025-12-14 23:45:54Z WARN GitHubActionsService] Attempt 5 of POST request to https://tokenghub.actions.githubusercontent.com/_apis/oauth2/token/2457a419-b3a4-4944-b597-5d61a980a51a failed (Socket Error: ConnectionReset). The operation will be retried in 40.411 seconds.
[2025-12-14 23:46:28Z WARN GitHubActionsService] Retrieving an AAD auth token took a long time (100.0021477 seconds)
[2025-12-14 23:46:28Z WARN GitHubActionsService] GET request to https://broker.actions.githubusercontent.com/message?sessionId=f2d060ac-ef2b-461c-8dfd-3c63a76a15cb&status=Online&runnerVersion=2.329.0&os=Windows&architecture=X64&disableUpdate=false timed out after 100 seconds.
[2025-12-14 23:46:28Z ERR  BrokerServer] Catch exception during request
[2025-12-14 23:46:28Z ERR  BrokerServer] System.TimeoutException: The HTTP request timed out after 00:01:40.
 ---> System.Threading.Tasks.TaskCanceledException: A task was canceled.
 ---> System.Threading.Tasks.TaskCanceledException: A task was canceled.
   at GitHub.Services.Common.VssHttpRetryMessageHandler.SendAsync(HttpRequestMessage request, CancellationToken cancellationToken)
   at System.Net.Http.HttpClient.<SendAsync>g__Core|83_0(HttpRequestMessage request, HttpCompletionOption completionOption, CancellationTokenSource cts, Boolean disposeCts, CancellationTokenSource pendingRequestsCts, CancellationToken originalCancellationToken)
   --- End of inner exception stack trace ---
   at System.Net.Http.HttpClient.HandleFailure(Exception e, Boolean telemetryStarted, HttpResponseMessage response, CancellationTokenSource cts, CancellationToken cancellationToken, CancellationTokenSource pendingRequestsCts)
   at System.Net.Http.HttpClient.<SendAsync>g__Core|83_0(HttpRequestMessage request, HttpCompletionOption completionOption, CancellationTokenSource cts, Boolean disposeCts, CancellationTokenSource pendingRequestsCts, CancellationToken originalCancellationToken)
   at GitHub.Services.OAuth.VssOAuthTokenHttpClient.GetTokenAsync(VssOAuthGrant grant, VssOAuthClientCredential credential, VssOAuthTokenParameters tokenParameters, CancellationToken cancellationToken)
   at GitHub.Services.OAuth.VssOAuthTokenProvider.OnGetTokenAsync(IssuedToken failedToken, CancellationToken cancellationToken)
   at GitHub.Services.Common.IssuedTokenProvider.GetTokenOperation.GetTokenAsync(VssTraceActivity traceActivity)
   at GitHub.Services.Common.IssuedTokenProvider.GetTokenAsync(IssuedToken failedToken, CancellationToken cancellationToken)
   at GitHub.Services.Common.RawHttpMessageHandler.SendAsync(HttpRequestMessage request, CancellationToken cancellationToken)
   --- End of inner exception stack trace ---
   at GitHub.Services.Common.RawHttpMessageHandler.SendAsync(HttpRequestMessage request, CancellationToken cancellationToken)
   at GitHub.Services.Common.VssHttpRetryMessageHandler.SendAsync(HttpRequestMessage request, CancellationToken cancellationToken)
   at System.Net.Http.HttpClient.<SendAsync>g__Core|83_0(HttpRequestMessage request, HttpCompletionOption completionOption, CancellationTokenSource cts, Boolean disposeCts, CancellationTokenSource pendingRequestsCts, CancellationToken originalCancellationToken)
   at Sdk.WebApi.WebApi.RawHttpClientBase.SendAsync(HttpRequestMessage message, HttpCompletionOption completionOption, Object userState, CancellationToken cancellationToken)
   at Sdk.WebApi.WebApi.RawHttpClientBase.SendAsync[T](HttpRequestMessage message, Boolean readErrorBody, Object userState, CancellationToken cancellationToken)
   at Sdk.WebApi.WebApi.RawHttpClientBase.SendAsync[T](HttpMethod method, IEnumerable`1 additionalHeaders, Uri requestUri, HttpContent content, IEnumerable`1 queryParameters, Boolean readErrorBody, Object userState, CancellationToken cancellationToken)
   at GitHub.Actions.RunService.WebApi.BrokerHttpClient.GetRunnerMessageAsync(Nullable`1 sessionId, String runnerVersion, Nullable`1 status, String os, String architecture, Nullable`1 disableUpdate, CancellationToken cancellationToken)
   at GitHub.Runner.Common.BrokerServer.<>c__DisplayClass7_0.<<GetRunnerMessageAsync>b__0>d.MoveNext()
--- End of stack trace from previous location ---
   at GitHub.Runner.Common.RunnerService.RetryRequest[T](Func`1 func, CancellationToken cancellationToken, Int32 maxAttempts, Func`2 shouldRetry)
[2025-12-14 23:46:28Z ERR  BrokerServer] #####################################################
[2025-12-14 23:46:28Z ERR  BrokerServer] System.Threading.Tasks.TaskCanceledException: A task was canceled.
 ---> System.Threading.Tasks.TaskCanceledException: A task was canceled.
   at GitHub.Services.Common.VssHttpRetryMessageHandler.SendAsync(HttpRequestMessage request, CancellationToken cancellationToken)
   at System.Net.Http.HttpClient.<SendAsync>g__Core|83_0(HttpRequestMessage request, HttpCompletionOption completionOption, CancellationTokenSource cts, Boolean disposeCts, CancellationTokenSource pendingRequestsCts, CancellationToken originalCancellationToken)
   --- End of inner exception stack trace ---
   at System.Net.Http.HttpClient.HandleFailure(Exception e, Boolean telemetryStarted, HttpResponseMessage response, CancellationTokenSource cts, CancellationToken cancellationToken, CancellationTokenSource pendingRequestsCts)
   at System.Net.Http.HttpClient.<SendAsync>g__Core|83_0(HttpRequestMessage request, HttpCompletionOption completionOption, CancellationTokenSource cts, Boolean disposeCts, CancellationTokenSource pendingRequestsCts, CancellationToken originalCancellationToken)
   at GitHub.Services.OAuth.VssOAuthTokenHttpClient.GetTokenAsync(VssOAuthGrant grant, VssOAuthClientCredential credential, VssOAuthTokenParameters tokenParameters, CancellationToken cancellationToken)
   at GitHub.Services.OAuth.VssOAuthTokenProvider.OnGetTokenAsync(IssuedToken failedToken, CancellationToken cancellationToken)
   at GitHub.Services.Common.IssuedTokenProvider.GetTokenOperation.GetTokenAsync(VssTraceActivity traceActivity)
   at GitHub.Services.Common.IssuedTokenProvider.GetTokenAsync(IssuedToken failedToken, CancellationToken cancellationToken)
   at GitHub.Services.Common.RawHttpMessageHandler.SendAsync(HttpRequestMessage request, CancellationToken cancellationToken)
[2025-12-14 23:46:28Z ERR  BrokerServer] #####################################################
[2025-12-14 23:46:28Z ERR  BrokerServer] System.Threading.Tasks.TaskCanceledException: A task was canceled.
   at GitHub.Services.Common.VssHttpRetryMessageHandler.SendAsync(HttpRequestMessage request, CancellationToken cancellationToken)
   at System.Net.Http.HttpClient.<SendAsync>g__Core|83_0(HttpRequestMessage request, HttpCompletionOption completionOption, CancellationTokenSource cts, Boolean disposeCts, CancellationTokenSource pendingRequestsCts, CancellationToken originalCancellationToken)
[2025-12-14 23:46:28Z WARN BrokerServer] Back off 10.952 seconds before next retry. 1 attempt left.
[2025-12-14 23:46:39Z INFO RSAEncryptedFileKeyManager] Loading RSA key parameters from file C:\Users\21265\user-management\actions-runner\.credentials_rsaparams
[2025-12-14 23:46:39Z WARN GitHubActionsService] Attempt 1 of POST request to https://tokenghub.actions.githubusercontent.com/_apis/oauth2/token/2457a419-b3a4-4944-b597-5d61a980a51a failed (Socket Error: ConnectionReset). The operation will be retried in 10.831 seconds.
[2025-12-14 23:46:50Z WARN GitHubActionsService] Attempt 2 of POST request to https://tokenghub.actions.githubusercontent.com/_apis/oauth2/token/2457a419-b3a4-4944-b597-5d61a980a51a failed (Socket Error: ConnectionReset). The operation will be retried in 12.658 seconds.
[2025-12-14 23:47:03Z WARN GitHubActionsService] Attempt 3 of POST request to https://tokenghub.actions.githubusercontent.com/_apis/oauth2/token/2457a419-b3a4-4944-b597-5d61a980a51a failed (Socket Error: ConnectionReset). The operation will be retried in 18.344 seconds.
[2025-12-14 23:47:21Z WARN GitHubActionsService] Attempt 4 of POST request to https://tokenghub.actions.githubusercontent.com/_apis/oauth2/token/2457a419-b3a4-4944-b597-5d61a980a51a failed (Socket Error: ConnectionReset). The operation will be retried in 24.415 seconds.
[2025-12-14 23:47:46Z WARN GitHubActionsService] Attempt 5 of POST request to https://tokenghub.actions.githubusercontent.com/_apis/oauth2/token/2457a419-b3a4-4944-b597-5d61a980a51a failed (Socket Error: ConnectionReset). The operation will be retried in 40.318 seconds.
[2025-12-14 23:48:19Z WARN GitHubActionsService] Retrieving an AAD auth token took a long time (100.009156 seconds)
[2025-12-14 23:48:19Z WARN GitHubActionsService] GET request to https://broker.actions.githubusercontent.com/message?sessionId=f2d060ac-ef2b-461c-8dfd-3c63a76a15cb&status=Online&runnerVersion=2.329.0&os=Windows&architecture=X64&disableUpdate=false timed out after 100 seconds.
[2025-12-14 23:48:19Z ERR  BrokerMessageListener] Catch exception during get next message.
[2025-12-14 23:48:19Z ERR  BrokerMessageListener] System.TimeoutException: The HTTP request timed out after 00:01:40.
 ---> System.Threading.Tasks.TaskCanceledException: The request was canceled due to the configured HttpClient.Timeout of 100 seconds elapsing.
 ---> System.TimeoutException: A task was canceled.
 ---> System.Threading.Tasks.TaskCanceledException: A task was canceled.
   at GitHub.Services.Common.VssHttpRetryMessageHandler.SendAsync(HttpRequestMessage request, CancellationToken cancellationToken)
   at System.Net.Http.HttpClient.<SendAsync>g__Core|83_0(HttpRequestMessage request, HttpCompletionOption completionOption, CancellationTokenSource cts, Boolean disposeCts, CancellationTokenSource pendingRequestsCts, CancellationToken originalCancellationToken)
   --- End of inner exception stack trace ---
   --- End of inner exception stack trace ---
   at System.Net.Http.HttpClient.HandleFailure(Exception e, Boolean telemetryStarted, HttpResponseMessage response, CancellationTokenSource cts, CancellationToken cancellationToken, CancellationTokenSource pendingRequestsCts)
   at System.Net.Http.HttpClient.<SendAsync>g__Core|83_0(HttpRequestMessage request, HttpCompletionOption completionOption, CancellationTokenSource cts, Boolean disposeCts, CancellationTokenSource pendingRequestsCts, CancellationToken originalCancellationToken)
   at GitHub.Services.OAuth.VssOAuthTokenHttpClient.GetTokenAsync(VssOAuthGrant grant, VssOAuthClientCredential credential, VssOAuthTokenParameters tokenParameters, CancellationToken cancellationToken)
   at GitHub.Services.OAuth.VssOAuthTokenProvider.OnGetTokenAsync(IssuedToken failedToken, CancellationToken cancellationToken)
   at GitHub.Services.Common.IssuedTokenProvider.GetTokenOperation.GetTokenAsync(VssTraceActivity traceActivity)
   at GitHub.Services.Common.IssuedTokenProvider.GetTokenAsync(IssuedToken failedToken, CancellationToken cancellationToken)
   at GitHub.Services.Common.RawHttpMessageHandler.SendAsync(HttpRequestMessage request, CancellationToken cancellationToken)
   --- End of inner exception stack trace ---
   at GitHub.Services.Common.RawHttpMessageHandler.SendAsync(HttpRequestMessage request, CancellationToken cancellationToken)
   at GitHub.Services.Common.VssHttpRetryMessageHandler.SendAsync(HttpRequestMessage request, CancellationToken cancellationToken)
   at System.Net.Http.HttpClient.<SendAsync>g__Core|83_0(HttpRequestMessage request, HttpCompletionOption completionOption, CancellationTokenSource cts, Boolean disposeCts, CancellationTokenSource pendingRequestsCts, CancellationToken originalCancellationToken)
   at Sdk.WebApi.WebApi.RawHttpClientBase.SendAsync(HttpRequestMessage message, HttpCompletionOption completionOption, Object userState, CancellationToken cancellationToken)
   at Sdk.WebApi.WebApi.RawHttpClientBase.SendAsync[T](HttpRequestMessage message, Boolean readErrorBody, Object userState, CancellationToken cancellationToken)
   at Sdk.WebApi.WebApi.RawHttpClientBase.SendAsync[T](HttpMethod method, IEnumerable`1 additionalHeaders, Uri requestUri, HttpContent content, IEnumerable`1 queryParameters, Boolean readErrorBody, Object userState, CancellationToken cancellationToken)
   at GitHub.Actions.RunService.WebApi.BrokerHttpClient.GetRunnerMessageAsync(Nullable`1 sessionId, String runnerVersion, Nullable`1 status, String os, String architecture, Nullable`1 disableUpdate, CancellationToken cancellationToken)
   at GitHub.Runner.Common.BrokerServer.<>c__DisplayClass7_0.<<GetRunnerMessageAsync>b__0>d.MoveNext()
--- End of stack trace from previous location ---
   at GitHub.Runner.Common.RunnerService.RetryRequest[T](Func`1 func, CancellationToken cancellationToken, Int32 maxAttempts, Func`2 shouldRetry)
   at GitHub.Runner.Listener.BrokerMessageListener.GetNextMessageAsync(CancellationToken token)
[2025-12-14 23:48:19Z ERR  BrokerMessageListener] #####################################################
[2025-12-14 23:48:19Z ERR  BrokerMessageListener] System.Threading.Tasks.TaskCanceledException: The request was canceled due to the configured HttpClient.Timeout of 100 seconds elapsing.
 ---> System.TimeoutException: A task was canceled.
 ---> System.Threading.Tasks.TaskCanceledException: A task was canceled.
   at GitHub.Services.Common.VssHttpRetryMessageHandler.SendAsync(HttpRequestMessage request, CancellationToken cancellationToken)
   at System.Net.Http.HttpClient.<SendAsync>g__Core|83_0(HttpRequestMessage request, HttpCompletionOption completionOption, CancellationTokenSource cts, Boolean disposeCts, CancellationTokenSource pendingRequestsCts, CancellationToken originalCancellationToken)
   --- End of inner exception stack trace ---
   --- End of inner exception stack trace ---
   at System.Net.Http.HttpClient.HandleFailure(Exception e, Boolean telemetryStarted, HttpResponseMessage response, CancellationTokenSource cts, CancellationToken cancellationToken, CancellationTokenSource pendingRequestsCts)
   at System.Net.Http.HttpClient.<SendAsync>g__Core|83_0(HttpRequestMessage request, HttpCompletionOption completionOption, CancellationTokenSource cts, Boolean disposeCts, CancellationTokenSource pendingRequestsCts, CancellationToken originalCancellationToken)
   at GitHub.Services.OAuth.VssOAuthTokenHttpClient.GetTokenAsync(VssOAuthGrant grant, VssOAuthClientCredential credential, VssOAuthTokenParameters tokenParameters, CancellationToken cancellationToken)
   at GitHub.Services.OAuth.VssOAuthTokenProvider.OnGetTokenAsync(IssuedToken failedToken, CancellationToken cancellationToken)
   at GitHub.Services.Common.IssuedTokenProvider.GetTokenOperation.GetTokenAsync(VssTraceActivity traceActivity)
   at GitHub.Services.Common.IssuedTokenProvider.GetTokenAsync(IssuedToken failedToken, CancellationToken cancellationToken)
   at GitHub.Services.Common.RawHttpMessageHandler.SendAsync(HttpRequestMessage request, CancellationToken cancellationToken)
[2025-12-14 23:48:19Z ERR  BrokerMessageListener] #####################################################
[2025-12-14 23:48:19Z ERR  BrokerMessageListener] System.TimeoutException: A task was canceled.
 ---> System.Threading.Tasks.TaskCanceledException: A task was canceled.
   at GitHub.Services.Common.VssHttpRetryMessageHandler.SendAsync(HttpRequestMessage request, CancellationToken cancellationToken)
   at System.Net.Http.HttpClient.<SendAsync>g__Core|83_0(HttpRequestMessage request, HttpCompletionOption completionOption, CancellationTokenSource cts, Boolean disposeCts, CancellationTokenSource pendingRequestsCts, CancellationToken originalCancellationToken)
   --- End of inner exception stack trace ---
[2025-12-14 23:48:19Z ERR  BrokerMessageListener] #####################################################
[2025-12-14 23:48:19Z ERR  BrokerMessageListener] System.Threading.Tasks.TaskCanceledException: A task was canceled.
   at GitHub.Services.Common.VssHttpRetryMessageHandler.SendAsync(HttpRequestMessage request, CancellationToken cancellationToken)
   at System.Net.Http.HttpClient.<SendAsync>g__Core|83_0(HttpRequestMessage request, HttpCompletionOption completionOption, CancellationTokenSource cts, Boolean disposeCts, CancellationTokenSource pendingRequestsCts, CancellationToken originalCancellationToken)
[2025-12-14 23:48:19Z INFO BrokerMessageListener] Retriable exception: The HTTP request timed out after 00:01:40.
[2025-12-14 23:48:19Z INFO BrokerMessageListener] Reload credentials.
[2025-12-14 23:48:19Z INFO ConfigurationStore] HasCredentials()
[2025-12-14 23:48:19Z INFO ConfigurationStore] stored True
[2025-12-14 23:48:19Z INFO CredentialManager] GetCredentialProvider
[2025-12-14 23:48:19Z INFO CredentialManager] Creating type OAuth
[2025-12-14 23:48:19Z INFO CredentialManager] Creating credential type: OAuth
[2025-12-14 23:48:19Z INFO RSAEncryptedFileKeyManager] Loading RSA key parameters from file C:\Users\21265\user-management\actions-runner\.credentials_rsaparams
[2025-12-14 23:48:19Z INFO BrokerMessageListener] Connection to Broker Server recreated.
[2025-12-14 23:48:19Z INFO BrokerMessageListener] Sleeping for 16.505 seconds before retrying.
[2025-12-14 23:48:35Z INFO RSAEncryptedFileKeyManager] Loading RSA key parameters from file C:\Users\21265\user-management\actions-runner\.credentials_rsaparams
[2025-12-14 23:48:35Z INFO RSAEncryptedFileKeyManager] Loading RSA key parameters from file C:\Users\21265\user-management\actions-runner\.credentials_rsaparams
[2025-12-14 23:48:35Z WARN GitHubActionsService] Attempt 1 of POST request to https://tokenghub.actions.githubusercontent.com/_apis/oauth2/token/2457a419-b3a4-4944-b597-5d61a980a51a failed (Socket Error: ConnectionReset). The operation will be retried in 10.939 seconds.
[2025-12-14 23:48:46Z WARN GitHubActionsService] Attempt 2 of POST request to https://tokenghub.actions.githubusercontent.com/_apis/oauth2/token/2457a419-b3a4-4944-b597-5d61a980a51a failed (Socket Error: ConnectionReset). The operation will be retried in 12.688 seconds.
[2025-12-14 23:49:00Z WARN GitHubActionsService] Attempt 3 of POST request to https://tokenghub.actions.githubusercontent.com/_apis/oauth2/token/2457a419-b3a4-4944-b597-5d61a980a51a failed (Socket Error: ConnectionReset). The operation will be retried in 17.35 seconds.
[2025-12-14 23:49:17Z WARN GitHubActionsService] Attempt 4 of POST request to https://tokenghub.actions.githubusercontent.com/_apis/oauth2/token/2457a419-b3a4-4944-b597-5d61a980a51a failed (Socket Error: ConnectionReset). The operation will be retried in 23.17 seconds.
[2025-12-14 23:49:41Z WARN GitHubActionsService] Attempt 5 of POST request to https://tokenghub.actions.githubusercontent.com/_apis/oauth2/token/2457a419-b3a4-4944-b597-5d61a980a51a failed (Socket Error: ConnectionReset). The operation will be retried in 36.04 seconds.
[2025-12-14 23:50:15Z WARN GitHubActionsService] Retrieving an AAD auth token took a long time (100.0124747 seconds)
[2025-12-14 23:50:15Z WARN GitHubActionsService] GET request to https://broker.actions.githubusercontent.com/message?sessionId=f2d060ac-ef2b-461c-8dfd-3c63a76a15cb&status=Online&runnerVersion=2.329.0&os=Windows&architecture=X64&disableUpdate=false timed out after 100 seconds.
[2025-12-14 23:50:15Z ERR  BrokerServer] Catch exception during request
[2025-12-14 23:50:15Z ERR  BrokerServer] System.TimeoutException: The HTTP request timed out after 00:01:40.
 ---> System.Threading.Tasks.TaskCanceledException: A task was canceled.
 ---> System.Threading.Tasks.TaskCanceledException: A task was canceled.
   at GitHub.Services.Common.VssHttpRetryMessageHandler.SendAsync(HttpRequestMessage request, CancellationToken cancellationToken)
   at System.Net.Http.HttpClient.<SendAsync>g__Core|83_0(HttpRequestMessage request, HttpCompletionOption completionOption, CancellationTokenSource cts, Boolean disposeCts, CancellationTokenSource pendingRequestsCts, CancellationToken originalCancellationToken)
   --- End of inner exception stack trace ---
   at System.Net.Http.HttpClient.HandleFailure(Exception e, Boolean telemetryStarted, HttpResponseMessage response, CancellationTokenSource cts, CancellationToken cancellationToken, CancellationTokenSource pendingRequestsCts)
   at System.Net.Http.HttpClient.<SendAsync>g__Core|83_0(HttpRequestMessage request, HttpCompletionOption completionOption, CancellationTokenSource cts, Boolean disposeCts, CancellationTokenSource pendingRequestsCts, CancellationToken originalCancellationToken)
   at GitHub.Services.OAuth.VssOAuthTokenHttpClient.GetTokenAsync(VssOAuthGrant grant, VssOAuthClientCredential credential, VssOAuthTokenParameters tokenParameters, CancellationToken cancellationToken)
   at GitHub.Services.OAuth.VssOAuthTokenProvider.OnGetTokenAsync(IssuedToken failedToken, CancellationToken cancellationToken)
   at GitHub.Services.Common.IssuedTokenProvider.GetTokenOperation.GetTokenAsync(VssTraceActivity traceActivity)
   at GitHub.Services.Common.IssuedTokenProvider.GetTokenAsync(IssuedToken failedToken, CancellationToken cancellationToken)
   at GitHub.Services.Common.RawHttpMessageHandler.SendAsync(HttpRequestMessage request, CancellationToken cancellationToken)
   --- End of inner exception stack trace ---
   at GitHub.Services.Common.RawHttpMessageHandler.SendAsync(HttpRequestMessage request, CancellationToken cancellationToken)
   at GitHub.Services.Common.VssHttpRetryMessageHandler.SendAsync(HttpRequestMessage request, CancellationToken cancellationToken)
   at System.Net.Http.HttpClient.<SendAsync>g__Core|83_0(HttpRequestMessage request, HttpCompletionOption completionOption, CancellationTokenSource cts, Boolean disposeCts, CancellationTokenSource pendingRequestsCts, CancellationToken originalCancellationToken)
   at Sdk.WebApi.WebApi.RawHttpClientBase.SendAsync(HttpRequestMessage message, HttpCompletionOption completionOption, Object userState, CancellationToken cancellationToken)
   at Sdk.WebApi.WebApi.RawHttpClientBase.SendAsync[T](HttpRequestMessage message, Boolean readErrorBody, Object userState, CancellationToken cancellationToken)
   at Sdk.WebApi.WebApi.RawHttpClientBase.SendAsync[T](HttpMethod method, IEnumerable`1 additionalHeaders, Uri requestUri, HttpContent content, IEnumerable`1 queryParameters, Boolean readErrorBody, Object userState, CancellationToken cancellationToken)
   at GitHub.Actions.RunService.WebApi.BrokerHttpClient.GetRunnerMessageAsync(Nullable`1 sessionId, String runnerVersion, Nullable`1 status, String os, String architecture, Nullable`1 disableUpdate, CancellationToken cancellationToken)
   at GitHub.Runner.Common.BrokerServer.<>c__DisplayClass7_0.<<GetRunnerMessageAsync>b__0>d.MoveNext()
--- End of stack trace from previous location ---
   at GitHub.Runner.Common.RunnerService.RetryRequest[T](Func`1 func, CancellationToken cancellationToken, Int32 maxAttempts, Func`2 shouldRetry)
[2025-12-14 23:50:15Z ERR  BrokerServer] #####################################################
[2025-12-14 23:50:15Z ERR  BrokerServer] System.Threading.Tasks.TaskCanceledException: A task was canceled.
 ---> System.Threading.Tasks.TaskCanceledException: A task was canceled.
   at GitHub.Services.Common.VssHttpRetryMessageHandler.SendAsync(HttpRequestMessage request, CancellationToken cancellationToken)
   at System.Net.Http.HttpClient.<SendAsync>g__Core|83_0(HttpRequestMessage request, HttpCompletionOption completionOption, CancellationTokenSource cts, Boolean disposeCts, CancellationTokenSource pendingRequestsCts, CancellationToken originalCancellationToken)
   --- End of inner exception stack trace ---
   at System.Net.Http.HttpClient.HandleFailure(Exception e, Boolean telemetryStarted, HttpResponseMessage response, CancellationTokenSource cts, CancellationToken cancellationToken, CancellationTokenSource pendingRequestsCts)
   at System.Net.Http.HttpClient.<SendAsync>g__Core|83_0(HttpRequestMessage request, HttpCompletionOption completionOption, CancellationTokenSource cts, Boolean disposeCts, CancellationTokenSource pendingRequestsCts, CancellationToken originalCancellationToken)
   at GitHub.Services.OAuth.VssOAuthTokenHttpClient.GetTokenAsync(VssOAuthGrant grant, VssOAuthClientCredential credential, VssOAuthTokenParameters tokenParameters, CancellationToken cancellationToken)
   at GitHub.Services.OAuth.VssOAuthTokenProvider.OnGetTokenAsync(IssuedToken failedToken, CancellationToken cancellationToken)
   at GitHub.Services.Common.IssuedTokenProvider.GetTokenOperation.GetTokenAsync(VssTraceActivity traceActivity)
   at GitHub.Services.Common.IssuedTokenProvider.GetTokenAsync(IssuedToken failedToken, CancellationToken cancellationToken)
   at GitHub.Services.Common.RawHttpMessageHandler.SendAsync(HttpRequestMessage request, CancellationToken cancellationToken)
[2025-12-14 23:50:15Z ERR  BrokerServer] #####################################################
[2025-12-14 23:50:15Z ERR  BrokerServer] System.Threading.Tasks.TaskCanceledException: A task was canceled.
   at GitHub.Services.Common.VssHttpRetryMessageHandler.SendAsync(HttpRequestMessage request, CancellationToken cancellationToken)
   at System.Net.Http.HttpClient.<SendAsync>g__Core|83_0(HttpRequestMessage request, HttpCompletionOption completionOption, CancellationTokenSource cts, Boolean disposeCts, CancellationTokenSource pendingRequestsCts, CancellationToken originalCancellationToken)
[2025-12-14 23:50:15Z WARN BrokerServer] Back off 13.072 seconds before next retry. 4 attempt left.
[2025-12-14 23:50:28Z INFO RSAEncryptedFileKeyManager] Loading RSA key parameters from file C:\Users\21265\user-management\actions-runner\.credentials_rsaparams
[2025-12-14 23:50:29Z WARN GitHubActionsService] Attempt 1 of POST request to https://tokenghub.actions.githubusercontent.com/_apis/oauth2/token/2457a419-b3a4-4944-b597-5d61a980a51a failed (Socket Error: ConnectionReset). The operation will be retried in 10.879 seconds.
[2025-12-14 23:50:40Z WARN GitHubActionsService] Attempt 2 of POST request to https://tokenghub.actions.githubusercontent.com/_apis/oauth2/token/2457a419-b3a4-4944-b597-5d61a980a51a failed (Socket Error: ConnectionReset). The operation will be retried in 13.147 seconds.
[2025-12-14 23:50:53Z WARN GitHubActionsService] Attempt 3 of POST request to https://tokenghub.actions.githubusercontent.com/_apis/oauth2/token/2457a419-b3a4-4944-b597-5d61a980a51a failed (Socket Error: ConnectionReset). The operation will be retried in 16.706 seconds.
[2025-12-14 23:51:10Z WARN GitHubActionsService] Attempt 4 of POST request to https://tokenghub.actions.githubusercontent.com/_apis/oauth2/token/2457a419-b3a4-4944-b597-5d61a980a51a failed (Socket Error: ConnectionReset). The operation will be retried in 22.03 seconds.
[2025-12-14 23:51:32Z WARN GitHubActionsService] Attempt 5 of POST request to https://tokenghub.actions.githubusercontent.com/_apis/oauth2/token/2457a419-b3a4-4944-b597-5d61a980a51a failed (Socket Error: ConnectionReset). The operation will be retried in 40.783 seconds.
[2025-12-14 23:52:08Z WARN GitHubActionsService] Retrieving an AAD auth token took a long time (100.0099772 seconds)
[2025-12-14 23:52:08Z WARN GitHubActionsService] GET request to https://broker.actions.githubusercontent.com/message?sessionId=f2d060ac-ef2b-461c-8dfd-3c63a76a15cb&status=Online&runnerVersion=2.329.0&os=Windows&architecture=X64&disableUpdate=false timed out after 100 seconds.
[2025-12-14 23:52:08Z ERR  BrokerServer] Catch exception during request
[2025-12-14 23:52:08Z ERR  BrokerServer] System.TimeoutException: The HTTP request timed out after 00:01:40.
 ---> System.Threading.Tasks.TaskCanceledException: The request was canceled due to the configured HttpClient.Timeout of 100 seconds elapsing.
 ---> System.TimeoutException: A task was canceled.
 ---> System.Threading.Tasks.TaskCanceledException: A task was canceled.
   at GitHub.Services.Common.VssHttpRetryMessageHandler.SendAsync(HttpRequestMessage request, CancellationToken cancellationToken)
   at System.Net.Http.HttpClient.<SendAsync>g__Core|83_0(HttpRequestMessage request, HttpCompletionOption completionOption, CancellationTokenSource cts, Boolean disposeCts, CancellationTokenSource pendingRequestsCts, CancellationToken originalCancellationToken)
   --- End of inner exception stack trace ---
   --- End of inner exception stack trace ---
   at System.Net.Http.HttpClient.HandleFailure(Exception e, Boolean telemetryStarted, HttpResponseMessage response, CancellationTokenSource cts, CancellationToken cancellationToken, CancellationTokenSource pendingRequestsCts)
   at System.Net.Http.HttpClient.<SendAsync>g__Core|83_0(HttpRequestMessage request, HttpCompletionOption completionOption, CancellationTokenSource cts, Boolean disposeCts, CancellationTokenSource pendingRequestsCts, CancellationToken originalCancellationToken)
   at GitHub.Services.OAuth.VssOAuthTokenHttpClient.GetTokenAsync(VssOAuthGrant grant, VssOAuthClientCredential credential, VssOAuthTokenParameters tokenParameters, CancellationToken cancellationToken)
   at GitHub.Services.OAuth.VssOAuthTokenProvider.OnGetTokenAsync(IssuedToken failedToken, CancellationToken cancellationToken)
   at GitHub.Services.Common.IssuedTokenProvider.GetTokenOperation.GetTokenAsync(VssTraceActivity traceActivity)
   at GitHub.Services.Common.IssuedTokenProvider.GetTokenAsync(IssuedToken failedToken, CancellationToken cancellationToken)
   at GitHub.Services.Common.RawHttpMessageHandler.SendAsync(HttpRequestMessage request, CancellationToken cancellationToken)
   --- End of inner exception stack trace ---
   at GitHub.Services.Common.RawHttpMessageHandler.SendAsync(HttpRequestMessage request, CancellationToken cancellationToken)
   at GitHub.Services.Common.VssHttpRetryMessageHandler.SendAsync(HttpRequestMessage request, CancellationToken cancellationToken)
   at System.Net.Http.HttpClient.<SendAsync>g__Core|83_0(HttpRequestMessage request, HttpCompletionOption completionOption, CancellationTokenSource cts, Boolean disposeCts, CancellationTokenSource pendingRequestsCts, CancellationToken originalCancellationToken)
   at Sdk.WebApi.WebApi.RawHttpClientBase.SendAsync(HttpRequestMessage message, HttpCompletionOption completionOption, Object userState, CancellationToken cancellationToken)
   at Sdk.WebApi.WebApi.RawHttpClientBase.SendAsync[T](HttpRequestMessage message, Boolean readErrorBody, Object userState, CancellationToken cancellationToken)
   at Sdk.WebApi.WebApi.RawHttpClientBase.SendAsync[T](HttpMethod method, IEnumerable`1 additionalHeaders, Uri requestUri, HttpContent content, IEnumerable`1 queryParameters, Boolean readErrorBody, Object userState, CancellationToken cancellationToken)
   at GitHub.Actions.RunService.WebApi.BrokerHttpClient.GetRunnerMessageAsync(Nullable`1 sessionId, String runnerVersion, Nullable`1 status, String os, String architecture, Nullable`1 disableUpdate, CancellationToken cancellationToken)
   at GitHub.Runner.Common.BrokerServer.<>c__DisplayClass7_0.<<GetRunnerMessageAsync>b__0>d.MoveNext()
--- End of stack trace from previous location ---
   at GitHub.Runner.Common.RunnerService.RetryRequest[T](Func`1 func, CancellationToken cancellationToken, Int32 maxAttempts, Func`2 shouldRetry)
[2025-12-14 23:52:08Z ERR  BrokerServer] #####################################################
[2025-12-14 23:52:08Z ERR  BrokerServer] System.Threading.Tasks.TaskCanceledException: The request was canceled due to the configured HttpClient.Timeout of 100 seconds elapsing.
 ---> System.TimeoutException: A task was canceled.
 ---> System.Threading.Tasks.TaskCanceledException: A task was canceled.
   at GitHub.Services.Common.VssHttpRetryMessageHandler.SendAsync(HttpRequestMessage request, CancellationToken cancellationToken)
   at System.Net.Http.HttpClient.<SendAsync>g__Core|83_0(HttpRequestMessage request, HttpCompletionOption completionOption, CancellationTokenSource cts, Boolean disposeCts, CancellationTokenSource pendingRequestsCts, CancellationToken originalCancellationToken)
   --- End of inner exception stack trace ---
   --- End of inner exception stack trace ---
   at System.Net.Http.HttpClient.HandleFailure(Exception e, Boolean telemetryStarted, HttpResponseMessage response, CancellationTokenSource cts, CancellationToken cancellationToken, CancellationTokenSource pendingRequestsCts)
   at System.Net.Http.HttpClient.<SendAsync>g__Core|83_0(HttpRequestMessage request, HttpCompletionOption completionOption, CancellationTokenSource cts, Boolean disposeCts, CancellationTokenSource pendingRequestsCts, CancellationToken originalCancellationToken)
   at GitHub.Services.OAuth.VssOAuthTokenHttpClient.GetTokenAsync(VssOAuthGrant grant, VssOAuthClientCredential credential, VssOAuthTokenParameters tokenParameters, CancellationToken cancellationToken)
   at GitHub.Services.OAuth.VssOAuthTokenProvider.OnGetTokenAsync(IssuedToken failedToken, CancellationToken cancellationToken)
   at GitHub.Services.Common.IssuedTokenProvider.GetTokenOperation.GetTokenAsync(VssTraceActivity traceActivity)
   at GitHub.Services.Common.IssuedTokenProvider.GetTokenAsync(IssuedToken failedToken, CancellationToken cancellationToken)
   at GitHub.Services.Common.RawHttpMessageHandler.SendAsync(HttpRequestMessage request, CancellationToken cancellationToken)
[2025-12-14 23:52:08Z ERR  BrokerServer] #####################################################
[2025-12-14 23:52:08Z ERR  BrokerServer] System.TimeoutException: A task was canceled.
 ---> System.Threading.Tasks.TaskCanceledException: A task was canceled.
   at GitHub.Services.Common.VssHttpRetryMessageHandler.SendAsync(HttpRequestMessage request, CancellationToken cancellationToken)
   at System.Net.Http.HttpClient.<SendAsync>g__Core|83_0(HttpRequestMessage request, HttpCompletionOption completionOption, CancellationTokenSource cts, Boolean disposeCts, CancellationTokenSource pendingRequestsCts, CancellationToken originalCancellationToken)
   --- End of inner exception stack trace ---
[2025-12-14 23:52:08Z ERR  BrokerServer] #####################################################
[2025-12-14 23:52:08Z ERR  BrokerServer] System.Threading.Tasks.TaskCanceledException: A task was canceled.
   at GitHub.Services.Common.VssHttpRetryMessageHandler.SendAsync(HttpRequestMessage request, CancellationToken cancellationToken)
   at System.Net.Http.HttpClient.<SendAsync>g__Core|83_0(HttpRequestMessage request, HttpCompletionOption completionOption, CancellationTokenSource cts, Boolean disposeCts, CancellationTokenSource pendingRequestsCts, CancellationToken originalCancellationToken)
[2025-12-14 23:52:08Z WARN BrokerServer] Back off 12.874 seconds before next retry. 3 attempt left.
[2025-12-14 23:52:21Z INFO RSAEncryptedFileKeyManager] Loading RSA key parameters from file C:\Users\21265\user-management\actions-runner\.credentials_rsaparams
[2025-12-14 23:52:21Z WARN GitHubActionsService] Attempt 1 of POST request to https://tokenghub.actions.githubusercontent.com/_apis/oauth2/token/2457a419-b3a4-4944-b597-5d61a980a51a failed (Socket Error: ConnectionReset). The operation will be retried in 10.836 seconds.
[2025-12-14 23:52:32Z WARN GitHubActionsService] Attempt 2 of POST request to https://tokenghub.actions.githubusercontent.com/_apis/oauth2/token/2457a419-b3a4-4944-b597-5d61a980a51a failed (Socket Error: ConnectionReset). The operation will be retried in 13.153 seconds.
[2025-12-14 23:52:46Z WARN GitHubActionsService] Attempt 3 of POST request to https://tokenghub.actions.githubusercontent.com/_apis/oauth2/token/2457a419-b3a4-4944-b597-5d61a980a51a failed (Socket Error: ConnectionReset). The operation will be retried in 16.566 seconds.
[2025-12-14 23:53:03Z WARN GitHubActionsService] Attempt 4 of POST request to https://tokenghub.actions.githubusercontent.com/_apis/oauth2/token/2457a419-b3a4-4944-b597-5d61a980a51a failed (Socket Error: ConnectionReset). The operation will be retried in 25.795 seconds.
[2025-12-14 23:53:29Z WARN GitHubActionsService] Attempt 5 of POST request to https://tokenghub.actions.githubusercontent.com/_apis/oauth2/token/2457a419-b3a4-4944-b597-5d61a980a51a failed (Socket Error: ConnectionReset). The operation will be retried in 43.852 seconds.
[2025-12-14 23:54:01Z WARN GitHubActionsService] Retrieving an AAD auth token took a long time (100.0012309 seconds)
[2025-12-14 23:54:01Z WARN GitHubActionsService] GET request to https://broker.actions.githubusercontent.com/message?sessionId=f2d060ac-ef2b-461c-8dfd-3c63a76a15cb&status=Online&runnerVersion=2.329.0&os=Windows&architecture=X64&disableUpdate=false timed out after 100 seconds.
[2025-12-14 23:54:01Z ERR  BrokerServer] Catch exception during request
[2025-12-14 23:54:01Z ERR  BrokerServer] System.TimeoutException: The HTTP request timed out after 00:01:40.
 ---> System.Threading.Tasks.TaskCanceledException: A task was canceled.
 ---> System.Threading.Tasks.TaskCanceledException: A task was canceled.
   at GitHub.Services.Common.VssHttpRetryMessageHandler.SendAsync(HttpRequestMessage request, CancellationToken cancellationToken)
   at System.Net.Http.HttpClient.<SendAsync>g__Core|83_0(HttpRequestMessage request, HttpCompletionOption completionOption, CancellationTokenSource cts, Boolean disposeCts, CancellationTokenSource pendingRequestsCts, CancellationToken originalCancellationToken)
   --- End of inner exception stack trace ---
   at System.Net.Http.HttpClient.HandleFailure(Exception e, Boolean telemetryStarted, HttpResponseMessage response, CancellationTokenSource cts, CancellationToken cancellationToken, CancellationTokenSource pendingRequestsCts)
   at System.Net.Http.HttpClient.<SendAsync>g__Core|83_0(HttpRequestMessage request, HttpCompletionOption completionOption, CancellationTokenSource cts, Boolean disposeCts, CancellationTokenSource pendingRequestsCts, CancellationToken originalCancellationToken)
   at GitHub.Services.OAuth.VssOAuthTokenHttpClient.GetTokenAsync(VssOAuthGrant grant, VssOAuthClientCredential credential, VssOAuthTokenParameters tokenParameters, CancellationToken cancellationToken)
   at GitHub.Services.OAuth.VssOAuthTokenProvider.OnGetTokenAsync(IssuedToken failedToken, CancellationToken cancellationToken)
   at GitHub.Services.Common.IssuedTokenProvider.GetTokenOperation.GetTokenAsync(VssTraceActivity traceActivity)
   at GitHub.Services.Common.IssuedTokenProvider.GetTokenAsync(IssuedToken failedToken, CancellationToken cancellationToken)
   at GitHub.Services.Common.RawHttpMessageHandler.SendAsync(HttpRequestMessage request, CancellationToken cancellationToken)
   --- End of inner exception stack trace ---
   at GitHub.Services.Common.RawHttpMessageHandler.SendAsync(HttpRequestMessage request, CancellationToken cancellationToken)
   at GitHub.Services.Common.VssHttpRetryMessageHandler.SendAsync(HttpRequestMessage request, CancellationToken cancellationToken)
   at System.Net.Http.HttpClient.<SendAsync>g__Core|83_0(HttpRequestMessage request, HttpCompletionOption completionOption, CancellationTokenSource cts, Boolean disposeCts, CancellationTokenSource pendingRequestsCts, CancellationToken originalCancellationToken)
   at Sdk.WebApi.WebApi.RawHttpClientBase.SendAsync(HttpRequestMessage message, HttpCompletionOption completionOption, Object userState, CancellationToken cancellationToken)
   at Sdk.WebApi.WebApi.RawHttpClientBase.SendAsync[T](HttpRequestMessage message, Boolean readErrorBody, Object userState, CancellationToken cancellationToken)
   at Sdk.WebApi.WebApi.RawHttpClientBase.SendAsync[T](HttpMethod method, IEnumerable`1 additionalHeaders, Uri requestUri, HttpContent content, IEnumerable`1 queryParameters, Boolean readErrorBody, Object userState, CancellationToken cancellationToken)
   at GitHub.Actions.RunService.WebApi.BrokerHttpClient.GetRunnerMessageAsync(Nullable`1 sessionId, String runnerVersion, Nullable`1 status, String os, String architecture, Nullable`1 disableUpdate, CancellationToken cancellationToken)
   at GitHub.Runner.Common.BrokerServer.<>c__DisplayClass7_0.<<GetRunnerMessageAsync>b__0>d.MoveNext()
--- End of stack trace from previous location ---
   at GitHub.Runner.Common.RunnerService.RetryRequest[T](Func`1 func, CancellationToken cancellationToken, Int32 maxAttempts, Func`2 shouldRetry)
[2025-12-14 23:54:01Z ERR  BrokerServer] #####################################################
[2025-12-14 23:54:01Z ERR  BrokerServer] System.Threading.Tasks.TaskCanceledException: A task was canceled.
 ---> System.Threading.Tasks.TaskCanceledException: A task was canceled.
   at GitHub.Services.Common.VssHttpRetryMessageHandler.SendAsync(HttpRequestMessage request, CancellationToken cancellationToken)
   at System.Net.Http.HttpClient.<SendAsync>g__Core|83_0(HttpRequestMessage request, HttpCompletionOption completionOption, CancellationTokenSource cts, Boolean disposeCts, CancellationTokenSource pendingRequestsCts, CancellationToken originalCancellationToken)
   --- End of inner exception stack trace ---
   at System.Net.Http.HttpClient.HandleFailure(Exception e, Boolean telemetryStarted, HttpResponseMessage response, CancellationTokenSource cts, CancellationToken cancellationToken, CancellationTokenSource pendingRequestsCts)
   at System.Net.Http.HttpClient.<SendAsync>g__Core|83_0(HttpRequestMessage request, HttpCompletionOption completionOption, CancellationTokenSource cts, Boolean disposeCts, CancellationTokenSource pendingRequestsCts, CancellationToken originalCancellationToken)
   at GitHub.Services.OAuth.VssOAuthTokenHttpClient.GetTokenAsync(VssOAuthGrant grant, VssOAuthClientCredential credential, VssOAuthTokenParameters tokenParameters, CancellationToken cancellationToken)
   at GitHub.Services.OAuth.VssOAuthTokenProvider.OnGetTokenAsync(IssuedToken failedToken, CancellationToken cancellationToken)
   at GitHub.Services.Common.IssuedTokenProvider.GetTokenOperation.GetTokenAsync(VssTraceActivity traceActivity)
   at GitHub.Services.Common.IssuedTokenProvider.GetTokenAsync(IssuedToken failedToken, CancellationToken cancellationToken)
   at GitHub.Services.Common.RawHttpMessageHandler.SendAsync(HttpRequestMessage request, CancellationToken cancellationToken)
[2025-12-14 23:54:01Z ERR  BrokerServer] #####################################################
[2025-12-14 23:54:01Z ERR  BrokerServer] System.Threading.Tasks.TaskCanceledException: A task was canceled.
   at GitHub.Services.Common.VssHttpRetryMessageHandler.SendAsync(HttpRequestMessage request, CancellationToken cancellationToken)
   at System.Net.Http.HttpClient.<SendAsync>g__Core|83_0(HttpRequestMessage request, HttpCompletionOption completionOption, CancellationTokenSource cts, Boolean disposeCts, CancellationTokenSource pendingRequestsCts, CancellationToken originalCancellationToken)
[2025-12-14 23:54:01Z WARN BrokerServer] Back off 8.175 seconds before next retry. 2 attempt left.
[2025-12-14 23:54:09Z INFO RSAEncryptedFileKeyManager] Loading RSA key parameters from file C:\Users\21265\user-management\actions-runner\.credentials_rsaparams
[2025-12-14 23:54:10Z WARN GitHubActionsService] Attempt 1 of POST request to https://tokenghub.actions.githubusercontent.com/_apis/oauth2/token/2457a419-b3a4-4944-b597-5d61a980a51a failed (Socket Error: ConnectionReset). The operation will be retried in 11.093 seconds.
[2025-12-14 23:54:21Z WARN GitHubActionsService] Attempt 2 of POST request to https://tokenghub.actions.githubusercontent.com/_apis/oauth2/token/2457a419-b3a4-4944-b597-5d61a980a51a failed (Socket Error: ConnectionReset). The operation will be retried in 12.58 seconds.
[2025-12-14 23:54:34Z WARN GitHubActionsService] Attempt 3 of POST request to https://tokenghub.actions.githubusercontent.com/_apis/oauth2/token/2457a419-b3a4-4944-b597-5d61a980a51a failed (Socket Error: ConnectionReset). The operation will be retried in 16.237 seconds.
[2025-12-14 23:54:50Z WARN GitHubActionsService] Attempt 4 of POST request to https://tokenghub.actions.githubusercontent.com/_apis/oauth2/token/2457a419-b3a4-4944-b597-5d61a980a51a failed (Socket Error: ConnectionReset). The operation will be retried in 24.625 seconds.
[2025-12-14 23:55:15Z WARN GitHubActionsService] Attempt 5 of POST request to https://tokenghub.actions.githubusercontent.com/_apis/oauth2/token/2457a419-b3a4-4944-b597-5d61a980a51a failed (Socket Error: ConnectionReset). The operation will be retried in 42.674 seconds.
[2025-12-14 23:55:49Z WARN GitHubActionsService] Retrieving an AAD auth token took a long time (100.0141183 seconds)
[2025-12-14 23:55:49Z WARN GitHubActionsService] GET request to https://broker.actions.githubusercontent.com/message?sessionId=f2d060ac-ef2b-461c-8dfd-3c63a76a15cb&status=Online&runnerVersion=2.329.0&os=Windows&architecture=X64&disableUpdate=false timed out after 100 seconds.
[2025-12-14 23:55:49Z ERR  BrokerServer] Catch exception during request
[2025-12-14 23:55:49Z ERR  BrokerServer] System.TimeoutException: The HTTP request timed out after 00:01:40.
 ---> System.Threading.Tasks.TaskCanceledException: The request was canceled due to the configured HttpClient.Timeout of 100 seconds elapsing.
 ---> System.TimeoutException: A task was canceled.
 ---> System.Threading.Tasks.TaskCanceledException: A task was canceled.
   at GitHub.Services.Common.VssHttpRetryMessageHandler.SendAsync(HttpRequestMessage request, CancellationToken cancellationToken)
   at System.Net.Http.HttpClient.<SendAsync>g__Core|83_0(HttpRequestMessage request, HttpCompletionOption completionOption, CancellationTokenSource cts, Boolean disposeCts, CancellationTokenSource pendingRequestsCts, CancellationToken originalCancellationToken)
   --- End of inner exception stack trace ---
   --- End of inner exception stack trace ---
   at System.Net.Http.HttpClient.HandleFailure(Exception e, Boolean telemetryStarted, HttpResponseMessage response, CancellationTokenSource cts, CancellationToken cancellationToken, CancellationTokenSource pendingRequestsCts)
   at System.Net.Http.HttpClient.<SendAsync>g__Core|83_0(HttpRequestMessage request, HttpCompletionOption completionOption, CancellationTokenSource cts, Boolean disposeCts, CancellationTokenSource pendingRequestsCts, CancellationToken originalCancellationToken)
   at GitHub.Services.OAuth.VssOAuthTokenHttpClient.GetTokenAsync(VssOAuthGrant grant, VssOAuthClientCredential credential, VssOAuthTokenParameters tokenParameters, CancellationToken cancellationToken)
   at GitHub.Services.OAuth.VssOAuthTokenProvider.OnGetTokenAsync(IssuedToken failedToken, CancellationToken cancellationToken)
   at GitHub.Services.Common.IssuedTokenProvider.GetTokenOperation.GetTokenAsync(VssTraceActivity traceActivity)
   at GitHub.Services.Common.IssuedTokenProvider.GetTokenAsync(IssuedToken failedToken, CancellationToken cancellationToken)
   at GitHub.Services.Common.RawHttpMessageHandler.SendAsync(HttpRequestMessage request, CancellationToken cancellationToken)
   --- End of inner exception stack trace ---
   at GitHub.Services.Common.RawHttpMessageHandler.SendAsync(HttpRequestMessage request, CancellationToken cancellationToken)
   at GitHub.Services.Common.VssHttpRetryMessageHandler.SendAsync(HttpRequestMessage request, CancellationToken cancellationToken)
   at System.Net.Http.HttpClient.<SendAsync>g__Core|83_0(HttpRequestMessage request, HttpCompletionOption completionOption, CancellationTokenSource cts, Boolean disposeCts, CancellationTokenSource pendingRequestsCts, CancellationToken originalCancellationToken)
   at Sdk.WebApi.WebApi.RawHttpClientBase.SendAsync(HttpRequestMessage message, HttpCompletionOption completionOption, Object userState, CancellationToken cancellationToken)
   at Sdk.WebApi.WebApi.RawHttpClientBase.SendAsync[T](HttpRequestMessage message, Boolean readErrorBody, Object userState, CancellationToken cancellationToken)
   at Sdk.WebApi.WebApi.RawHttpClientBase.SendAsync[T](HttpMethod method, IEnumerable`1 additionalHeaders, Uri requestUri, HttpContent content, IEnumerable`1 queryParameters, Boolean readErrorBody, Object userState, CancellationToken cancellationToken)
   at GitHub.Actions.RunService.WebApi.BrokerHttpClient.GetRunnerMessageAsync(Nullable`1 sessionId, String runnerVersion, Nullable`1 status, String os, String architecture, Nullable`1 disableUpdate, CancellationToken cancellationToken)
   at GitHub.Runner.Common.BrokerServer.<>c__DisplayClass7_0.<<GetRunnerMessageAsync>b__0>d.MoveNext()
--- End of stack trace from previous location ---
   at GitHub.Runner.Common.RunnerService.RetryRequest[T](Func`1 func, CancellationToken cancellationToken, Int32 maxAttempts, Func`2 shouldRetry)
[2025-12-14 23:55:49Z ERR  BrokerServer] #####################################################
[2025-12-14 23:55:49Z ERR  BrokerServer] System.Threading.Tasks.TaskCanceledException: The request was canceled due to the configured HttpClient.Timeout of 100 seconds elapsing.
 ---> System.TimeoutException: A task was canceled.
 ---> System.Threading.Tasks.TaskCanceledException: A task was canceled.
   at GitHub.Services.Common.VssHttpRetryMessageHandler.SendAsync(HttpRequestMessage request, CancellationToken cancellationToken)
   at System.Net.Http.HttpClient.<SendAsync>g__Core|83_0(HttpRequestMessage request, HttpCompletionOption completionOption, CancellationTokenSource cts, Boolean disposeCts, CancellationTokenSource pendingRequestsCts, CancellationToken originalCancellationToken)
   --- End of inner exception stack trace ---
   --- End of inner exception stack trace ---
   at System.Net.Http.HttpClient.HandleFailure(Exception e, Boolean telemetryStarted, HttpResponseMessage response, CancellationTokenSource cts, CancellationToken cancellationToken, CancellationTokenSource pendingRequestsCts)
   at System.Net.Http.HttpClient.<SendAsync>g__Core|83_0(HttpRequestMessage request, HttpCompletionOption completionOption, CancellationTokenSource cts, Boolean disposeCts, CancellationTokenSource pendingRequestsCts, CancellationToken originalCancellationToken)
   at GitHub.Services.OAuth.VssOAuthTokenHttpClient.GetTokenAsync(VssOAuthGrant grant, VssOAuthClientCredential credential, VssOAuthTokenParameters tokenParameters, CancellationToken cancellationToken)
   at GitHub.Services.OAuth.VssOAuthTokenProvider.OnGetTokenAsync(IssuedToken failedToken, CancellationToken cancellationToken)
   at GitHub.Services.Common.IssuedTokenProvider.GetTokenOperation.GetTokenAsync(VssTraceActivity traceActivity)
   at GitHub.Services.Common.IssuedTokenProvider.GetTokenAsync(IssuedToken failedToken, CancellationToken cancellationToken)
   at GitHub.Services.Common.RawHttpMessageHandler.SendAsync(HttpRequestMessage request, CancellationToken cancellationToken)
[2025-12-14 23:55:49Z ERR  BrokerServer] #####################################################
[2025-12-14 23:55:49Z ERR  BrokerServer] System.TimeoutException: A task was canceled.
 ---> System.Threading.Tasks.TaskCanceledException: A task was canceled.
   at GitHub.Services.Common.VssHttpRetryMessageHandler.SendAsync(HttpRequestMessage request, CancellationToken cancellationToken)
   at System.Net.Http.HttpClient.<SendAsync>g__Core|83_0(HttpRequestMessage request, HttpCompletionOption completionOption, CancellationTokenSource cts, Boolean disposeCts, CancellationTokenSource pendingRequestsCts, CancellationToken originalCancellationToken)
   --- End of inner exception stack trace ---
[2025-12-14 23:55:49Z ERR  BrokerServer] #####################################################
[2025-12-14 23:55:49Z ERR  BrokerServer] System.Threading.Tasks.TaskCanceledException: A task was canceled.
   at GitHub.Services.Common.VssHttpRetryMessageHandler.SendAsync(HttpRequestMessage request, CancellationToken cancellationToken)
   at System.Net.Http.HttpClient.<SendAsync>g__Core|83_0(HttpRequestMessage request, HttpCompletionOption completionOption, CancellationTokenSource cts, Boolean disposeCts, CancellationTokenSource pendingRequestsCts, CancellationToken originalCancellationToken)
[2025-12-14 23:55:49Z WARN BrokerServer] Back off 7.286 seconds before next retry. 1 attempt left.
[2025-12-14 23:55:57Z INFO RSAEncryptedFileKeyManager] Loading RSA key parameters from file C:\Users\21265\user-management\actions-runner\.credentials_rsaparams
[2025-12-14 23:55:57Z WARN GitHubActionsService] Attempt 1 of POST request to https://tokenghub.actions.githubusercontent.com/_apis/oauth2/token/2457a419-b3a4-4944-b597-5d61a980a51a failed (Socket Error: ConnectionReset). The operation will be retried in 11.034 seconds.
[2025-12-14 23:56:08Z WARN GitHubActionsService] Attempt 2 of POST request to https://tokenghub.actions.githubusercontent.com/_apis/oauth2/token/2457a419-b3a4-4944-b597-5d61a980a51a failed (Socket Error: ConnectionReset). The operation will be retried in 12.679 seconds.
[2025-12-14 23:56:21Z WARN GitHubActionsService] Attempt 3 of POST request to https://tokenghub.actions.githubusercontent.com/_apis/oauth2/token/2457a419-b3a4-4944-b597-5d61a980a51a failed (Socket Error: ConnectionReset). The operation will be retried in 17.994 seconds.
[2025-12-14 23:56:39Z WARN GitHubActionsService] Attempt 4 of POST request to https://tokenghub.actions.githubusercontent.com/_apis/oauth2/token/2457a419-b3a4-4944-b597-5d61a980a51a failed (Socket Error: ConnectionReset). The operation will be retried in 27.205 seconds.
[2025-12-14 23:57:07Z WARN GitHubActionsService] Attempt 5 of POST request to https://tokenghub.actions.githubusercontent.com/_apis/oauth2/token/2457a419-b3a4-4944-b597-5d61a980a51a failed (Socket Error: ConnectionReset). The operation will be retried in 42.302 seconds.
[2025-12-14 23:57:37Z WARN GitHubActionsService] Retrieving an AAD auth token took a long time (100.0019214 seconds)
[2025-12-14 23:57:37Z WARN GitHubActionsService] GET request to https://broker.actions.githubusercontent.com/message?sessionId=f2d060ac-ef2b-461c-8dfd-3c63a76a15cb&status=Online&runnerVersion=2.329.0&os=Windows&architecture=X64&disableUpdate=false timed out after 100 seconds.
[2025-12-14 23:57:37Z ERR  BrokerMessageListener] Catch exception during get next message.
[2025-12-14 23:57:37Z ERR  BrokerMessageListener] System.TimeoutException: The HTTP request timed out after 00:01:40.
 ---> System.Threading.Tasks.TaskCanceledException: A task was canceled.
 ---> System.Threading.Tasks.TaskCanceledException: A task was canceled.
   at GitHub.Services.Common.VssHttpRetryMessageHandler.SendAsync(HttpRequestMessage request, CancellationToken cancellationToken)
   at System.Net.Http.HttpClient.<SendAsync>g__Core|83_0(HttpRequestMessage request, HttpCompletionOption completionOption, CancellationTokenSource cts, Boolean disposeCts, CancellationTokenSource pendingRequestsCts, CancellationToken originalCancellationToken)
   --- End of inner exception stack trace ---
   at System.Net.Http.HttpClient.HandleFailure(Exception e, Boolean telemetryStarted, HttpResponseMessage response, CancellationTokenSource cts, CancellationToken cancellationToken, CancellationTokenSource pendingRequestsCts)
   at System.Net.Http.HttpClient.<SendAsync>g__Core|83_0(HttpRequestMessage request, HttpCompletionOption completionOption, CancellationTokenSource cts, Boolean disposeCts, CancellationTokenSource pendingRequestsCts, CancellationToken originalCancellationToken)
   at GitHub.Services.OAuth.VssOAuthTokenHttpClient.GetTokenAsync(VssOAuthGrant grant, VssOAuthClientCredential credential, VssOAuthTokenParameters tokenParameters, CancellationToken cancellationToken)
   at GitHub.Services.OAuth.VssOAuthTokenProvider.OnGetTokenAsync(IssuedToken failedToken, CancellationToken cancellationToken)
   at GitHub.Services.Common.IssuedTokenProvider.GetTokenOperation.GetTokenAsync(VssTraceActivity traceActivity)
   at GitHub.Services.Common.IssuedTokenProvider.GetTokenAsync(IssuedToken failedToken, CancellationToken cancellationToken)
   at GitHub.Services.Common.RawHttpMessageHandler.SendAsync(HttpRequestMessage request, CancellationToken cancellationToken)
   --- End of inner exception stack trace ---
   at GitHub.Services.Common.RawHttpMessageHandler.SendAsync(HttpRequestMessage request, CancellationToken cancellationToken)
   at GitHub.Services.Common.VssHttpRetryMessageHandler.SendAsync(HttpRequestMessage request, CancellationToken cancellationToken)
   at System.Net.Http.HttpClient.<SendAsync>g__Core|83_0(HttpRequestMessage request, HttpCompletionOption completionOption, CancellationTokenSource cts, Boolean disposeCts, CancellationTokenSource pendingRequestsCts, CancellationToken originalCancellationToken)
   at Sdk.WebApi.WebApi.RawHttpClientBase.SendAsync(HttpRequestMessage message, HttpCompletionOption completionOption, Object userState, CancellationToken cancellationToken)
   at Sdk.WebApi.WebApi.RawHttpClientBase.SendAsync[T](HttpRequestMessage message, Boolean readErrorBody, Object userState, CancellationToken cancellationToken)
   at Sdk.WebApi.WebApi.RawHttpClientBase.SendAsync[T](HttpMethod method, IEnumerable`1 additionalHeaders, Uri requestUri, HttpContent content, IEnumerable`1 queryParameters, Boolean readErrorBody, Object userState, CancellationToken cancellationToken)
   at GitHub.Actions.RunService.WebApi.BrokerHttpClient.GetRunnerMessageAsync(Nullable`1 sessionId, String runnerVersion, Nullable`1 status, String os, String architecture, Nullable`1 disableUpdate, CancellationToken cancellationToken)
   at GitHub.Runner.Common.BrokerServer.<>c__DisplayClass7_0.<<GetRunnerMessageAsync>b__0>d.MoveNext()
--- End of stack trace from previous location ---
   at GitHub.Runner.Common.RunnerService.RetryRequest[T](Func`1 func, CancellationToken cancellationToken, Int32 maxAttempts, Func`2 shouldRetry)
   at GitHub.Runner.Listener.BrokerMessageListener.GetNextMessageAsync(CancellationToken token)
[2025-12-14 23:57:37Z ERR  BrokerMessageListener] #####################################################
[2025-12-14 23:57:37Z ERR  BrokerMessageListener] System.Threading.Tasks.TaskCanceledException: A task was canceled.
 ---> System.Threading.Tasks.TaskCanceledException: A task was canceled.
   at GitHub.Services.Common.VssHttpRetryMessageHandler.SendAsync(HttpRequestMessage request, CancellationToken cancellationToken)
   at System.Net.Http.HttpClient.<SendAsync>g__Core|83_0(HttpRequestMessage request, HttpCompletionOption completionOption, CancellationTokenSource cts, Boolean disposeCts, CancellationTokenSource pendingRequestsCts, CancellationToken originalCancellationToken)
   --- End of inner exception stack trace ---
   at System.Net.Http.HttpClient.HandleFailure(Exception e, Boolean telemetryStarted, HttpResponseMessage response, CancellationTokenSource cts, CancellationToken cancellationToken, CancellationTokenSource pendingRequestsCts)
   at System.Net.Http.HttpClient.<SendAsync>g__Core|83_0(HttpRequestMessage request, HttpCompletionOption completionOption, CancellationTokenSource cts, Boolean disposeCts, CancellationTokenSource pendingRequestsCts, CancellationToken originalCancellationToken)
   at GitHub.Services.OAuth.VssOAuthTokenHttpClient.GetTokenAsync(VssOAuthGrant grant, VssOAuthClientCredential credential, VssOAuthTokenParameters tokenParameters, CancellationToken cancellationToken)
   at GitHub.Services.OAuth.VssOAuthTokenProvider.OnGetTokenAsync(IssuedToken failedToken, CancellationToken cancellationToken)
   at GitHub.Services.Common.IssuedTokenProvider.GetTokenOperation.GetTokenAsync(VssTraceActivity traceActivity)
   at GitHub.Services.Common.IssuedTokenProvider.GetTokenAsync(IssuedToken failedToken, CancellationToken cancellationToken)
   at GitHub.Services.Common.RawHttpMessageHandler.SendAsync(HttpRequestMessage request, CancellationToken cancellationToken)
[2025-12-14 23:57:37Z ERR  BrokerMessageListener] #####################################################
[2025-12-14 23:57:37Z ERR  BrokerMessageListener] System.Threading.Tasks.TaskCanceledException: A task was canceled.
   at GitHub.Services.Common.VssHttpRetryMessageHandler.SendAsync(HttpRequestMessage request, CancellationToken cancellationToken)
   at System.Net.Http.HttpClient.<SendAsync>g__Core|83_0(HttpRequestMessage request, HttpCompletionOption completionOption, CancellationTokenSource cts, Boolean disposeCts, CancellationTokenSource pendingRequestsCts, CancellationToken originalCancellationToken)
[2025-12-14 23:57:37Z INFO BrokerMessageListener] Retriable exception: The HTTP request timed out after 00:01:40.
[2025-12-14 23:57:37Z INFO BrokerMessageListener] Reload credentials.
[2025-12-14 23:57:37Z INFO ConfigurationStore] HasCredentials()
[2025-12-14 23:57:37Z INFO ConfigurationStore] stored True
[2025-12-14 23:57:37Z INFO CredentialManager] GetCredentialProvider
[2025-12-14 23:57:37Z INFO CredentialManager] Creating type OAuth
[2025-12-14 23:57:37Z INFO CredentialManager] Creating credential type: OAuth
[2025-12-14 23:57:37Z INFO RSAEncryptedFileKeyManager] Loading RSA key parameters from file C:\Users\21265\user-management\actions-runner\.credentials_rsaparams
[2025-12-14 23:57:37Z INFO BrokerMessageListener] Connection to Broker Server recreated.
[2025-12-14 23:57:37Z INFO BrokerMessageListener] Sleeping for 20.34 seconds before retrying.
[2025-12-14 23:57:57Z INFO RSAEncryptedFileKeyManager] Loading RSA key parameters from file C:\Users\21265\user-management\actions-runner\.credentials_rsaparams
[2025-12-14 23:57:57Z INFO RSAEncryptedFileKeyManager] Loading RSA key parameters from file C:\Users\21265\user-management\actions-runner\.credentials_rsaparams
[2025-12-14 23:57:57Z WARN GitHubActionsService] Attempt 1 of POST request to https://tokenghub.actions.githubusercontent.com/_apis/oauth2/token/2457a419-b3a4-4944-b597-5d61a980a51a failed (Socket Error: ConnectionReset). The operation will be retried in 11.197 seconds.
[2025-12-14 23:58:09Z WARN GitHubActionsService] Attempt 2 of POST request to https://tokenghub.actions.githubusercontent.com/_apis/oauth2/token/2457a419-b3a4-4944-b597-5d61a980a51a failed (Socket Error: ConnectionReset). The operation will be retried in 12.661 seconds.
[2025-12-14 23:58:22Z WARN GitHubActionsService] Attempt 3 of POST request to https://tokenghub.actions.githubusercontent.com/_apis/oauth2/token/2457a419-b3a4-4944-b597-5d61a980a51a failed (Socket Error: ConnectionReset). The operation will be retried in 16.083 seconds.
[2025-12-14 23:58:38Z WARN GitHubActionsService] Attempt 4 of POST request to https://tokenghub.actions.githubusercontent.com/_apis/oauth2/token/2457a419-b3a4-4944-b597-5d61a980a51a failed (Socket Error: ConnectionReset). The operation will be retried in 22.93 seconds.
[2025-12-14 23:59:01Z WARN GitHubActionsService] Attempt 5 of POST request to https://tokenghub.actions.githubusercontent.com/_apis/oauth2/token/2457a419-b3a4-4944-b597-5d61a980a51a failed (Socket Error: ConnectionReset). The operation will be retried in 38.365 seconds.
[2025-12-14 23:59:37Z WARN GitHubActionsService] Retrieving an AAD auth token took a long time (100.0053336 seconds)
[2025-12-14 23:59:37Z WARN GitHubActionsService] GET request to https://broker.actions.githubusercontent.com/message?sessionId=f2d060ac-ef2b-461c-8dfd-3c63a76a15cb&status=Online&runnerVersion=2.329.0&os=Windows&architecture=X64&disableUpdate=false timed out after 100 seconds.
[2025-12-14 23:59:37Z ERR  BrokerServer] Catch exception during request
[2025-12-14 23:59:37Z ERR  BrokerServer] System.TimeoutException: The HTTP request timed out after 00:01:40.
 ---> System.Threading.Tasks.TaskCanceledException: A task was canceled.
 ---> System.Threading.Tasks.TaskCanceledException: A task was canceled.
   at GitHub.Services.Common.VssHttpRetryMessageHandler.SendAsync(HttpRequestMessage request, CancellationToken cancellationToken)
   at System.Net.Http.HttpClient.<SendAsync>g__Core|83_0(HttpRequestMessage request, HttpCompletionOption completionOption, CancellationTokenSource cts, Boolean disposeCts, CancellationTokenSource pendingRequestsCts, CancellationToken originalCancellationToken)
   --- End of inner exception stack trace ---
   at System.Net.Http.HttpClient.HandleFailure(Exception e, Boolean telemetryStarted, HttpResponseMessage response, CancellationTokenSource cts, CancellationToken cancellationToken, CancellationTokenSource pendingRequestsCts)
   at System.Net.Http.HttpClient.<SendAsync>g__Core|83_0(HttpRequestMessage request, HttpCompletionOption completionOption, CancellationTokenSource cts, Boolean disposeCts, CancellationTokenSource pendingRequestsCts, CancellationToken originalCancellationToken)
   at GitHub.Services.OAuth.VssOAuthTokenHttpClient.GetTokenAsync(VssOAuthGrant grant, VssOAuthClientCredential credential, VssOAuthTokenParameters tokenParameters, CancellationToken cancellationToken)
   at GitHub.Services.OAuth.VssOAuthTokenProvider.OnGetTokenAsync(IssuedToken failedToken, CancellationToken cancellationToken)
   at GitHub.Services.Common.IssuedTokenProvider.GetTokenOperation.GetTokenAsync(VssTraceActivity traceActivity)
   at GitHub.Services.Common.IssuedTokenProvider.GetTokenAsync(IssuedToken failedToken, CancellationToken cancellationToken)
   at GitHub.Services.Common.RawHttpMessageHandler.SendAsync(HttpRequestMessage request, CancellationToken cancellationToken)
   --- End of inner exception stack trace ---
   at GitHub.Services.Common.RawHttpMessageHandler.SendAsync(HttpRequestMessage request, CancellationToken cancellationToken)
   at GitHub.Services.Common.VssHttpRetryMessageHandler.SendAsync(HttpRequestMessage request, CancellationToken cancellationToken)
   at System.Net.Http.HttpClient.<SendAsync>g__Core|83_0(HttpRequestMessage request, HttpCompletionOption completionOption, CancellationTokenSource cts, Boolean disposeCts, CancellationTokenSource pendingRequestsCts, CancellationToken originalCancellationToken)
   at Sdk.WebApi.WebApi.RawHttpClientBase.SendAsync(HttpRequestMessage message, HttpCompletionOption completionOption, Object userState, CancellationToken cancellationToken)
   at Sdk.WebApi.WebApi.RawHttpClientBase.SendAsync[T](HttpRequestMessage message, Boolean readErrorBody, Object userState, CancellationToken cancellationToken)
   at Sdk.WebApi.WebApi.RawHttpClientBase.SendAsync[T](HttpMethod method, IEnumerable`1 additionalHeaders, Uri requestUri, HttpContent content, IEnumerable`1 queryParameters, Boolean readErrorBody, Object userState, CancellationToken cancellationToken)
   at GitHub.Actions.RunService.WebApi.BrokerHttpClient.GetRunnerMessageAsync(Nullable`1 sessionId, String runnerVersion, Nullable`1 status, String os, String architecture, Nullable`1 disableUpdate, CancellationToken cancellationToken)
   at GitHub.Runner.Common.BrokerServer.<>c__DisplayClass7_0.<<GetRunnerMessageAsync>b__0>d.MoveNext()
--- End of stack trace from previous location ---
   at GitHub.Runner.Common.RunnerService.RetryRequest[T](Func`1 func, CancellationToken cancellationToken, Int32 maxAttempts, Func`2 shouldRetry)
[2025-12-14 23:59:37Z ERR  BrokerServer] #####################################################
[2025-12-14 23:59:37Z ERR  BrokerServer] System.Threading.Tasks.TaskCanceledException: A task was canceled.
 ---> System.Threading.Tasks.TaskCanceledException: A task was canceled.
   at GitHub.Services.Common.VssHttpRetryMessageHandler.SendAsync(HttpRequestMessage request, CancellationToken cancellationToken)
   at System.Net.Http.HttpClient.<SendAsync>g__Core|83_0(HttpRequestMessage request, HttpCompletionOption completionOption, CancellationTokenSource cts, Boolean disposeCts, CancellationTokenSource pendingRequestsCts, CancellationToken originalCancellationToken)
   --- End of inner exception stack trace ---
   at System.Net.Http.HttpClient.HandleFailure(Exception e, Boolean telemetryStarted, HttpResponseMessage response, CancellationTokenSource cts, CancellationToken cancellationToken, CancellationTokenSource pendingRequestsCts)
   at System.Net.Http.HttpClient.<SendAsync>g__Core|83_0(HttpRequestMessage request, HttpCompletionOption completionOption, CancellationTokenSource cts, Boolean disposeCts, CancellationTokenSource pendingRequestsCts, CancellationToken originalCancellationToken)
   at GitHub.Services.OAuth.VssOAuthTokenHttpClient.GetTokenAsync(VssOAuthGrant grant, VssOAuthClientCredential credential, VssOAuthTokenParameters tokenParameters, CancellationToken cancellationToken)
   at GitHub.Services.OAuth.VssOAuthTokenProvider.OnGetTokenAsync(IssuedToken failedToken, CancellationToken cancellationToken)
   at GitHub.Services.Common.IssuedTokenProvider.GetTokenOperation.GetTokenAsync(VssTraceActivity traceActivity)
   at GitHub.Services.Common.IssuedTokenProvider.GetTokenAsync(IssuedToken failedToken, CancellationToken cancellationToken)
   at GitHub.Services.Common.RawHttpMessageHandler.SendAsync(HttpRequestMessage request, CancellationToken cancellationToken)
[2025-12-14 23:59:37Z ERR  BrokerServer] #####################################################
[2025-12-14 23:59:37Z ERR  BrokerServer] System.Threading.Tasks.TaskCanceledException: A task was canceled.
   at GitHub.Services.Common.VssHttpRetryMessageHandler.SendAsync(HttpRequestMessage request, CancellationToken cancellationToken)
   at System.Net.Http.HttpClient.<SendAsync>g__Core|83_0(HttpRequestMessage request, HttpCompletionOption completionOption, CancellationTokenSource cts, Boolean disposeCts, CancellationTokenSource pendingRequestsCts, CancellationToken originalCancellationToken)
[2025-12-14 23:59:37Z WARN BrokerServer] Back off 6.871 seconds before next retry. 4 attempt left.
[2025-12-14 23:59:44Z INFO RSAEncryptedFileKeyManager] Loading RSA key parameters from file C:\Users\21265\user-management\actions-runner\.credentials_rsaparams
[2025-12-14 23:59:44Z WARN GitHubActionsService] Attempt 1 of POST request to https://tokenghub.actions.githubusercontent.com/_apis/oauth2/token/2457a419-b3a4-4944-b597-5d61a980a51a failed (Socket Error: ConnectionReset). The operation will be retried in 10.804 seconds.
[2025-12-14 23:59:55Z WARN GitHubActionsService] Attempt 2 of POST request to https://tokenghub.actions.githubusercontent.com/_apis/oauth2/token/2457a419-b3a4-4944-b597-5d61a980a51a failed (Socket Error: ConnectionReset). The operation will be retried in 13.423 seconds.
[2025-12-15 00:00:09Z WARN GitHubActionsService] Attempt 3 of POST request to https://tokenghub.actions.githubusercontent.com/_apis/oauth2/token/2457a419-b3a4-4944-b597-5d61a980a51a failed (Socket Error: ConnectionReset). The operation will be retried in 17.805 seconds.
[2025-12-15 00:00:27Z WARN GitHubActionsService] Attempt 4 of POST request to https://tokenghub.actions.githubusercontent.com/_apis/oauth2/token/2457a419-b3a4-4944-b597-5d61a980a51a failed (Socket Error: ConnectionReset). The operation will be retried in 24.79 seconds.
[2025-12-15 00:00:52Z WARN GitHubActionsService] Attempt 5 of POST request to https://tokenghub.actions.githubusercontent.com/_apis/oauth2/token/2457a419-b3a4-4944-b597-5d61a980a51a failed (Socket Error: ConnectionReset). The operation will be retried in 38.365 seconds.
[2025-12-15 00:01:24Z WARN GitHubActionsService] Retrieving an AAD auth token took a long time (100.0150272 seconds)
[2025-12-15 00:01:24Z WARN GitHubActionsService] GET request to https://broker.actions.githubusercontent.com/message?sessionId=f2d060ac-ef2b-461c-8dfd-3c63a76a15cb&status=Online&runnerVersion=2.329.0&os=Windows&architecture=X64&disableUpdate=false timed out after 100 seconds.
[2025-12-15 00:01:24Z ERR  BrokerServer] Catch exception during request
[2025-12-15 00:01:24Z ERR  BrokerServer] System.TimeoutException: The HTTP request timed out after 00:01:40.
 ---> System.Threading.Tasks.TaskCanceledException: The request was canceled due to the configured HttpClient.Timeout of 100 seconds elapsing.
 ---> System.TimeoutException: A task was canceled.
 ---> System.Threading.Tasks.TaskCanceledException: A task was canceled.
   at GitHub.Services.Common.VssHttpRetryMessageHandler.SendAsync(HttpRequestMessage request, CancellationToken cancellationToken)
   at System.Net.Http.HttpClient.<SendAsync>g__Core|83_0(HttpRequestMessage request, HttpCompletionOption completionOption, CancellationTokenSource cts, Boolean disposeCts, CancellationTokenSource pendingRequestsCts, CancellationToken originalCancellationToken)
   --- End of inner exception stack trace ---
   --- End of inner exception stack trace ---
   at System.Net.Http.HttpClient.HandleFailure(Exception e, Boolean telemetryStarted, HttpResponseMessage response, CancellationTokenSource cts, CancellationToken cancellationToken, CancellationTokenSource pendingRequestsCts)
   at System.Net.Http.HttpClient.<SendAsync>g__Core|83_0(HttpRequestMessage request, HttpCompletionOption completionOption, CancellationTokenSource cts, Boolean disposeCts, CancellationTokenSource pendingRequestsCts, CancellationToken originalCancellationToken)
   at GitHub.Services.OAuth.VssOAuthTokenHttpClient.GetTokenAsync(VssOAuthGrant grant, VssOAuthClientCredential credential, VssOAuthTokenParameters tokenParameters, CancellationToken cancellationToken)
   at GitHub.Services.OAuth.VssOAuthTokenProvider.OnGetTokenAsync(IssuedToken failedToken, CancellationToken cancellationToken)
   at GitHub.Services.Common.IssuedTokenProvider.GetTokenOperation.GetTokenAsync(VssTraceActivity traceActivity)
   at GitHub.Services.Common.IssuedTokenProvider.GetTokenAsync(IssuedToken failedToken, CancellationToken cancellationToken)
   at GitHub.Services.Common.RawHttpMessageHandler.SendAsync(HttpRequestMessage request, CancellationToken cancellationToken)
   --- End of inner exception stack trace ---
   at GitHub.Services.Common.RawHttpMessageHandler.SendAsync(HttpRequestMessage request, CancellationToken cancellationToken)
   at GitHub.Services.Common.VssHttpRetryMessageHandler.SendAsync(HttpRequestMessage request, CancellationToken cancellationToken)
   at System.Net.Http.HttpClient.<SendAsync>g__Core|83_0(HttpRequestMessage request, HttpCompletionOption completionOption, CancellationTokenSource cts, Boolean disposeCts, CancellationTokenSource pendingRequestsCts, CancellationToken originalCancellationToken)
   at Sdk.WebApi.WebApi.RawHttpClientBase.SendAsync(HttpRequestMessage message, HttpCompletionOption completionOption, Object userState, CancellationToken cancellationToken)
   at Sdk.WebApi.WebApi.RawHttpClientBase.SendAsync[T](HttpRequestMessage message, Boolean readErrorBody, Object userState, CancellationToken cancellationToken)
   at Sdk.WebApi.WebApi.RawHttpClientBase.SendAsync[T](HttpMethod method, IEnumerable`1 additionalHeaders, Uri requestUri, HttpContent content, IEnumerable`1 queryParameters, Boolean readErrorBody, Object userState, CancellationToken cancellationToken)
   at GitHub.Actions.RunService.WebApi.BrokerHttpClient.GetRunnerMessageAsync(Nullable`1 sessionId, String runnerVersion, Nullable`1 status, String os, String architecture, Nullable`1 disableUpdate, CancellationToken cancellationToken)
   at GitHub.Runner.Common.BrokerServer.<>c__DisplayClass7_0.<<GetRunnerMessageAsync>b__0>d.MoveNext()
--- End of stack trace from previous location ---
   at GitHub.Runner.Common.RunnerService.RetryRequest[T](Func`1 func, CancellationToken cancellationToken, Int32 maxAttempts, Func`2 shouldRetry)
[2025-12-15 00:01:24Z ERR  BrokerServer] #####################################################
[2025-12-15 00:01:24Z ERR  BrokerServer] System.Threading.Tasks.TaskCanceledException: The request was canceled due to the configured HttpClient.Timeout of 100 seconds elapsing.
 ---> System.TimeoutException: A task was canceled.
 ---> System.Threading.Tasks.TaskCanceledException: A task was canceled.
   at GitHub.Services.Common.VssHttpRetryMessageHandler.SendAsync(HttpRequestMessage request, CancellationToken cancellationToken)
   at System.Net.Http.HttpClient.<SendAsync>g__Core|83_0(HttpRequestMessage request, HttpCompletionOption completionOption, CancellationTokenSource cts, Boolean disposeCts, CancellationTokenSource pendingRequestsCts, CancellationToken originalCancellationToken)
   --- End of inner exception stack trace ---
   --- End of inner exception stack trace ---
   at System.Net.Http.HttpClient.HandleFailure(Exception e, Boolean telemetryStarted, HttpResponseMessage response, CancellationTokenSource cts, CancellationToken cancellationToken, CancellationTokenSource pendingRequestsCts)
   at System.Net.Http.HttpClient.<SendAsync>g__Core|83_0(HttpRequestMessage request, HttpCompletionOption completionOption, CancellationTokenSource cts, Boolean disposeCts, CancellationTokenSource pendingRequestsCts, CancellationToken originalCancellationToken)
   at GitHub.Services.OAuth.VssOAuthTokenHttpClient.GetTokenAsync(VssOAuthGrant grant, VssOAuthClientCredential credential, VssOAuthTokenParameters tokenParameters, CancellationToken cancellationToken)
   at GitHub.Services.OAuth.VssOAuthTokenProvider.OnGetTokenAsync(IssuedToken failedToken, CancellationToken cancellationToken)
   at GitHub.Services.Common.IssuedTokenProvider.GetTokenOperation.GetTokenAsync(VssTraceActivity traceActivity)
   at GitHub.Services.Common.IssuedTokenProvider.GetTokenAsync(IssuedToken failedToken, CancellationToken cancellationToken)
   at GitHub.Services.Common.RawHttpMessageHandler.SendAsync(HttpRequestMessage request, CancellationToken cancellationToken)
[2025-12-15 00:01:24Z ERR  BrokerServer] #####################################################
[2025-12-15 00:01:24Z ERR  BrokerServer] System.TimeoutException: A task was canceled.
 ---> System.Threading.Tasks.TaskCanceledException: A task was canceled.
   at GitHub.Services.Common.VssHttpRetryMessageHandler.SendAsync(HttpRequestMessage request, CancellationToken cancellationToken)
   at System.Net.Http.HttpClient.<SendAsync>g__Core|83_0(HttpRequestMessage request, HttpCompletionOption completionOption, CancellationTokenSource cts, Boolean disposeCts, CancellationTokenSource pendingRequestsCts, CancellationToken originalCancellationToken)
   --- End of inner exception stack trace ---
[2025-12-15 00:01:24Z ERR  BrokerServer] #####################################################
[2025-12-15 00:01:24Z ERR  BrokerServer] System.Threading.Tasks.TaskCanceledException: A task was canceled.
   at GitHub.Services.Common.VssHttpRetryMessageHandler.SendAsync(HttpRequestMessage request, CancellationToken cancellationToken)
   at System.Net.Http.HttpClient.<SendAsync>g__Core|83_0(HttpRequestMessage request, HttpCompletionOption completionOption, CancellationTokenSource cts, Boolean disposeCts, CancellationTokenSource pendingRequestsCts, CancellationToken originalCancellationToken)
[2025-12-15 00:01:24Z WARN BrokerServer] Back off 12.424 seconds before next retry. 3 attempt left.
[2025-12-15 00:01:36Z INFO RSAEncryptedFileKeyManager] Loading RSA key parameters from file C:\Users\21265\user-management\actions-runner\.credentials_rsaparams
[2025-12-15 00:01:37Z WARN GitHubActionsService] Attempt 1 of POST request to https://tokenghub.actions.githubusercontent.com/_apis/oauth2/token/2457a419-b3a4-4944-b597-5d61a980a51a failed (Socket Error: ConnectionReset). The operation will be retried in 10.954 seconds.
[2025-12-15 00:01:48Z WARN GitHubActionsService] Attempt 2 of POST request to https://tokenghub.actions.githubusercontent.com/_apis/oauth2/token/2457a419-b3a4-4944-b597-5d61a980a51a failed (Socket Error: ConnectionReset). The operation will be retried in 13.351 seconds.
[2025-12-15 00:02:01Z WARN GitHubActionsService] Attempt 3 of POST request to https://tokenghub.actions.githubusercontent.com/_apis/oauth2/token/2457a419-b3a4-4944-b597-5d61a980a51a failed (Socket Error: ConnectionReset). The operation will be retried in 18.302 seconds.
[2025-12-15 00:02:20Z WARN GitHubActionsService] Attempt 4 of POST request to https://tokenghub.actions.githubusercontent.com/_apis/oauth2/token/2457a419-b3a4-4944-b597-5d61a980a51a failed (Socket Error: ConnectionReset). The operation will be retried in 25.585 seconds.
[2025-12-15 00:02:46Z WARN GitHubActionsService] Attempt 5 of POST request to https://tokenghub.actions.githubusercontent.com/_apis/oauth2/token/2457a419-b3a4-4944-b597-5d61a980a51a failed (Socket Error: ConnectionReset). The operation will be retried in 46.983 seconds.
[2025-12-15 00:03:16Z WARN GitHubActionsService] Retrieving an AAD auth token took a long time (100.0067826 seconds)
[2025-12-15 00:03:16Z WARN GitHubActionsService] GET request to https://broker.actions.githubusercontent.com/message?sessionId=f2d060ac-ef2b-461c-8dfd-3c63a76a15cb&status=Online&runnerVersion=2.329.0&os=Windows&architecture=X64&disableUpdate=false timed out after 100 seconds.
[2025-12-15 00:03:16Z ERR  BrokerServer] Catch exception during request
[2025-12-15 00:03:16Z ERR  BrokerServer] System.TimeoutException: The HTTP request timed out after 00:01:40.
 ---> System.Threading.Tasks.TaskCanceledException: A task was canceled.
 ---> System.Threading.Tasks.TaskCanceledException: A task was canceled.
   at GitHub.Services.Common.VssHttpRetryMessageHandler.SendAsync(HttpRequestMessage request, CancellationToken cancellationToken)
   at System.Net.Http.HttpClient.<SendAsync>g__Core|83_0(HttpRequestMessage request, HttpCompletionOption completionOption, CancellationTokenSource cts, Boolean disposeCts, CancellationTokenSource pendingRequestsCts, CancellationToken originalCancellationToken)
   --- End of inner exception stack trace ---
   at System.Net.Http.HttpClient.HandleFailure(Exception e, Boolean telemetryStarted, HttpResponseMessage response, CancellationTokenSource cts, CancellationToken cancellationToken, CancellationTokenSource pendingRequestsCts)
   at System.Net.Http.HttpClient.<SendAsync>g__Core|83_0(HttpRequestMessage request, HttpCompletionOption completionOption, CancellationTokenSource cts, Boolean disposeCts, CancellationTokenSource pendingRequestsCts, CancellationToken originalCancellationToken)
   at GitHub.Services.OAuth.VssOAuthTokenHttpClient.GetTokenAsync(VssOAuthGrant grant, VssOAuthClientCredential credential, VssOAuthTokenParameters tokenParameters, CancellationToken cancellationToken)
   at GitHub.Services.OAuth.VssOAuthTokenProvider.OnGetTokenAsync(IssuedToken failedToken, CancellationToken cancellationToken)
   at GitHub.Services.Common.IssuedTokenProvider.GetTokenOperation.GetTokenAsync(VssTraceActivity traceActivity)
   at GitHub.Services.Common.IssuedTokenProvider.GetTokenAsync(IssuedToken failedToken, CancellationToken cancellationToken)
   at GitHub.Services.Common.RawHttpMessageHandler.SendAsync(HttpRequestMessage request, CancellationToken cancellationToken)
   --- End of inner exception stack trace ---
   at GitHub.Services.Common.RawHttpMessageHandler.SendAsync(HttpRequestMessage request, CancellationToken cancellationToken)
   at GitHub.Services.Common.VssHttpRetryMessageHandler.SendAsync(HttpRequestMessage request, CancellationToken cancellationToken)
   at System.Net.Http.HttpClient.<SendAsync>g__Core|83_0(HttpRequestMessage request, HttpCompletionOption completionOption, CancellationTokenSource cts, Boolean disposeCts, CancellationTokenSource pendingRequestsCts, CancellationToken originalCancellationToken)
   at Sdk.WebApi.WebApi.RawHttpClientBase.SendAsync(HttpRequestMessage message, HttpCompletionOption completionOption, Object userState, CancellationToken cancellationToken)
   at Sdk.WebApi.WebApi.RawHttpClientBase.SendAsync[T](HttpRequestMessage message, Boolean readErrorBody, Object userState, CancellationToken cancellationToken)
   at Sdk.WebApi.WebApi.RawHttpClientBase.SendAsync[T](HttpMethod method, IEnumerable`1 additionalHeaders, Uri requestUri, HttpContent content, IEnumerable`1 queryParameters, Boolean readErrorBody, Object userState, CancellationToken cancellationToken)
   at GitHub.Actions.RunService.WebApi.BrokerHttpClient.GetRunnerMessageAsync(Nullable`1 sessionId, String runnerVersion, Nullable`1 status, String os, String architecture, Nullable`1 disableUpdate, CancellationToken cancellationToken)
   at GitHub.Runner.Common.BrokerServer.<>c__DisplayClass7_0.<<GetRunnerMessageAsync>b__0>d.MoveNext()
--- End of stack trace from previous location ---
   at GitHub.Runner.Common.RunnerService.RetryRequest[T](Func`1 func, CancellationToken cancellationToken, Int32 maxAttempts, Func`2 shouldRetry)
[2025-12-15 00:03:16Z ERR  BrokerServer] #####################################################
[2025-12-15 00:03:16Z ERR  BrokerServer] System.Threading.Tasks.TaskCanceledException: A task was canceled.
 ---> System.Threading.Tasks.TaskCanceledException: A task was canceled.
   at GitHub.Services.Common.VssHttpRetryMessageHandler.SendAsync(HttpRequestMessage request, CancellationToken cancellationToken)
   at System.Net.Http.HttpClient.<SendAsync>g__Core|83_0(HttpRequestMessage request, HttpCompletionOption completionOption, CancellationTokenSource cts, Boolean disposeCts, CancellationTokenSource pendingRequestsCts, CancellationToken originalCancellationToken)
   --- End of inner exception stack trace ---
   at System.Net.Http.HttpClient.HandleFailure(Exception e, Boolean telemetryStarted, HttpResponseMessage response, CancellationTokenSource cts, CancellationToken cancellationToken, CancellationTokenSource pendingRequestsCts)
   at System.Net.Http.HttpClient.<SendAsync>g__Core|83_0(HttpRequestMessage request, HttpCompletionOption completionOption, CancellationTokenSource cts, Boolean disposeCts, CancellationTokenSource pendingRequestsCts, CancellationToken originalCancellationToken)
   at GitHub.Services.OAuth.VssOAuthTokenHttpClient.GetTokenAsync(VssOAuthGrant grant, VssOAuthClientCredential credential, VssOAuthTokenParameters tokenParameters, CancellationToken cancellationToken)
   at GitHub.Services.OAuth.VssOAuthTokenProvider.OnGetTokenAsync(IssuedToken failedToken, CancellationToken cancellationToken)
   at GitHub.Services.Common.IssuedTokenProvider.GetTokenOperation.GetTokenAsync(VssTraceActivity traceActivity)
   at GitHub.Services.Common.IssuedTokenProvider.GetTokenAsync(IssuedToken failedToken, CancellationToken cancellationToken)
   at GitHub.Services.Common.RawHttpMessageHandler.SendAsync(HttpRequestMessage request, CancellationToken cancellationToken)
[2025-12-15 00:03:16Z ERR  BrokerServer] #####################################################
[2025-12-15 00:03:16Z ERR  BrokerServer] System.Threading.Tasks.TaskCanceledException: A task was canceled.
   at GitHub.Services.Common.VssHttpRetryMessageHandler.SendAsync(HttpRequestMessage request, CancellationToken cancellationToken)
   at System.Net.Http.HttpClient.<SendAsync>g__Core|83_0(HttpRequestMessage request, HttpCompletionOption completionOption, CancellationTokenSource cts, Boolean disposeCts, CancellationTokenSource pendingRequestsCts, CancellationToken originalCancellationToken)
[2025-12-15 00:03:16Z WARN BrokerServer] Back off 13.41 seconds before next retry. 2 attempt left.
[2025-12-15 00:03:30Z INFO RSAEncryptedFileKeyManager] Loading RSA key parameters from file C:\Users\21265\user-management\actions-runner\.credentials_rsaparams
[2025-12-15 00:03:30Z WARN GitHubActionsService] Attempt 1 of POST request to https://tokenghub.actions.githubusercontent.com/_apis/oauth2/token/2457a419-b3a4-4944-b597-5d61a980a51a failed (Socket Error: ConnectionReset). The operation will be retried in 11.063 seconds.
[2025-12-15 00:03:41Z WARN GitHubActionsService] Attempt 2 of POST request to https://tokenghub.actions.githubusercontent.com/_apis/oauth2/token/2457a419-b3a4-4944-b597-5d61a980a51a failed (Socket Error: ConnectionReset). The operation will be retried in 13.366 seconds.
[2025-12-15 00:03:55Z WARN GitHubActionsService] Attempt 3 of POST request to https://tokenghub.actions.githubusercontent.com/_apis/oauth2/token/2457a419-b3a4-4944-b597-5d61a980a51a failed (Socket Error: ConnectionReset). The operation will be retried in 16.993 seconds.
[2025-12-15 00:04:12Z WARN GitHubActionsService] Attempt 4 of POST request to https://tokenghub.actions.githubusercontent.com/_apis/oauth2/token/2457a419-b3a4-4944-b597-5d61a980a51a failed (Socket Error: ConnectionReset). The operation will be retried in 26.815 seconds.
[2025-12-15 00:04:39Z WARN GitHubActionsService] Attempt 5 of POST request to https://tokenghub.actions.githubusercontent.com/_apis/oauth2/token/2457a419-b3a4-4944-b597-5d61a980a51a failed (Socket Error: ConnectionReset). The operation will be retried in 35.11 seconds.
[2025-12-15 00:05:10Z WARN GitHubActionsService] Retrieving an AAD auth token took a long time (100.0019121 seconds)
[2025-12-15 00:05:10Z WARN GitHubActionsService] GET request to https://broker.actions.githubusercontent.com/message?sessionId=f2d060ac-ef2b-461c-8dfd-3c63a76a15cb&status=Online&runnerVersion=2.329.0&os=Windows&architecture=X64&disableUpdate=false timed out after 100 seconds.
[2025-12-15 00:05:10Z ERR  BrokerServer] Catch exception during request
[2025-12-15 00:05:10Z ERR  BrokerServer] System.TimeoutException: The HTTP request timed out after 00:01:40.
 ---> System.Threading.Tasks.TaskCanceledException: A task was canceled.
 ---> System.Threading.Tasks.TaskCanceledException: A task was canceled.
   at GitHub.Services.Common.VssHttpRetryMessageHandler.SendAsync(HttpRequestMessage request, CancellationToken cancellationToken)
   at System.Net.Http.HttpClient.<SendAsync>g__Core|83_0(HttpRequestMessage request, HttpCompletionOption completionOption, CancellationTokenSource cts, Boolean disposeCts, CancellationTokenSource pendingRequestsCts, CancellationToken originalCancellationToken)
   --- End of inner exception stack trace ---
   at System.Net.Http.HttpClient.HandleFailure(Exception e, Boolean telemetryStarted, HttpResponseMessage response, CancellationTokenSource cts, CancellationToken cancellationToken, CancellationTokenSource pendingRequestsCts)
   at System.Net.Http.HttpClient.<SendAsync>g__Core|83_0(HttpRequestMessage request, HttpCompletionOption completionOption, CancellationTokenSource cts, Boolean disposeCts, CancellationTokenSource pendingRequestsCts, CancellationToken originalCancellationToken)
   at GitHub.Services.OAuth.VssOAuthTokenHttpClient.GetTokenAsync(VssOAuthGrant grant, VssOAuthClientCredential credential, VssOAuthTokenParameters tokenParameters, CancellationToken cancellationToken)
   at GitHub.Services.OAuth.VssOAuthTokenProvider.OnGetTokenAsync(IssuedToken failedToken, CancellationToken cancellationToken)
   at GitHub.Services.Common.IssuedTokenProvider.GetTokenOperation.GetTokenAsync(VssTraceActivity traceActivity)
   at GitHub.Services.Common.IssuedTokenProvider.GetTokenAsync(IssuedToken failedToken, CancellationToken cancellationToken)
   at GitHub.Services.Common.RawHttpMessageHandler.SendAsync(HttpRequestMessage request, CancellationToken cancellationToken)
   --- End of inner exception stack trace ---
   at GitHub.Services.Common.RawHttpMessageHandler.SendAsync(HttpRequestMessage request, CancellationToken cancellationToken)
   at GitHub.Services.Common.VssHttpRetryMessageHandler.SendAsync(HttpRequestMessage request, CancellationToken cancellationToken)
   at System.Net.Http.HttpClient.<SendAsync>g__Core|83_0(HttpRequestMessage request, HttpCompletionOption completionOption, CancellationTokenSource cts, Boolean disposeCts, CancellationTokenSource pendingRequestsCts, CancellationToken originalCancellationToken)
   at Sdk.WebApi.WebApi.RawHttpClientBase.SendAsync(HttpRequestMessage message, HttpCompletionOption completionOption, Object userState, CancellationToken cancellationToken)
   at Sdk.WebApi.WebApi.RawHttpClientBase.SendAsync[T](HttpRequestMessage message, Boolean readErrorBody, Object userState, CancellationToken cancellationToken)
   at Sdk.WebApi.WebApi.RawHttpClientBase.SendAsync[T](HttpMethod method, IEnumerable`1 additionalHeaders, Uri requestUri, HttpContent content, IEnumerable`1 queryParameters, Boolean readErrorBody, Object userState, CancellationToken cancellationToken)
   at GitHub.Actions.RunService.WebApi.BrokerHttpClient.GetRunnerMessageAsync(Nullable`1 sessionId, String runnerVersion, Nullable`1 status, String os, String architecture, Nullable`1 disableUpdate, CancellationToken cancellationToken)
   at GitHub.Runner.Common.BrokerServer.<>c__DisplayClass7_0.<<GetRunnerMessageAsync>b__0>d.MoveNext()
--- End of stack trace from previous location ---
   at GitHub.Runner.Common.RunnerService.RetryRequest[T](Func`1 func, CancellationToken cancellationToken, Int32 maxAttempts, Func`2 shouldRetry)
[2025-12-15 00:05:10Z ERR  BrokerServer] #####################################################
[2025-12-15 00:05:10Z ERR  BrokerServer] System.Threading.Tasks.TaskCanceledException: A task was canceled.
 ---> System.Threading.Tasks.TaskCanceledException: A task was canceled.
   at GitHub.Services.Common.VssHttpRetryMessageHandler.SendAsync(HttpRequestMessage request, CancellationToken cancellationToken)
   at System.Net.Http.HttpClient.<SendAsync>g__Core|83_0(HttpRequestMessage request, HttpCompletionOption completionOption, CancellationTokenSource cts, Boolean disposeCts, CancellationTokenSource pendingRequestsCts, CancellationToken originalCancellationToken)
   --- End of inner exception stack trace ---
   at System.Net.Http.HttpClient.HandleFailure(Exception e, Boolean telemetryStarted, HttpResponseMessage response, CancellationTokenSource cts, CancellationToken cancellationToken, CancellationTokenSource pendingRequestsCts)
   at System.Net.Http.HttpClient.<SendAsync>g__Core|83_0(HttpRequestMessage request, HttpCompletionOption completionOption, CancellationTokenSource cts, Boolean disposeCts, CancellationTokenSource pendingRequestsCts, CancellationToken originalCancellationToken)
   at GitHub.Services.OAuth.VssOAuthTokenHttpClient.GetTokenAsync(VssOAuthGrant grant, VssOAuthClientCredential credential, VssOAuthTokenParameters tokenParameters, CancellationToken cancellationToken)
   at GitHub.Services.OAuth.VssOAuthTokenProvider.OnGetTokenAsync(IssuedToken failedToken, CancellationToken cancellationToken)
   at GitHub.Services.Common.IssuedTokenProvider.GetTokenOperation.GetTokenAsync(VssTraceActivity traceActivity)
   at GitHub.Services.Common.IssuedTokenProvider.GetTokenAsync(IssuedToken failedToken, CancellationToken cancellationToken)
   at GitHub.Services.Common.RawHttpMessageHandler.SendAsync(HttpRequestMessage request, CancellationToken cancellationToken)
[2025-12-15 00:05:10Z ERR  BrokerServer] #####################################################
[2025-12-15 00:05:10Z ERR  BrokerServer] System.Threading.Tasks.TaskCanceledException: A task was canceled.
   at GitHub.Services.Common.VssHttpRetryMessageHandler.SendAsync(HttpRequestMessage request, CancellationToken cancellationToken)
   at System.Net.Http.HttpClient.<SendAsync>g__Core|83_0(HttpRequestMessage request, HttpCompletionOption completionOption, CancellationTokenSource cts, Boolean disposeCts, CancellationTokenSource pendingRequestsCts, CancellationToken originalCancellationToken)
[2025-12-15 00:05:10Z WARN BrokerServer] Back off 14.335 seconds before next retry. 1 attempt left.
[2025-12-15 00:05:24Z INFO RSAEncryptedFileKeyManager] Loading RSA key parameters from file C:\Users\21265\user-management\actions-runner\.credentials_rsaparams
[2025-12-15 00:05:25Z WARN GitHubActionsService] Attempt 1 of POST request to https://tokenghub.actions.githubusercontent.com/_apis/oauth2/token/2457a419-b3a4-4944-b597-5d61a980a51a failed (Socket Error: ConnectionReset). The operation will be retried in 11.106 seconds.
[2025-12-15 00:05:36Z WARN GitHubActionsService] Attempt 2 of POST request to https://tokenghub.actions.githubusercontent.com/_apis/oauth2/token/2457a419-b3a4-4944-b597-5d61a980a51a failed (Socket Error: ConnectionReset). The operation will be retried in 13.438 seconds.
[2025-12-15 00:05:50Z WARN GitHubActionsService] Attempt 3 of POST request to https://tokenghub.actions.githubusercontent.com/_apis/oauth2/token/2457a419-b3a4-4944-b597-5d61a980a51a failed (Socket Error: ConnectionReset). The operation will be retried in 16.258 seconds.
[2025-12-15 00:06:06Z WARN GitHubActionsService] Attempt 4 of POST request to https://tokenghub.actions.githubusercontent.com/_apis/oauth2/token/2457a419-b3a4-4944-b597-5d61a980a51a failed (Socket Error: ConnectionReset). The operation will be retried in 22.135 seconds.
[2025-12-15 00:06:28Z WARN GitHubActionsService] Attempt 5 of POST request to https://tokenghub.actions.githubusercontent.com/_apis/oauth2/token/2457a419-b3a4-4944-b597-5d61a980a51a failed (Socket Error: ConnectionReset). The operation will be retried in 35.11 seconds.
[2025-12-15 00:07:04Z ERR  GitHubActionsService] Attempt 6 of POST request to https://tokenghub.actions.githubusercontent.com/_apis/oauth2/token/2457a419-b3a4-4944-b597-5d61a980a51a failed (Socket Error: ConnectionReset). The maximum number of attempts has been reached.
[2025-12-15 00:07:04Z WARN GitHubActionsService] Retrieving an AAD auth token took a long time (99.6513347 seconds)
[2025-12-15 00:07:04Z WARN GitHubActionsService] Attempt 1 of GET request to https://broker.actions.githubusercontent.com/message?sessionId=f2d060ac-ef2b-461c-8dfd-3c63a76a15cb&status=Online&runnerVersion=2.329.0&os=Windows&architecture=X64&disableUpdate=false failed (Socket Error: ConnectionReset). The operation will be retried in 10.826 seconds.
[2025-12-15 00:07:15Z INFO RSAEncryptedFileKeyManager] Loading RSA key parameters from file C:\Users\21265\user-management\actions-runner\.credentials_rsaparams
[2025-12-15 00:07:15Z WARN GitHubActionsService] Attempt 1 of POST request to https://tokenghub.actions.githubusercontent.com/_apis/oauth2/token/2457a419-b3a4-4944-b597-5d61a980a51a failed (Socket Error: ConnectionReset). The operation will be retried in 11.035 seconds.
[2025-12-15 00:07:26Z WARN GitHubActionsService] Attempt 2 of POST request to https://tokenghub.actions.githubusercontent.com/_apis/oauth2/token/2457a419-b3a4-4944-b597-5d61a980a51a failed (Socket Error: ConnectionReset). The operation will be retried in 12.832 seconds.
[2025-12-15 00:07:39Z WARN GitHubActionsService] Attempt 3 of POST request to https://tokenghub.actions.githubusercontent.com/_apis/oauth2/token/2457a419-b3a4-4944-b597-5d61a980a51a failed (Socket Error: ConnectionReset). The operation will be retried in 16.433 seconds.
[2025-12-15 00:07:56Z WARN GitHubActionsService] Attempt 4 of POST request to https://tokenghub.actions.githubusercontent.com/_apis/oauth2/token/2457a419-b3a4-4944-b597-5d61a980a51a failed (Socket Error: ConnectionReset). The operation will be retried in 25.315 seconds.
[2025-12-15 00:08:22Z WARN GitHubActionsService] Attempt 5 of POST request to https://tokenghub.actions.githubusercontent.com/_apis/oauth2/token/2457a419-b3a4-4944-b597-5d61a980a51a failed (Socket Error: ConnectionReset). The operation will be retried in 46.332 seconds.
[2025-12-15 00:08:55Z WARN GitHubActionsService] Retrieving an AAD auth token took a long time (100.0122443 seconds)
[2025-12-15 00:08:55Z WARN GitHubActionsService] GET request to https://broker.actions.githubusercontent.com/message?sessionId=f2d060ac-ef2b-461c-8dfd-3c63a76a15cb&status=Online&runnerVersion=2.329.0&os=Windows&architecture=X64&disableUpdate=false timed out after 100 seconds.
[2025-12-15 00:08:55Z ERR  BrokerMessageListener] Catch exception during get next message.
[2025-12-15 00:08:55Z ERR  BrokerMessageListener] System.TimeoutException: The HTTP request timed out after 00:01:40.
 ---> System.Threading.Tasks.TaskCanceledException: The request was canceled due to the configured HttpClient.Timeout of 100 seconds elapsing.
 ---> System.TimeoutException: A task was canceled.
 ---> System.Threading.Tasks.TaskCanceledException: A task was canceled.
   at GitHub.Services.Common.VssHttpRetryMessageHandler.SendAsync(HttpRequestMessage request, CancellationToken cancellationToken)
   at System.Net.Http.HttpClient.<SendAsync>g__Core|83_0(HttpRequestMessage request, HttpCompletionOption completionOption, CancellationTokenSource cts, Boolean disposeCts, CancellationTokenSource pendingRequestsCts, CancellationToken originalCancellationToken)
   --- End of inner exception stack trace ---
   --- End of inner exception stack trace ---
   at System.Net.Http.HttpClient.HandleFailure(Exception e, Boolean telemetryStarted, HttpResponseMessage response, CancellationTokenSource cts, CancellationToken cancellationToken, CancellationTokenSource pendingRequestsCts)
   at System.Net.Http.HttpClient.<SendAsync>g__Core|83_0(HttpRequestMessage request, HttpCompletionOption completionOption, CancellationTokenSource cts, Boolean disposeCts, CancellationTokenSource pendingRequestsCts, CancellationToken originalCancellationToken)
   at GitHub.Services.OAuth.VssOAuthTokenHttpClient.GetTokenAsync(VssOAuthGrant grant, VssOAuthClientCredential credential, VssOAuthTokenParameters tokenParameters, CancellationToken cancellationToken)
   at GitHub.Services.OAuth.VssOAuthTokenProvider.OnGetTokenAsync(IssuedToken failedToken, CancellationToken cancellationToken)
   at GitHub.Services.Common.IssuedTokenProvider.GetTokenOperation.GetTokenAsync(VssTraceActivity traceActivity)
   at GitHub.Services.Common.IssuedTokenProvider.GetTokenAsync(IssuedToken failedToken, CancellationToken cancellationToken)
   at GitHub.Services.Common.RawHttpMessageHandler.SendAsync(HttpRequestMessage request, CancellationToken cancellationToken)
   --- End of inner exception stack trace ---
   at GitHub.Services.Common.RawHttpMessageHandler.SendAsync(HttpRequestMessage request, CancellationToken cancellationToken)
   at GitHub.Services.Common.VssHttpRetryMessageHandler.SendAsync(HttpRequestMessage request, CancellationToken cancellationToken)
   at System.Net.Http.HttpClient.<SendAsync>g__Core|83_0(HttpRequestMessage request, HttpCompletionOption completionOption, CancellationTokenSource cts, Boolean disposeCts, CancellationTokenSource pendingRequestsCts, CancellationToken originalCancellationToken)
   at Sdk.WebApi.WebApi.RawHttpClientBase.SendAsync(HttpRequestMessage message, HttpCompletionOption completionOption, Object userState, CancellationToken cancellationToken)
   at Sdk.WebApi.WebApi.RawHttpClientBase.SendAsync[T](HttpRequestMessage message, Boolean readErrorBody, Object userState, CancellationToken cancellationToken)
   at Sdk.WebApi.WebApi.RawHttpClientBase.SendAsync[T](HttpMethod method, IEnumerable`1 additionalHeaders, Uri requestUri, HttpContent content, IEnumerable`1 queryParameters, Boolean readErrorBody, Object userState, CancellationToken cancellationToken)
   at GitHub.Actions.RunService.WebApi.BrokerHttpClient.GetRunnerMessageAsync(Nullable`1 sessionId, String runnerVersion, Nullable`1 status, String os, String architecture, Nullable`1 disableUpdate, CancellationToken cancellationToken)
   at GitHub.Runner.Common.BrokerServer.<>c__DisplayClass7_0.<<GetRunnerMessageAsync>b__0>d.MoveNext()
--- End of stack trace from previous location ---
   at GitHub.Runner.Common.RunnerService.RetryRequest[T](Func`1 func, CancellationToken cancellationToken, Int32 maxAttempts, Func`2 shouldRetry)
   at GitHub.Runner.Listener.BrokerMessageListener.GetNextMessageAsync(CancellationToken token)
[2025-12-15 00:08:55Z ERR  BrokerMessageListener] #####################################################
[2025-12-15 00:08:55Z ERR  BrokerMessageListener] System.Threading.Tasks.TaskCanceledException: The request was canceled due to the configured HttpClient.Timeout of 100 seconds elapsing.
 ---> System.TimeoutException: A task was canceled.
 ---> System.Threading.Tasks.TaskCanceledException: A task was canceled.
   at GitHub.Services.Common.VssHttpRetryMessageHandler.SendAsync(HttpRequestMessage request, CancellationToken cancellationToken)
   at System.Net.Http.HttpClient.<SendAsync>g__Core|83_0(HttpRequestMessage request, HttpCompletionOption completionOption, CancellationTokenSource cts, Boolean disposeCts, CancellationTokenSource pendingRequestsCts, CancellationToken originalCancellationToken)
   --- End of inner exception stack trace ---
   --- End of inner exception stack trace ---
   at System.Net.Http.HttpClient.HandleFailure(Exception e, Boolean telemetryStarted, HttpResponseMessage response, CancellationTokenSource cts, CancellationToken cancellationToken, CancellationTokenSource pendingRequestsCts)
   at System.Net.Http.HttpClient.<SendAsync>g__Core|83_0(HttpRequestMessage request, HttpCompletionOption completionOption, CancellationTokenSource cts, Boolean disposeCts, CancellationTokenSource pendingRequestsCts, CancellationToken originalCancellationToken)
   at GitHub.Services.OAuth.VssOAuthTokenHttpClient.GetTokenAsync(VssOAuthGrant grant, VssOAuthClientCredential credential, VssOAuthTokenParameters tokenParameters, CancellationToken cancellationToken)
   at GitHub.Services.OAuth.VssOAuthTokenProvider.OnGetTokenAsync(IssuedToken failedToken, CancellationToken cancellationToken)
   at GitHub.Services.Common.IssuedTokenProvider.GetTokenOperation.GetTokenAsync(VssTraceActivity traceActivity)
   at GitHub.Services.Common.IssuedTokenProvider.GetTokenAsync(IssuedToken failedToken, CancellationToken cancellationToken)
   at GitHub.Services.Common.RawHttpMessageHandler.SendAsync(HttpRequestMessage request, CancellationToken cancellationToken)
[2025-12-15 00:08:55Z ERR  BrokerMessageListener] #####################################################
[2025-12-15 00:08:55Z ERR  BrokerMessageListener] System.TimeoutException: A task was canceled.
 ---> System.Threading.Tasks.TaskCanceledException: A task was canceled.
   at GitHub.Services.Common.VssHttpRetryMessageHandler.SendAsync(HttpRequestMessage request, CancellationToken cancellationToken)
   at System.Net.Http.HttpClient.<SendAsync>g__Core|83_0(HttpRequestMessage request, HttpCompletionOption completionOption, CancellationTokenSource cts, Boolean disposeCts, CancellationTokenSource pendingRequestsCts, CancellationToken originalCancellationToken)
   --- End of inner exception stack trace ---
[2025-12-15 00:08:55Z ERR  BrokerMessageListener] #####################################################
[2025-12-15 00:08:55Z ERR  BrokerMessageListener] System.Threading.Tasks.TaskCanceledException: A task was canceled.
   at GitHub.Services.Common.VssHttpRetryMessageHandler.SendAsync(HttpRequestMessage request, CancellationToken cancellationToken)
   at System.Net.Http.HttpClient.<SendAsync>g__Core|83_0(HttpRequestMessage request, HttpCompletionOption completionOption, CancellationTokenSource cts, Boolean disposeCts, CancellationTokenSource pendingRequestsCts, CancellationToken originalCancellationToken)
[2025-12-15 00:08:55Z INFO BrokerMessageListener] Retriable exception: The HTTP request timed out after 00:01:40.
[2025-12-15 00:08:55Z INFO BrokerMessageListener] Reload credentials.
[2025-12-15 00:08:55Z INFO ConfigurationStore] HasCredentials()
[2025-12-15 00:08:55Z INFO ConfigurationStore] stored True
[2025-12-15 00:08:55Z INFO CredentialManager] GetCredentialProvider
[2025-12-15 00:08:55Z INFO CredentialManager] Creating type OAuth
[2025-12-15 00:08:55Z INFO CredentialManager] Creating credential type: OAuth
[2025-12-15 00:08:55Z INFO RSAEncryptedFileKeyManager] Loading RSA key parameters from file C:\Users\21265\user-management\actions-runner\.credentials_rsaparams
[2025-12-15 00:08:55Z INFO BrokerMessageListener] Connection to Broker Server recreated.
[2025-12-15 00:08:55Z INFO BrokerMessageListener] Sleeping for 55.714 seconds before retrying.
[2025-12-15 00:09:50Z INFO BrokerMessageListener] No message retrieved within last 30 minutes.
[2025-12-15 00:09:50Z INFO RSAEncryptedFileKeyManager] Loading RSA key parameters from file C:\Users\21265\user-management\actions-runner\.credentials_rsaparams
[2025-12-15 00:09:50Z INFO RSAEncryptedFileKeyManager] Loading RSA key parameters from file C:\Users\21265\user-management\actions-runner\.credentials_rsaparams
[2025-12-15 00:09:51Z WARN GitHubActionsService] Attempt 1 of POST request to https://tokenghub.actions.githubusercontent.com/_apis/oauth2/token/2457a419-b3a4-4944-b597-5d61a980a51a failed (Socket Error: ConnectionReset). The operation will be retried in 11.035 seconds.
[2025-12-15 00:10:02Z WARN GitHubActionsService] Attempt 2 of POST request to https://tokenghub.actions.githubusercontent.com/_apis/oauth2/token/2457a419-b3a4-4944-b597-5d61a980a51a failed (Socket Error: ConnectionReset). The operation will be retried in 13.087 seconds.
[2025-12-15 00:10:15Z WARN GitHubActionsService] Attempt 3 of POST request to https://tokenghub.actions.githubusercontent.com/_apis/oauth2/token/2457a419-b3a4-4944-b597-5d61a980a51a failed (Socket Error: ConnectionReset). The operation will be retried in 16.517 seconds.
[2025-12-15 00:10:53Z WARN GitHubActionsService] Attempt 4 of POST request to https://tokenghub.actions.githubusercontent.com/_apis/oauth2/token/2457a419-b3a4-4944-b597-5d61a980a51a failed (Socket Error: TimedOut). The operation will be retried in 25.33 seconds.
[2025-12-15 00:11:18Z ERR  GitHubActionsService] POST request to https://tokenghub.actions.githubusercontent.com/_apis/oauth2/token/2457a419-b3a4-4944-b597-5d61a980a51a failed. System.Net.Http.HttpRequestException: Hôte inconnu. (tokenghub.actions.githubusercontent.com:443)
 ---> System.Net.Sockets.SocketException (11001): Hôte inconnu.
   at System.Net.Sockets.Socket.AwaitableSocketAsyncEventArgs.ThrowException(SocketError error, CancellationToken cancellationToken)
   at System.Net.Sockets.Socket.AwaitableSocketAsyncEventArgs.System.Threading.Tasks.Sources.IValueTaskSource.GetResult(Int16 token)
   at System.Net.Sockets.Socket.<ConnectAsync>g__WaitForConnectWithCancellation|285_0(AwaitableSocketAsyncEventArgs saea, ValueTask connectTask, CancellationToken cancellationToken)
   at System.Net.Http.HttpConnectionPool.ConnectToTcpHostAsync(String host, Int32 port, HttpRequestMessage initialRequest, Boolean async, CancellationToken cancellationToken)
   --- End of inner exception stack trace ---
   at System.Net.Http.HttpConnectionPool.ConnectToTcpHostAsync(String host, Int32 port, HttpRequestMessage initialRequest, Boolean async, CancellationToken cancellationToken)
   at System.Net.Http.HttpConnectionPool.ConnectAsync(HttpRequestMessage request, Boolean async, CancellationToken cancellationToken)
   at System.Net.Http.HttpConnectionPool.CreateHttp11ConnectionAsync(HttpRequestMessage request, Boolean async, CancellationToken cancellationToken)
   at System.Net.Http.HttpConnectionPool.AddHttp11ConnectionAsync(QueueItem queueItem)
   at System.Threading.Tasks.TaskCompletionSourceWithCancellation`1.WaitWithCancellationAsync(CancellationToken cancellationToken)
   at System.Net.Http.HttpConnectionPool.SendWithVersionDetectionAndRetryAsync(HttpRequestMessage request, Boolean async, Boolean doRequestAuth, CancellationToken cancellationToken)
   at System.Net.Http.RedirectHandler.SendAsync(HttpRequestMessage request, Boolean async, CancellationToken cancellationToken)
   at GitHub.Services.Common.VssHttpRetryMessageHandler.SendAsync(HttpRequestMessage request, CancellationToken cancellationToken)
[2025-12-15 00:11:18Z WARN GitHubActionsService] Retrieving an AAD auth token took a long time (87.9043014 seconds)
[2025-12-15 00:11:18Z ERR  GitHubActionsService] GET request to https://broker.actions.githubusercontent.com/message?sessionId=f2d060ac-ef2b-461c-8dfd-3c63a76a15cb&status=Online&runnerVersion=2.329.0&os=Windows&architecture=X64&disableUpdate=false failed. System.Net.Http.HttpRequestException: Hôte inconnu. (tokenghub.actions.githubusercontent.com:443)
 ---> System.Net.Sockets.SocketException (11001): Hôte inconnu.
   at System.Net.Sockets.Socket.AwaitableSocketAsyncEventArgs.ThrowException(SocketError error, CancellationToken cancellationToken)
   at System.Net.Sockets.Socket.AwaitableSocketAsyncEventArgs.System.Threading.Tasks.Sources.IValueTaskSource.GetResult(Int16 token)
   at System.Net.Sockets.Socket.<ConnectAsync>g__WaitForConnectWithCancellation|285_0(AwaitableSocketAsyncEventArgs saea, ValueTask connectTask, CancellationToken cancellationToken)
   at System.Net.Http.HttpConnectionPool.ConnectToTcpHostAsync(String host, Int32 port, HttpRequestMessage initialRequest, Boolean async, CancellationToken cancellationToken)
   --- End of inner exception stack trace ---
   at GitHub.Services.Common.VssHttpRetryMessageHandler.SendAsync(HttpRequestMessage request, CancellationToken cancellationToken)
   at System.Net.Http.HttpClient.<SendAsync>g__Core|83_0(HttpRequestMessage request, HttpCompletionOption completionOption, CancellationTokenSource cts, Boolean disposeCts, CancellationTokenSource pendingRequestsCts, CancellationToken originalCancellationToken)
   at GitHub.Services.OAuth.VssOAuthTokenHttpClient.GetTokenAsync(VssOAuthGrant grant, VssOAuthClientCredential credential, VssOAuthTokenParameters tokenParameters, CancellationToken cancellationToken)
   at GitHub.Services.OAuth.VssOAuthTokenProvider.OnGetTokenAsync(IssuedToken failedToken, CancellationToken cancellationToken)
   at GitHub.Services.Common.IssuedTokenProvider.GetTokenOperation.GetTokenAsync(VssTraceActivity traceActivity)
   at GitHub.Services.Common.IssuedTokenProvider.GetTokenAsync(IssuedToken failedToken, CancellationToken cancellationToken)
   at GitHub.Services.Common.RawHttpMessageHandler.SendAsync(HttpRequestMessage request, CancellationToken cancellationToken)
   at GitHub.Services.Common.VssHttpRetryMessageHandler.SendAsync(HttpRequestMessage request, CancellationToken cancellationToken)
[2025-12-15 00:11:18Z ERR  BrokerServer] Catch exception during request
[2025-12-15 00:11:18Z ERR  BrokerServer] System.Net.Http.HttpRequestException: Hôte inconnu. (tokenghub.actions.githubusercontent.com:443)
 ---> System.Net.Sockets.SocketException (11001): Hôte inconnu.
   at System.Net.Sockets.Socket.AwaitableSocketAsyncEventArgs.ThrowException(SocketError error, CancellationToken cancellationToken)
   at System.Net.Sockets.Socket.AwaitableSocketAsyncEventArgs.System.Threading.Tasks.Sources.IValueTaskSource.GetResult(Int16 token)
   at System.Net.Sockets.Socket.<ConnectAsync>g__WaitForConnectWithCancellation|285_0(AwaitableSocketAsyncEventArgs saea, ValueTask connectTask, CancellationToken cancellationToken)
   at System.Net.Http.HttpConnectionPool.ConnectToTcpHostAsync(String host, Int32 port, HttpRequestMessage initialRequest, Boolean async, CancellationToken cancellationToken)
   --- End of inner exception stack trace ---
   at GitHub.Services.Common.VssHttpRetryMessageHandler.SendAsync(HttpRequestMessage request, CancellationToken cancellationToken)
   at System.Net.Http.HttpClient.<SendAsync>g__Core|83_0(HttpRequestMessage request, HttpCompletionOption completionOption, CancellationTokenSource cts, Boolean disposeCts, CancellationTokenSource pendingRequestsCts, CancellationToken originalCancellationToken)
   at Sdk.WebApi.WebApi.RawHttpClientBase.SendAsync(HttpRequestMessage message, HttpCompletionOption completionOption, Object userState, CancellationToken cancellationToken)
   at Sdk.WebApi.WebApi.RawHttpClientBase.SendAsync[T](HttpRequestMessage message, Boolean readErrorBody, Object userState, CancellationToken cancellationToken)
   at Sdk.WebApi.WebApi.RawHttpClientBase.SendAsync[T](HttpMethod method, IEnumerable`1 additionalHeaders, Uri requestUri, HttpContent content, IEnumerable`1 queryParameters, Boolean readErrorBody, Object userState, CancellationToken cancellationToken)
   at GitHub.Actions.RunService.WebApi.BrokerHttpClient.GetRunnerMessageAsync(Nullable`1 sessionId, String runnerVersion, Nullable`1 status, String os, String architecture, Nullable`1 disableUpdate, CancellationToken cancellationToken)
   at GitHub.Runner.Common.BrokerServer.<>c__DisplayClass7_0.<<GetRunnerMessageAsync>b__0>d.MoveNext()
--- End of stack trace from previous location ---
   at GitHub.Runner.Common.RunnerService.RetryRequest[T](Func`1 func, CancellationToken cancellationToken, Int32 maxAttempts, Func`2 shouldRetry)
[2025-12-15 00:11:18Z ERR  BrokerServer] #####################################################
[2025-12-15 00:11:18Z ERR  BrokerServer] System.Net.Sockets.SocketException (11001): Hôte inconnu.
   at System.Net.Sockets.Socket.AwaitableSocketAsyncEventArgs.ThrowException(SocketError error, CancellationToken cancellationToken)
   at System.Net.Sockets.Socket.AwaitableSocketAsyncEventArgs.System.Threading.Tasks.Sources.IValueTaskSource.GetResult(Int16 token)
   at System.Net.Sockets.Socket.<ConnectAsync>g__WaitForConnectWithCancellation|285_0(AwaitableSocketAsyncEventArgs saea, ValueTask connectTask, CancellationToken cancellationToken)
   at System.Net.Http.HttpConnectionPool.ConnectToTcpHostAsync(String host, Int32 port, HttpRequestMessage initialRequest, Boolean async, CancellationToken cancellationToken)
[2025-12-15 00:11:18Z WARN BrokerServer] Back off 8.974 seconds before next retry. 4 attempt left.
[2025-12-15 00:11:27Z INFO RSAEncryptedFileKeyManager] Loading RSA key parameters from file C:\Users\21265\user-management\actions-runner\.credentials_rsaparams
[2025-12-15 00:11:27Z ERR  GitHubActionsService] POST request to https://tokenghub.actions.githubusercontent.com/_apis/oauth2/token/2457a419-b3a4-4944-b597-5d61a980a51a failed. System.Net.Http.HttpRequestException: Hôte inconnu. (tokenghub.actions.githubusercontent.com:443)
 ---> System.Net.Sockets.SocketException (11001): Hôte inconnu.
   at System.Net.Sockets.Socket.AwaitableSocketAsyncEventArgs.ThrowException(SocketError error, CancellationToken cancellationToken)
   at System.Net.Sockets.Socket.AwaitableSocketAsyncEventArgs.System.Threading.Tasks.Sources.IValueTaskSource.GetResult(Int16 token)
   at System.Net.Sockets.Socket.<ConnectAsync>g__WaitForConnectWithCancellation|285_0(AwaitableSocketAsyncEventArgs saea, ValueTask connectTask, CancellationToken cancellationToken)
   at System.Net.Http.HttpConnectionPool.ConnectToTcpHostAsync(String host, Int32 port, HttpRequestMessage initialRequest, Boolean async, CancellationToken cancellationToken)
   --- End of inner exception stack trace ---
   at System.Net.Http.HttpConnectionPool.ConnectToTcpHostAsync(String host, Int32 port, HttpRequestMessage initialRequest, Boolean async, CancellationToken cancellationToken)
   at System.Net.Http.HttpConnectionPool.ConnectAsync(HttpRequestMessage request, Boolean async, CancellationToken cancellationToken)
   at System.Net.Http.HttpConnectionPool.CreateHttp11ConnectionAsync(HttpRequestMessage request, Boolean async, CancellationToken cancellationToken)
   at System.Net.Http.HttpConnectionPool.AddHttp11ConnectionAsync(QueueItem queueItem)
   at System.Threading.Tasks.TaskCompletionSourceWithCancellation`1.WaitWithCancellationAsync(CancellationToken cancellationToken)
   at System.Net.Http.HttpConnectionPool.SendWithVersionDetectionAndRetryAsync(HttpRequestMessage request, Boolean async, Boolean doRequestAuth, CancellationToken cancellationToken)
   at System.Net.Http.RedirectHandler.SendAsync(HttpRequestMessage request, Boolean async, CancellationToken cancellationToken)
   at GitHub.Services.Common.VssHttpRetryMessageHandler.SendAsync(HttpRequestMessage request, CancellationToken cancellationToken)
[2025-12-15 00:11:27Z ERR  GitHubActionsService] GET request to https://broker.actions.githubusercontent.com/message?sessionId=f2d060ac-ef2b-461c-8dfd-3c63a76a15cb&status=Online&runnerVersion=2.329.0&os=Windows&architecture=X64&disableUpdate=false failed. System.Net.Http.HttpRequestException: Hôte inconnu. (tokenghub.actions.githubusercontent.com:443)
 ---> System.Net.Sockets.SocketException (11001): Hôte inconnu.
   at System.Net.Sockets.Socket.AwaitableSocketAsyncEventArgs.ThrowException(SocketError error, CancellationToken cancellationToken)
   at System.Net.Sockets.Socket.AwaitableSocketAsyncEventArgs.System.Threading.Tasks.Sources.IValueTaskSource.GetResult(Int16 token)
   at System.Net.Sockets.Socket.<ConnectAsync>g__WaitForConnectWithCancellation|285_0(AwaitableSocketAsyncEventArgs saea, ValueTask connectTask, CancellationToken cancellationToken)
   at System.Net.Http.HttpConnectionPool.ConnectToTcpHostAsync(String host, Int32 port, HttpRequestMessage initialRequest, Boolean async, CancellationToken cancellationToken)
   --- End of inner exception stack trace ---
   at GitHub.Services.Common.VssHttpRetryMessageHandler.SendAsync(HttpRequestMessage request, CancellationToken cancellationToken)
   at System.Net.Http.HttpClient.<SendAsync>g__Core|83_0(HttpRequestMessage request, HttpCompletionOption completionOption, CancellationTokenSource cts, Boolean disposeCts, CancellationTokenSource pendingRequestsCts, CancellationToken originalCancellationToken)
   at GitHub.Services.OAuth.VssOAuthTokenHttpClient.GetTokenAsync(VssOAuthGrant grant, VssOAuthClientCredential credential, VssOAuthTokenParameters tokenParameters, CancellationToken cancellationToken)
   at GitHub.Services.OAuth.VssOAuthTokenProvider.OnGetTokenAsync(IssuedToken failedToken, CancellationToken cancellationToken)
   at GitHub.Services.Common.IssuedTokenProvider.GetTokenOperation.GetTokenAsync(VssTraceActivity traceActivity)
   at GitHub.Services.Common.IssuedTokenProvider.GetTokenAsync(IssuedToken failedToken, CancellationToken cancellationToken)
   at GitHub.Services.Common.RawHttpMessageHandler.SendAsync(HttpRequestMessage request, CancellationToken cancellationToken)
   at GitHub.Services.Common.VssHttpRetryMessageHandler.SendAsync(HttpRequestMessage request, CancellationToken cancellationToken)
[2025-12-15 00:11:27Z ERR  BrokerServer] Catch exception during request
[2025-12-15 00:11:27Z ERR  BrokerServer] System.Net.Http.HttpRequestException: Hôte inconnu. (tokenghub.actions.githubusercontent.com:443)
 ---> System.Net.Sockets.SocketException (11001): Hôte inconnu.
   at System.Net.Sockets.Socket.AwaitableSocketAsyncEventArgs.ThrowException(SocketError error, CancellationToken cancellationToken)
   at System.Net.Sockets.Socket.AwaitableSocketAsyncEventArgs.System.Threading.Tasks.Sources.IValueTaskSource.GetResult(Int16 token)
   at System.Net.Sockets.Socket.<ConnectAsync>g__WaitForConnectWithCancellation|285_0(AwaitableSocketAsyncEventArgs saea, ValueTask connectTask, CancellationToken cancellationToken)
   at System.Net.Http.HttpConnectionPool.ConnectToTcpHostAsync(String host, Int32 port, HttpRequestMessage initialRequest, Boolean async, CancellationToken cancellationToken)
   --- End of inner exception stack trace ---
   at GitHub.Services.Common.VssHttpRetryMessageHandler.SendAsync(HttpRequestMessage request, CancellationToken cancellationToken)
   at System.Net.Http.HttpClient.<SendAsync>g__Core|83_0(HttpRequestMessage request, HttpCompletionOption completionOption, CancellationTokenSource cts, Boolean disposeCts, CancellationTokenSource pendingRequestsCts, CancellationToken originalCancellationToken)
   at Sdk.WebApi.WebApi.RawHttpClientBase.SendAsync(HttpRequestMessage message, HttpCompletionOption completionOption, Object userState, CancellationToken cancellationToken)
   at Sdk.WebApi.WebApi.RawHttpClientBase.SendAsync[T](HttpRequestMessage message, Boolean readErrorBody, Object userState, CancellationToken cancellationToken)
   at Sdk.WebApi.WebApi.RawHttpClientBase.SendAsync[T](HttpMethod method, IEnumerable`1 additionalHeaders, Uri requestUri, HttpContent content, IEnumerable`1 queryParameters, Boolean readErrorBody, Object userState, CancellationToken cancellationToken)
   at GitHub.Actions.RunService.WebApi.BrokerHttpClient.GetRunnerMessageAsync(Nullable`1 sessionId, String runnerVersion, Nullable`1 status, String os, String architecture, Nullable`1 disableUpdate, CancellationToken cancellationToken)
   at GitHub.Runner.Common.BrokerServer.<>c__DisplayClass7_0.<<GetRunnerMessageAsync>b__0>d.MoveNext()
--- End of stack trace from previous location ---
   at GitHub.Runner.Common.RunnerService.RetryRequest[T](Func`1 func, CancellationToken cancellationToken, Int32 maxAttempts, Func`2 shouldRetry)
[2025-12-15 00:11:27Z ERR  BrokerServer] #####################################################
[2025-12-15 00:11:27Z ERR  BrokerServer] System.Net.Sockets.SocketException (11001): Hôte inconnu.
   at System.Net.Sockets.Socket.AwaitableSocketAsyncEventArgs.ThrowException(SocketError error, CancellationToken cancellationToken)
   at System.Net.Sockets.Socket.AwaitableSocketAsyncEventArgs.System.Threading.Tasks.Sources.IValueTaskSource.GetResult(Int16 token)
   at System.Net.Sockets.Socket.<ConnectAsync>g__WaitForConnectWithCancellation|285_0(AwaitableSocketAsyncEventArgs saea, ValueTask connectTask, CancellationToken cancellationToken)
   at System.Net.Http.HttpConnectionPool.ConnectToTcpHostAsync(String host, Int32 port, HttpRequestMessage initialRequest, Boolean async, CancellationToken cancellationToken)
[2025-12-15 00:11:27Z WARN BrokerServer] Back off 5.736 seconds before next retry. 3 attempt left.
[2025-12-15 00:11:33Z INFO RSAEncryptedFileKeyManager] Loading RSA key parameters from file C:\Users\21265\user-management\actions-runner\.credentials_rsaparams
[2025-12-15 00:11:33Z ERR  GitHubActionsService] POST request to https://tokenghub.actions.githubusercontent.com/_apis/oauth2/token/2457a419-b3a4-4944-b597-5d61a980a51a failed. System.Net.Http.HttpRequestException: Hôte inconnu. (tokenghub.actions.githubusercontent.com:443)
 ---> System.Net.Sockets.SocketException (11001): Hôte inconnu.
   at System.Net.Sockets.Socket.AwaitableSocketAsyncEventArgs.ThrowException(SocketError error, CancellationToken cancellationToken)
   at System.Net.Sockets.Socket.AwaitableSocketAsyncEventArgs.System.Threading.Tasks.Sources.IValueTaskSource.GetResult(Int16 token)
   at System.Net.Sockets.Socket.<ConnectAsync>g__WaitForConnectWithCancellation|285_0(AwaitableSocketAsyncEventArgs saea, ValueTask connectTask, CancellationToken cancellationToken)
   at System.Net.Http.HttpConnectionPool.ConnectToTcpHostAsync(String host, Int32 port, HttpRequestMessage initialRequest, Boolean async, CancellationToken cancellationToken)
   --- End of inner exception stack trace ---
   at System.Net.Http.HttpConnectionPool.ConnectToTcpHostAsync(String host, Int32 port, HttpRequestMessage initialRequest, Boolean async, CancellationToken cancellationToken)
   at System.Net.Http.HttpConnectionPool.ConnectAsync(HttpRequestMessage request, Boolean async, CancellationToken cancellationToken)
   at System.Net.Http.HttpConnectionPool.CreateHttp11ConnectionAsync(HttpRequestMessage request, Boolean async, CancellationToken cancellationToken)
   at System.Net.Http.HttpConnectionPool.AddHttp11ConnectionAsync(QueueItem queueItem)
   at System.Threading.Tasks.TaskCompletionSourceWithCancellation`1.WaitWithCancellationAsync(CancellationToken cancellationToken)
   at System.Net.Http.HttpConnectionPool.SendWithVersionDetectionAndRetryAsync(HttpRequestMessage request, Boolean async, Boolean doRequestAuth, CancellationToken cancellationToken)
   at System.Net.Http.RedirectHandler.SendAsync(HttpRequestMessage request, Boolean async, CancellationToken cancellationToken)
   at GitHub.Services.Common.VssHttpRetryMessageHandler.SendAsync(HttpRequestMessage request, CancellationToken cancellationToken)
[2025-12-15 00:11:33Z ERR  GitHubActionsService] GET request to https://broker.actions.githubusercontent.com/message?sessionId=f2d060ac-ef2b-461c-8dfd-3c63a76a15cb&status=Online&runnerVersion=2.329.0&os=Windows&architecture=X64&disableUpdate=false failed. System.Net.Http.HttpRequestException: Hôte inconnu. (tokenghub.actions.githubusercontent.com:443)
 ---> System.Net.Sockets.SocketException (11001): Hôte inconnu.
   at System.Net.Sockets.Socket.AwaitableSocketAsyncEventArgs.ThrowException(SocketError error, CancellationToken cancellationToken)
   at System.Net.Sockets.Socket.AwaitableSocketAsyncEventArgs.System.Threading.Tasks.Sources.IValueTaskSource.GetResult(Int16 token)
   at System.Net.Sockets.Socket.<ConnectAsync>g__WaitForConnectWithCancellation|285_0(AwaitableSocketAsyncEventArgs saea, ValueTask connectTask, CancellationToken cancellationToken)
   at System.Net.Http.HttpConnectionPool.ConnectToTcpHostAsync(String host, Int32 port, HttpRequestMessage initialRequest, Boolean async, CancellationToken cancellationToken)
   --- End of inner exception stack trace ---
   at GitHub.Services.Common.VssHttpRetryMessageHandler.SendAsync(HttpRequestMessage request, CancellationToken cancellationToken)
   at System.Net.Http.HttpClient.<SendAsync>g__Core|83_0(HttpRequestMessage request, HttpCompletionOption completionOption, CancellationTokenSource cts, Boolean disposeCts, CancellationTokenSource pendingRequestsCts, CancellationToken originalCancellationToken)
   at GitHub.Services.OAuth.VssOAuthTokenHttpClient.GetTokenAsync(VssOAuthGrant grant, VssOAuthClientCredential credential, VssOAuthTokenParameters tokenParameters, CancellationToken cancellationToken)
   at GitHub.Services.OAuth.VssOAuthTokenProvider.OnGetTokenAsync(IssuedToken failedToken, CancellationToken cancellationToken)
   at GitHub.Services.Common.IssuedTokenProvider.GetTokenOperation.GetTokenAsync(VssTraceActivity traceActivity)
   at GitHub.Services.Common.IssuedTokenProvider.GetTokenAsync(IssuedToken failedToken, CancellationToken cancellationToken)
   at GitHub.Services.Common.RawHttpMessageHandler.SendAsync(HttpRequestMessage request, CancellationToken cancellationToken)
   at GitHub.Services.Common.VssHttpRetryMessageHandler.SendAsync(HttpRequestMessage request, CancellationToken cancellationToken)
[2025-12-15 00:11:33Z ERR  BrokerServer] Catch exception during request
[2025-12-15 00:11:33Z ERR  BrokerServer] System.Net.Http.HttpRequestException: Hôte inconnu. (tokenghub.actions.githubusercontent.com:443)
 ---> System.Net.Sockets.SocketException (11001): Hôte inconnu.
   at System.Net.Sockets.Socket.AwaitableSocketAsyncEventArgs.ThrowException(SocketError error, CancellationToken cancellationToken)
   at System.Net.Sockets.Socket.AwaitableSocketAsyncEventArgs.System.Threading.Tasks.Sources.IValueTaskSource.GetResult(Int16 token)
   at System.Net.Sockets.Socket.<ConnectAsync>g__WaitForConnectWithCancellation|285_0(AwaitableSocketAsyncEventArgs saea, ValueTask connectTask, CancellationToken cancellationToken)
   at System.Net.Http.HttpConnectionPool.ConnectToTcpHostAsync(String host, Int32 port, HttpRequestMessage initialRequest, Boolean async, CancellationToken cancellationToken)
   --- End of inner exception stack trace ---
   at GitHub.Services.Common.VssHttpRetryMessageHandler.SendAsync(HttpRequestMessage request, CancellationToken cancellationToken)
   at System.Net.Http.HttpClient.<SendAsync>g__Core|83_0(HttpRequestMessage request, HttpCompletionOption completionOption, CancellationTokenSource cts, Boolean disposeCts, CancellationTokenSource pendingRequestsCts, CancellationToken originalCancellationToken)
   at Sdk.WebApi.WebApi.RawHttpClientBase.SendAsync(HttpRequestMessage message, HttpCompletionOption completionOption, Object userState, CancellationToken cancellationToken)
   at Sdk.WebApi.WebApi.RawHttpClientBase.SendAsync[T](HttpRequestMessage message, Boolean readErrorBody, Object userState, CancellationToken cancellationToken)
   at Sdk.WebApi.WebApi.RawHttpClientBase.SendAsync[T](HttpMethod method, IEnumerable`1 additionalHeaders, Uri requestUri, HttpContent content, IEnumerable`1 queryParameters, Boolean readErrorBody, Object userState, CancellationToken cancellationToken)
   at GitHub.Actions.RunService.WebApi.BrokerHttpClient.GetRunnerMessageAsync(Nullable`1 sessionId, String runnerVersion, Nullable`1 status, String os, String architecture, Nullable`1 disableUpdate, CancellationToken cancellationToken)
   at GitHub.Runner.Common.BrokerServer.<>c__DisplayClass7_0.<<GetRunnerMessageAsync>b__0>d.MoveNext()
--- End of stack trace from previous location ---
   at GitHub.Runner.Common.RunnerService.RetryRequest[T](Func`1 func, CancellationToken cancellationToken, Int32 maxAttempts, Func`2 shouldRetry)
[2025-12-15 00:11:33Z ERR  BrokerServer] #####################################################
[2025-12-15 00:11:33Z ERR  BrokerServer] System.Net.Sockets.SocketException (11001): Hôte inconnu.
   at System.Net.Sockets.Socket.AwaitableSocketAsyncEventArgs.ThrowException(SocketError error, CancellationToken cancellationToken)
   at System.Net.Sockets.Socket.AwaitableSocketAsyncEventArgs.System.Threading.Tasks.Sources.IValueTaskSource.GetResult(Int16 token)
   at System.Net.Sockets.Socket.<ConnectAsync>g__WaitForConnectWithCancellation|285_0(AwaitableSocketAsyncEventArgs saea, ValueTask connectTask, CancellationToken cancellationToken)
   at System.Net.Http.HttpConnectionPool.ConnectToTcpHostAsync(String host, Int32 port, HttpRequestMessage initialRequest, Boolean async, CancellationToken cancellationToken)
[2025-12-15 00:11:33Z WARN BrokerServer] Back off 6.848 seconds before next retry. 2 attempt left.
[2025-12-15 00:11:40Z INFO RSAEncryptedFileKeyManager] Loading RSA key parameters from file C:\Users\21265\user-management\actions-runner\.credentials_rsaparams
[2025-12-15 00:11:40Z ERR  GitHubActionsService] POST request to https://tokenghub.actions.githubusercontent.com/_apis/oauth2/token/2457a419-b3a4-4944-b597-5d61a980a51a failed. System.Net.Http.HttpRequestException: Hôte inconnu. (tokenghub.actions.githubusercontent.com:443)
 ---> System.Net.Sockets.SocketException (11001): Hôte inconnu.
   at System.Net.Sockets.Socket.AwaitableSocketAsyncEventArgs.ThrowException(SocketError error, CancellationToken cancellationToken)
   at System.Net.Sockets.Socket.AwaitableSocketAsyncEventArgs.System.Threading.Tasks.Sources.IValueTaskSource.GetResult(Int16 token)
   at System.Net.Sockets.Socket.<ConnectAsync>g__WaitForConnectWithCancellation|285_0(AwaitableSocketAsyncEventArgs saea, ValueTask connectTask, CancellationToken cancellationToken)
   at System.Net.Http.HttpConnectionPool.ConnectToTcpHostAsync(String host, Int32 port, HttpRequestMessage initialRequest, Boolean async, CancellationToken cancellationToken)
   --- End of inner exception stack trace ---
   at System.Net.Http.HttpConnectionPool.ConnectToTcpHostAsync(String host, Int32 port, HttpRequestMessage initialRequest, Boolean async, CancellationToken cancellationToken)
   at System.Net.Http.HttpConnectionPool.ConnectAsync(HttpRequestMessage request, Boolean async, CancellationToken cancellationToken)
   at System.Net.Http.HttpConnectionPool.CreateHttp11ConnectionAsync(HttpRequestMessage request, Boolean async, CancellationToken cancellationToken)
   at System.Net.Http.HttpConnectionPool.AddHttp11ConnectionAsync(QueueItem queueItem)
   at System.Threading.Tasks.TaskCompletionSourceWithCancellation`1.WaitWithCancellationAsync(CancellationToken cancellationToken)
   at System.Net.Http.HttpConnectionPool.SendWithVersionDetectionAndRetryAsync(HttpRequestMessage request, Boolean async, Boolean doRequestAuth, CancellationToken cancellationToken)
   at System.Net.Http.RedirectHandler.SendAsync(HttpRequestMessage request, Boolean async, CancellationToken cancellationToken)
   at GitHub.Services.Common.VssHttpRetryMessageHandler.SendAsync(HttpRequestMessage request, CancellationToken cancellationToken)
[2025-12-15 00:11:40Z ERR  GitHubActionsService] GET request to https://broker.actions.githubusercontent.com/message?sessionId=f2d060ac-ef2b-461c-8dfd-3c63a76a15cb&status=Online&runnerVersion=2.329.0&os=Windows&architecture=X64&disableUpdate=false failed. System.Net.Http.HttpRequestException: Hôte inconnu. (tokenghub.actions.githubusercontent.com:443)
 ---> System.Net.Sockets.SocketException (11001): Hôte inconnu.
   at System.Net.Sockets.Socket.AwaitableSocketAsyncEventArgs.ThrowException(SocketError error, CancellationToken cancellationToken)
   at System.Net.Sockets.Socket.AwaitableSocketAsyncEventArgs.System.Threading.Tasks.Sources.IValueTaskSource.GetResult(Int16 token)
   at System.Net.Sockets.Socket.<ConnectAsync>g__WaitForConnectWithCancellation|285_0(AwaitableSocketAsyncEventArgs saea, ValueTask connectTask, CancellationToken cancellationToken)
   at System.Net.Http.HttpConnectionPool.ConnectToTcpHostAsync(String host, Int32 port, HttpRequestMessage initialRequest, Boolean async, CancellationToken cancellationToken)
   --- End of inner exception stack trace ---
   at GitHub.Services.Common.VssHttpRetryMessageHandler.SendAsync(HttpRequestMessage request, CancellationToken cancellationToken)
   at System.Net.Http.HttpClient.<SendAsync>g__Core|83_0(HttpRequestMessage request, HttpCompletionOption completionOption, CancellationTokenSource cts, Boolean disposeCts, CancellationTokenSource pendingRequestsCts, CancellationToken originalCancellationToken)
   at GitHub.Services.OAuth.VssOAuthTokenHttpClient.GetTokenAsync(VssOAuthGrant grant, VssOAuthClientCredential credential, VssOAuthTokenParameters tokenParameters, CancellationToken cancellationToken)
   at GitHub.Services.OAuth.VssOAuthTokenProvider.OnGetTokenAsync(IssuedToken failedToken, CancellationToken cancellationToken)
   at GitHub.Services.Common.IssuedTokenProvider.GetTokenOperation.GetTokenAsync(VssTraceActivity traceActivity)
   at GitHub.Services.Common.IssuedTokenProvider.GetTokenAsync(IssuedToken failedToken, CancellationToken cancellationToken)
   at GitHub.Services.Common.RawHttpMessageHandler.SendAsync(HttpRequestMessage request, CancellationToken cancellationToken)
   at GitHub.Services.Common.VssHttpRetryMessageHandler.SendAsync(HttpRequestMessage request, CancellationToken cancellationToken)
[2025-12-15 00:11:40Z ERR  BrokerServer] Catch exception during request
[2025-12-15 00:11:40Z ERR  BrokerServer] System.Net.Http.HttpRequestException: Hôte inconnu. (tokenghub.actions.githubusercontent.com:443)
 ---> System.Net.Sockets.SocketException (11001): Hôte inconnu.
   at System.Net.Sockets.Socket.AwaitableSocketAsyncEventArgs.ThrowException(SocketError error, CancellationToken cancellationToken)
   at System.Net.Sockets.Socket.AwaitableSocketAsyncEventArgs.System.Threading.Tasks.Sources.IValueTaskSource.GetResult(Int16 token)
   at System.Net.Sockets.Socket.<ConnectAsync>g__WaitForConnectWithCancellation|285_0(AwaitableSocketAsyncEventArgs saea, ValueTask connectTask, CancellationToken cancellationToken)
   at System.Net.Http.HttpConnectionPool.ConnectToTcpHostAsync(String host, Int32 port, HttpRequestMessage initialRequest, Boolean async, CancellationToken cancellationToken)
   --- End of inner exception stack trace ---
   at GitHub.Services.Common.VssHttpRetryMessageHandler.SendAsync(HttpRequestMessage request, CancellationToken cancellationToken)
   at System.Net.Http.HttpClient.<SendAsync>g__Core|83_0(HttpRequestMessage request, HttpCompletionOption completionOption, CancellationTokenSource cts, Boolean disposeCts, CancellationTokenSource pendingRequestsCts, CancellationToken originalCancellationToken)
   at Sdk.WebApi.WebApi.RawHttpClientBase.SendAsync(HttpRequestMessage message, HttpCompletionOption completionOption, Object userState, CancellationToken cancellationToken)
   at Sdk.WebApi.WebApi.RawHttpClientBase.SendAsync[T](HttpRequestMessage message, Boolean readErrorBody, Object userState, CancellationToken cancellationToken)
   at Sdk.WebApi.WebApi.RawHttpClientBase.SendAsync[T](HttpMethod method, IEnumerable`1 additionalHeaders, Uri requestUri, HttpContent content, IEnumerable`1 queryParameters, Boolean readErrorBody, Object userState, CancellationToken cancellationToken)
   at GitHub.Actions.RunService.WebApi.BrokerHttpClient.GetRunnerMessageAsync(Nullable`1 sessionId, String runnerVersion, Nullable`1 status, String os, String architecture, Nullable`1 disableUpdate, CancellationToken cancellationToken)
   at GitHub.Runner.Common.BrokerServer.<>c__DisplayClass7_0.<<GetRunnerMessageAsync>b__0>d.MoveNext()
--- End of stack trace from previous location ---
   at GitHub.Runner.Common.RunnerService.RetryRequest[T](Func`1 func, CancellationToken cancellationToken, Int32 maxAttempts, Func`2 shouldRetry)
[2025-12-15 00:11:40Z ERR  BrokerServer] #####################################################
[2025-12-15 00:11:40Z ERR  BrokerServer] System.Net.Sockets.SocketException (11001): Hôte inconnu.
   at System.Net.Sockets.Socket.AwaitableSocketAsyncEventArgs.ThrowException(SocketError error, CancellationToken cancellationToken)
   at System.Net.Sockets.Socket.AwaitableSocketAsyncEventArgs.System.Threading.Tasks.Sources.IValueTaskSource.GetResult(Int16 token)
   at System.Net.Sockets.Socket.<ConnectAsync>g__WaitForConnectWithCancellation|285_0(AwaitableSocketAsyncEventArgs saea, ValueTask connectTask, CancellationToken cancellationToken)
   at System.Net.Http.HttpConnectionPool.ConnectToTcpHostAsync(String host, Int32 port, HttpRequestMessage initialRequest, Boolean async, CancellationToken cancellationToken)
[2025-12-15 00:11:40Z WARN BrokerServer] Back off 8.198 seconds before next retry. 1 attempt left.
[2025-12-15 00:11:48Z INFO RSAEncryptedFileKeyManager] Loading RSA key parameters from file C:\Users\21265\user-management\actions-runner\.credentials_rsaparams
[2025-12-15 00:11:48Z ERR  GitHubActionsService] POST request to https://tokenghub.actions.githubusercontent.com/_apis/oauth2/token/2457a419-b3a4-4944-b597-5d61a980a51a failed. System.Net.Http.HttpRequestException: Hôte inconnu. (tokenghub.actions.githubusercontent.com:443)
 ---> System.Net.Sockets.SocketException (11001): Hôte inconnu.
   at System.Net.Sockets.Socket.AwaitableSocketAsyncEventArgs.ThrowException(SocketError error, CancellationToken cancellationToken)
   at System.Net.Sockets.Socket.AwaitableSocketAsyncEventArgs.System.Threading.Tasks.Sources.IValueTaskSource.GetResult(Int16 token)
   at System.Net.Sockets.Socket.<ConnectAsync>g__WaitForConnectWithCancellation|285_0(AwaitableSocketAsyncEventArgs saea, ValueTask connectTask, CancellationToken cancellationToken)
   at System.Net.Http.HttpConnectionPool.ConnectToTcpHostAsync(String host, Int32 port, HttpRequestMessage initialRequest, Boolean async, CancellationToken cancellationToken)
   --- End of inner exception stack trace ---
   at System.Net.Http.HttpConnectionPool.ConnectToTcpHostAsync(String host, Int32 port, HttpRequestMessage initialRequest, Boolean async, CancellationToken cancellationToken)
   at System.Net.Http.HttpConnectionPool.ConnectAsync(HttpRequestMessage request, Boolean async, CancellationToken cancellationToken)
   at System.Net.Http.HttpConnectionPool.CreateHttp11ConnectionAsync(HttpRequestMessage request, Boolean async, CancellationToken cancellationToken)
   at System.Net.Http.HttpConnectionPool.AddHttp11ConnectionAsync(QueueItem queueItem)
   at System.Threading.Tasks.TaskCompletionSourceWithCancellation`1.WaitWithCancellationAsync(CancellationToken cancellationToken)
   at System.Net.Http.HttpConnectionPool.SendWithVersionDetectionAndRetryAsync(HttpRequestMessage request, Boolean async, Boolean doRequestAuth, CancellationToken cancellationToken)
   at System.Net.Http.RedirectHandler.SendAsync(HttpRequestMessage request, Boolean async, CancellationToken cancellationToken)
   at GitHub.Services.Common.VssHttpRetryMessageHandler.SendAsync(HttpRequestMessage request, CancellationToken cancellationToken)
[2025-12-15 00:11:48Z ERR  GitHubActionsService] GET request to https://broker.actions.githubusercontent.com/message?sessionId=f2d060ac-ef2b-461c-8dfd-3c63a76a15cb&status=Online&runnerVersion=2.329.0&os=Windows&architecture=X64&disableUpdate=false failed. System.Net.Http.HttpRequestException: Hôte inconnu. (tokenghub.actions.githubusercontent.com:443)
 ---> System.Net.Sockets.SocketException (11001): Hôte inconnu.
   at System.Net.Sockets.Socket.AwaitableSocketAsyncEventArgs.ThrowException(SocketError error, CancellationToken cancellationToken)
   at System.Net.Sockets.Socket.AwaitableSocketAsyncEventArgs.System.Threading.Tasks.Sources.IValueTaskSource.GetResult(Int16 token)
   at System.Net.Sockets.Socket.<ConnectAsync>g__WaitForConnectWithCancellation|285_0(AwaitableSocketAsyncEventArgs saea, ValueTask connectTask, CancellationToken cancellationToken)
   at System.Net.Http.HttpConnectionPool.ConnectToTcpHostAsync(String host, Int32 port, HttpRequestMessage initialRequest, Boolean async, CancellationToken cancellationToken)
   --- End of inner exception stack trace ---
   at GitHub.Services.Common.VssHttpRetryMessageHandler.SendAsync(HttpRequestMessage request, CancellationToken cancellationToken)
   at System.Net.Http.HttpClient.<SendAsync>g__Core|83_0(HttpRequestMessage request, HttpCompletionOption completionOption, CancellationTokenSource cts, Boolean disposeCts, CancellationTokenSource pendingRequestsCts, CancellationToken originalCancellationToken)
   at GitHub.Services.OAuth.VssOAuthTokenHttpClient.GetTokenAsync(VssOAuthGrant grant, VssOAuthClientCredential credential, VssOAuthTokenParameters tokenParameters, CancellationToken cancellationToken)
   at GitHub.Services.OAuth.VssOAuthTokenProvider.OnGetTokenAsync(IssuedToken failedToken, CancellationToken cancellationToken)
   at GitHub.Services.Common.IssuedTokenProvider.GetTokenOperation.GetTokenAsync(VssTraceActivity traceActivity)
   at GitHub.Services.Common.IssuedTokenProvider.GetTokenAsync(IssuedToken failedToken, CancellationToken cancellationToken)
   at GitHub.Services.Common.RawHttpMessageHandler.SendAsync(HttpRequestMessage request, CancellationToken cancellationToken)
   at GitHub.Services.Common.VssHttpRetryMessageHandler.SendAsync(HttpRequestMessage request, CancellationToken cancellationToken)
[2025-12-15 00:11:48Z ERR  BrokerMessageListener] Catch exception during get next message.
[2025-12-15 00:11:48Z ERR  BrokerMessageListener] System.Net.Http.HttpRequestException: Hôte inconnu. (tokenghub.actions.githubusercontent.com:443)
 ---> System.Net.Sockets.SocketException (11001): Hôte inconnu.
   at System.Net.Sockets.Socket.AwaitableSocketAsyncEventArgs.ThrowException(SocketError error, CancellationToken cancellationToken)
   at System.Net.Sockets.Socket.AwaitableSocketAsyncEventArgs.System.Threading.Tasks.Sources.IValueTaskSource.GetResult(Int16 token)
   at System.Net.Sockets.Socket.<ConnectAsync>g__WaitForConnectWithCancellation|285_0(AwaitableSocketAsyncEventArgs saea, ValueTask connectTask, CancellationToken cancellationToken)
   at System.Net.Http.HttpConnectionPool.ConnectToTcpHostAsync(String host, Int32 port, HttpRequestMessage initialRequest, Boolean async, CancellationToken cancellationToken)
   --- End of inner exception stack trace ---
   at GitHub.Services.Common.VssHttpRetryMessageHandler.SendAsync(HttpRequestMessage request, CancellationToken cancellationToken)
   at System.Net.Http.HttpClient.<SendAsync>g__Core|83_0(HttpRequestMessage request, HttpCompletionOption completionOption, CancellationTokenSource cts, Boolean disposeCts, CancellationTokenSource pendingRequestsCts, CancellationToken originalCancellationToken)
   at Sdk.WebApi.WebApi.RawHttpClientBase.SendAsync(HttpRequestMessage message, HttpCompletionOption completionOption, Object userState, CancellationToken cancellationToken)
   at Sdk.WebApi.WebApi.RawHttpClientBase.SendAsync[T](HttpRequestMessage message, Boolean readErrorBody, Object userState, CancellationToken cancellationToken)
   at Sdk.WebApi.WebApi.RawHttpClientBase.SendAsync[T](HttpMethod method, IEnumerable`1 additionalHeaders, Uri requestUri, HttpContent content, IEnumerable`1 queryParameters, Boolean readErrorBody, Object userState, CancellationToken cancellationToken)
   at GitHub.Actions.RunService.WebApi.BrokerHttpClient.GetRunnerMessageAsync(Nullable`1 sessionId, String runnerVersion, Nullable`1 status, String os, String architecture, Nullable`1 disableUpdate, CancellationToken cancellationToken)
   at GitHub.Runner.Common.BrokerServer.<>c__DisplayClass7_0.<<GetRunnerMessageAsync>b__0>d.MoveNext()
--- End of stack trace from previous location ---
   at GitHub.Runner.Common.RunnerService.RetryRequest[T](Func`1 func, CancellationToken cancellationToken, Int32 maxAttempts, Func`2 shouldRetry)
   at GitHub.Runner.Listener.BrokerMessageListener.GetNextMessageAsync(CancellationToken token)
[2025-12-15 00:11:48Z ERR  BrokerMessageListener] #####################################################
[2025-12-15 00:11:48Z ERR  BrokerMessageListener] System.Net.Sockets.SocketException (11001): Hôte inconnu.
   at System.Net.Sockets.Socket.AwaitableSocketAsyncEventArgs.ThrowException(SocketError error, CancellationToken cancellationToken)
   at System.Net.Sockets.Socket.AwaitableSocketAsyncEventArgs.System.Threading.Tasks.Sources.IValueTaskSource.GetResult(Int16 token)
   at System.Net.Sockets.Socket.<ConnectAsync>g__WaitForConnectWithCancellation|285_0(AwaitableSocketAsyncEventArgs saea, ValueTask connectTask, CancellationToken cancellationToken)
   at System.Net.Http.HttpConnectionPool.ConnectToTcpHostAsync(String host, Int32 port, HttpRequestMessage initialRequest, Boolean async, CancellationToken cancellationToken)
[2025-12-15 00:11:48Z INFO BrokerMessageListener] Retriable exception: Hôte inconnu. (tokenghub.actions.githubusercontent.com:443)
[2025-12-15 00:11:48Z INFO BrokerMessageListener] Reload credentials.
[2025-12-15 00:11:48Z INFO ConfigurationStore] HasCredentials()
[2025-12-15 00:11:48Z INFO ConfigurationStore] stored True
[2025-12-15 00:11:48Z INFO CredentialManager] GetCredentialProvider
[2025-12-15 00:11:48Z INFO CredentialManager] Creating type OAuth
[2025-12-15 00:11:48Z INFO CredentialManager] Creating credential type: OAuth
[2025-12-15 00:11:48Z INFO RSAEncryptedFileKeyManager] Loading RSA key parameters from file C:\Users\21265\user-management\actions-runner\.credentials_rsaparams
[2025-12-15 00:11:48Z INFO BrokerMessageListener] Connection to Broker Server recreated.
[2025-12-15 00:11:48Z INFO BrokerMessageListener] Sleeping for 33.905 seconds before retrying.
[2025-12-15 00:12:22Z INFO RSAEncryptedFileKeyManager] Loading RSA key parameters from file C:\Users\21265\user-management\actions-runner\.credentials_rsaparams
[2025-12-15 00:12:22Z INFO RSAEncryptedFileKeyManager] Loading RSA key parameters from file C:\Users\21265\user-management\actions-runner\.credentials_rsaparams
[2025-12-15 00:12:22Z ERR  GitHubActionsService] POST request to https://tokenghub.actions.githubusercontent.com/_apis/oauth2/token/2457a419-b3a4-4944-b597-5d61a980a51a failed. System.Net.Http.HttpRequestException: Hôte inconnu. (tokenghub.actions.githubusercontent.com:443)
 ---> System.Net.Sockets.SocketException (11001): Hôte inconnu.
   at System.Net.Sockets.Socket.AwaitableSocketAsyncEventArgs.ThrowException(SocketError error, CancellationToken cancellationToken)
   at System.Net.Sockets.Socket.AwaitableSocketAsyncEventArgs.System.Threading.Tasks.Sources.IValueTaskSource.GetResult(Int16 token)
   at System.Net.Sockets.Socket.<ConnectAsync>g__WaitForConnectWithCancellation|285_0(AwaitableSocketAsyncEventArgs saea, ValueTask connectTask, CancellationToken cancellationToken)
   at System.Net.Http.HttpConnectionPool.ConnectToTcpHostAsync(String host, Int32 port, HttpRequestMessage initialRequest, Boolean async, CancellationToken cancellationToken)
   --- End of inner exception stack trace ---
   at System.Net.Http.HttpConnectionPool.ConnectToTcpHostAsync(String host, Int32 port, HttpRequestMessage initialRequest, Boolean async, CancellationToken cancellationToken)
   at System.Net.Http.HttpConnectionPool.ConnectAsync(HttpRequestMessage request, Boolean async, CancellationToken cancellationToken)
   at System.Net.Http.HttpConnectionPool.CreateHttp11ConnectionAsync(HttpRequestMessage request, Boolean async, CancellationToken cancellationToken)
   at System.Net.Http.HttpConnectionPool.AddHttp11ConnectionAsync(QueueItem queueItem)
   at System.Threading.Tasks.TaskCompletionSourceWithCancellation`1.WaitWithCancellationAsync(CancellationToken cancellationToken)
   at System.Net.Http.HttpConnectionPool.SendWithVersionDetectionAndRetryAsync(HttpRequestMessage request, Boolean async, Boolean doRequestAuth, CancellationToken cancellationToken)
   at System.Net.Http.RedirectHandler.SendAsync(HttpRequestMessage request, Boolean async, CancellationToken cancellationToken)
   at GitHub.Services.Common.VssHttpRetryMessageHandler.SendAsync(HttpRequestMessage request, CancellationToken cancellationToken)
[2025-12-15 00:12:22Z ERR  GitHubActionsService] GET request to https://broker.actions.githubusercontent.com/message?sessionId=f2d060ac-ef2b-461c-8dfd-3c63a76a15cb&status=Online&runnerVersion=2.329.0&os=Windows&architecture=X64&disableUpdate=false failed. System.Net.Http.HttpRequestException: Hôte inconnu. (tokenghub.actions.githubusercontent.com:443)
 ---> System.Net.Sockets.SocketException (11001): Hôte inconnu.
   at System.Net.Sockets.Socket.AwaitableSocketAsyncEventArgs.ThrowException(SocketError error, CancellationToken cancellationToken)
   at System.Net.Sockets.Socket.AwaitableSocketAsyncEventArgs.System.Threading.Tasks.Sources.IValueTaskSource.GetResult(Int16 token)
   at System.Net.Sockets.Socket.<ConnectAsync>g__WaitForConnectWithCancellation|285_0(AwaitableSocketAsyncEventArgs saea, ValueTask connectTask, CancellationToken cancellationToken)
   at System.Net.Http.HttpConnectionPool.ConnectToTcpHostAsync(String host, Int32 port, HttpRequestMessage initialRequest, Boolean async, CancellationToken cancellationToken)
   --- End of inner exception stack trace ---
   at GitHub.Services.Common.VssHttpRetryMessageHandler.SendAsync(HttpRequestMessage request, CancellationToken cancellationToken)
   at System.Net.Http.HttpClient.<SendAsync>g__Core|83_0(HttpRequestMessage request, HttpCompletionOption completionOption, CancellationTokenSource cts, Boolean disposeCts, CancellationTokenSource pendingRequestsCts, CancellationToken originalCancellationToken)
   at GitHub.Services.OAuth.VssOAuthTokenHttpClient.GetTokenAsync(VssOAuthGrant grant, VssOAuthClientCredential credential, VssOAuthTokenParameters tokenParameters, CancellationToken cancellationToken)
   at GitHub.Services.OAuth.VssOAuthTokenProvider.OnGetTokenAsync(IssuedToken failedToken, CancellationToken cancellationToken)
   at GitHub.Services.Common.IssuedTokenProvider.GetTokenOperation.GetTokenAsync(VssTraceActivity traceActivity)
   at GitHub.Services.Common.IssuedTokenProvider.GetTokenAsync(IssuedToken failedToken, CancellationToken cancellationToken)
   at GitHub.Services.Common.RawHttpMessageHandler.SendAsync(HttpRequestMessage request, CancellationToken cancellationToken)
   at GitHub.Services.Common.VssHttpRetryMessageHandler.SendAsync(HttpRequestMessage request, CancellationToken cancellationToken)
[2025-12-15 00:12:22Z ERR  BrokerServer] Catch exception during request
[2025-12-15 00:12:22Z ERR  BrokerServer] System.Net.Http.HttpRequestException: Hôte inconnu. (tokenghub.actions.githubusercontent.com:443)
 ---> System.Net.Sockets.SocketException (11001): Hôte inconnu.
   at System.Net.Sockets.Socket.AwaitableSocketAsyncEventArgs.ThrowException(SocketError error, CancellationToken cancellationToken)
   at System.Net.Sockets.Socket.AwaitableSocketAsyncEventArgs.System.Threading.Tasks.Sources.IValueTaskSource.GetResult(Int16 token)
   at System.Net.Sockets.Socket.<ConnectAsync>g__WaitForConnectWithCancellation|285_0(AwaitableSocketAsyncEventArgs saea, ValueTask connectTask, CancellationToken cancellationToken)
   at System.Net.Http.HttpConnectionPool.ConnectToTcpHostAsync(String host, Int32 port, HttpRequestMessage initialRequest, Boolean async, CancellationToken cancellationToken)
   --- End of inner exception stack trace ---
   at GitHub.Services.Common.VssHttpRetryMessageHandler.SendAsync(HttpRequestMessage request, CancellationToken cancellationToken)
   at System.Net.Http.HttpClient.<SendAsync>g__Core|83_0(HttpRequestMessage request, HttpCompletionOption completionOption, CancellationTokenSource cts, Boolean disposeCts, CancellationTokenSource pendingRequestsCts, CancellationToken originalCancellationToken)
   at Sdk.WebApi.WebApi.RawHttpClientBase.SendAsync(HttpRequestMessage message, HttpCompletionOption completionOption, Object userState, CancellationToken cancellationToken)
   at Sdk.WebApi.WebApi.RawHttpClientBase.SendAsync[T](HttpRequestMessage message, Boolean readErrorBody, Object userState, CancellationToken cancellationToken)
   at Sdk.WebApi.WebApi.RawHttpClientBase.SendAsync[T](HttpMethod method, IEnumerable`1 additionalHeaders, Uri requestUri, HttpContent content, IEnumerable`1 queryParameters, Boolean readErrorBody, Object userState, CancellationToken cancellationToken)
   at GitHub.Actions.RunService.WebApi.BrokerHttpClient.GetRunnerMessageAsync(Nullable`1 sessionId, String runnerVersion, Nullable`1 status, String os, String architecture, Nullable`1 disableUpdate, CancellationToken cancellationToken)
   at GitHub.Runner.Common.BrokerServer.<>c__DisplayClass7_0.<<GetRunnerMessageAsync>b__0>d.MoveNext()
--- End of stack trace from previous location ---
   at GitHub.Runner.Common.RunnerService.RetryRequest[T](Func`1 func, CancellationToken cancellationToken, Int32 maxAttempts, Func`2 shouldRetry)
[2025-12-15 00:12:22Z ERR  BrokerServer] #####################################################
[2025-12-15 00:12:22Z ERR  BrokerServer] System.Net.Sockets.SocketException (11001): Hôte inconnu.
   at System.Net.Sockets.Socket.AwaitableSocketAsyncEventArgs.ThrowException(SocketError error, CancellationToken cancellationToken)
   at System.Net.Sockets.Socket.AwaitableSocketAsyncEventArgs.System.Threading.Tasks.Sources.IValueTaskSource.GetResult(Int16 token)
   at System.Net.Sockets.Socket.<ConnectAsync>g__WaitForConnectWithCancellation|285_0(AwaitableSocketAsyncEventArgs saea, ValueTask connectTask, CancellationToken cancellationToken)
   at System.Net.Http.HttpConnectionPool.ConnectToTcpHostAsync(String host, Int32 port, HttpRequestMessage initialRequest, Boolean async, CancellationToken cancellationToken)
[2025-12-15 00:12:22Z WARN BrokerServer] Back off 9.876 seconds before next retry. 4 attempt left.
[2025-12-15 00:12:32Z INFO RSAEncryptedFileKeyManager] Loading RSA key parameters from file C:\Users\21265\user-management\actions-runner\.credentials_rsaparams
[2025-12-15 00:12:32Z ERR  GitHubActionsService] POST request to https://tokenghub.actions.githubusercontent.com/_apis/oauth2/token/2457a419-b3a4-4944-b597-5d61a980a51a failed. System.Net.Http.HttpRequestException: Hôte inconnu. (tokenghub.actions.githubusercontent.com:443)
 ---> System.Net.Sockets.SocketException (11001): Hôte inconnu.
   at System.Net.Sockets.Socket.AwaitableSocketAsyncEventArgs.ThrowException(SocketError error, CancellationToken cancellationToken)
   at System.Net.Sockets.Socket.AwaitableSocketAsyncEventArgs.System.Threading.Tasks.Sources.IValueTaskSource.GetResult(Int16 token)
   at System.Net.Sockets.Socket.<ConnectAsync>g__WaitForConnectWithCancellation|285_0(AwaitableSocketAsyncEventArgs saea, ValueTask connectTask, CancellationToken cancellationToken)
   at System.Net.Http.HttpConnectionPool.ConnectToTcpHostAsync(String host, Int32 port, HttpRequestMessage initialRequest, Boolean async, CancellationToken cancellationToken)
   --- End of inner exception stack trace ---
   at System.Net.Http.HttpConnectionPool.ConnectToTcpHostAsync(String host, Int32 port, HttpRequestMessage initialRequest, Boolean async, CancellationToken cancellationToken)
   at System.Net.Http.HttpConnectionPool.ConnectAsync(HttpRequestMessage request, Boolean async, CancellationToken cancellationToken)
   at System.Net.Http.HttpConnectionPool.CreateHttp11ConnectionAsync(HttpRequestMessage request, Boolean async, CancellationToken cancellationToken)
   at System.Net.Http.HttpConnectionPool.AddHttp11ConnectionAsync(QueueItem queueItem)
   at System.Threading.Tasks.TaskCompletionSourceWithCancellation`1.WaitWithCancellationAsync(CancellationToken cancellationToken)
   at System.Net.Http.HttpConnectionPool.SendWithVersionDetectionAndRetryAsync(HttpRequestMessage request, Boolean async, Boolean doRequestAuth, CancellationToken cancellationToken)
   at System.Net.Http.RedirectHandler.SendAsync(HttpRequestMessage request, Boolean async, CancellationToken cancellationToken)
   at GitHub.Services.Common.VssHttpRetryMessageHandler.SendAsync(HttpRequestMessage request, CancellationToken cancellationToken)
[2025-12-15 00:12:32Z ERR  GitHubActionsService] GET request to https://broker.actions.githubusercontent.com/message?sessionId=f2d060ac-ef2b-461c-8dfd-3c63a76a15cb&status=Online&runnerVersion=2.329.0&os=Windows&architecture=X64&disableUpdate=false failed. System.Net.Http.HttpRequestException: Hôte inconnu. (tokenghub.actions.githubusercontent.com:443)
 ---> System.Net.Sockets.SocketException (11001): Hôte inconnu.
   at System.Net.Sockets.Socket.AwaitableSocketAsyncEventArgs.ThrowException(SocketError error, CancellationToken cancellationToken)
   at System.Net.Sockets.Socket.AwaitableSocketAsyncEventArgs.System.Threading.Tasks.Sources.IValueTaskSource.GetResult(Int16 token)
   at System.Net.Sockets.Socket.<ConnectAsync>g__WaitForConnectWithCancellation|285_0(AwaitableSocketAsyncEventArgs saea, ValueTask connectTask, CancellationToken cancellationToken)
   at System.Net.Http.HttpConnectionPool.ConnectToTcpHostAsync(String host, Int32 port, HttpRequestMessage initialRequest, Boolean async, CancellationToken cancellationToken)
   --- End of inner exception stack trace ---
   at GitHub.Services.Common.VssHttpRetryMessageHandler.SendAsync(HttpRequestMessage request, CancellationToken cancellationToken)
   at System.Net.Http.HttpClient.<SendAsync>g__Core|83_0(HttpRequestMessage request, HttpCompletionOption completionOption, CancellationTokenSource cts, Boolean disposeCts, CancellationTokenSource pendingRequestsCts, CancellationToken originalCancellationToken)
   at GitHub.Services.OAuth.VssOAuthTokenHttpClient.GetTokenAsync(VssOAuthGrant grant, VssOAuthClientCredential credential, VssOAuthTokenParameters tokenParameters, CancellationToken cancellationToken)
   at GitHub.Services.OAuth.VssOAuthTokenProvider.OnGetTokenAsync(IssuedToken failedToken, CancellationToken cancellationToken)
   at GitHub.Services.Common.IssuedTokenProvider.GetTokenOperation.GetTokenAsync(VssTraceActivity traceActivity)
   at GitHub.Services.Common.IssuedTokenProvider.GetTokenAsync(IssuedToken failedToken, CancellationToken cancellationToken)
   at GitHub.Services.Common.RawHttpMessageHandler.SendAsync(HttpRequestMessage request, CancellationToken cancellationToken)
   at GitHub.Services.Common.VssHttpRetryMessageHandler.SendAsync(HttpRequestMessage request, CancellationToken cancellationToken)
[2025-12-15 00:12:32Z ERR  BrokerServer] Catch exception during request
[2025-12-15 00:12:32Z ERR  BrokerServer] System.Net.Http.HttpRequestException: Hôte inconnu. (tokenghub.actions.githubusercontent.com:443)
 ---> System.Net.Sockets.SocketException (11001): Hôte inconnu.
   at System.Net.Sockets.Socket.AwaitableSocketAsyncEventArgs.ThrowException(SocketError error, CancellationToken cancellationToken)
   at System.Net.Sockets.Socket.AwaitableSocketAsyncEventArgs.System.Threading.Tasks.Sources.IValueTaskSource.GetResult(Int16 token)
   at System.Net.Sockets.Socket.<ConnectAsync>g__WaitForConnectWithCancellation|285_0(AwaitableSocketAsyncEventArgs saea, ValueTask connectTask, CancellationToken cancellationToken)
   at System.Net.Http.HttpConnectionPool.ConnectToTcpHostAsync(String host, Int32 port, HttpRequestMessage initialRequest, Boolean async, CancellationToken cancellationToken)
   --- End of inner exception stack trace ---
   at GitHub.Services.Common.VssHttpRetryMessageHandler.SendAsync(HttpRequestMessage request, CancellationToken cancellationToken)
   at System.Net.Http.HttpClient.<SendAsync>g__Core|83_0(HttpRequestMessage request, HttpCompletionOption completionOption, CancellationTokenSource cts, Boolean disposeCts, CancellationTokenSource pendingRequestsCts, CancellationToken originalCancellationToken)
   at Sdk.WebApi.WebApi.RawHttpClientBase.SendAsync(HttpRequestMessage message, HttpCompletionOption completionOption, Object userState, CancellationToken cancellationToken)
   at Sdk.WebApi.WebApi.RawHttpClientBase.SendAsync[T](HttpRequestMessage message, Boolean readErrorBody, Object userState, CancellationToken cancellationToken)
   at Sdk.WebApi.WebApi.RawHttpClientBase.SendAsync[T](HttpMethod method, IEnumerable`1 additionalHeaders, Uri requestUri, HttpContent content, IEnumerable`1 queryParameters, Boolean readErrorBody, Object userState, CancellationToken cancellationToken)
   at GitHub.Actions.RunService.WebApi.BrokerHttpClient.GetRunnerMessageAsync(Nullable`1 sessionId, String runnerVersion, Nullable`1 status, String os, String architecture, Nullable`1 disableUpdate, CancellationToken cancellationToken)
   at GitHub.Runner.Common.BrokerServer.<>c__DisplayClass7_0.<<GetRunnerMessageAsync>b__0>d.MoveNext()
--- End of stack trace from previous location ---
   at GitHub.Runner.Common.RunnerService.RetryRequest[T](Func`1 func, CancellationToken cancellationToken, Int32 maxAttempts, Func`2 shouldRetry)
[2025-12-15 00:12:32Z ERR  BrokerServer] #####################################################
[2025-12-15 00:12:32Z ERR  BrokerServer] System.Net.Sockets.SocketException (11001): Hôte inconnu.
   at System.Net.Sockets.Socket.AwaitableSocketAsyncEventArgs.ThrowException(SocketError error, CancellationToken cancellationToken)
   at System.Net.Sockets.Socket.AwaitableSocketAsyncEventArgs.System.Threading.Tasks.Sources.IValueTaskSource.GetResult(Int16 token)
   at System.Net.Sockets.Socket.<ConnectAsync>g__WaitForConnectWithCancellation|285_0(AwaitableSocketAsyncEventArgs saea, ValueTask connectTask, CancellationToken cancellationToken)
   at System.Net.Http.HttpConnectionPool.ConnectToTcpHostAsync(String host, Int32 port, HttpRequestMessage initialRequest, Boolean async, CancellationToken cancellationToken)
[2025-12-15 00:12:32Z WARN BrokerServer] Back off 7.822 seconds before next retry. 3 attempt left.
[2025-12-15 00:12:40Z INFO RSAEncryptedFileKeyManager] Loading RSA key parameters from file C:\Users\21265\user-management\actions-runner\.credentials_rsaparams
[2025-12-15 00:12:40Z ERR  GitHubActionsService] POST request to https://tokenghub.actions.githubusercontent.com/_apis/oauth2/token/2457a419-b3a4-4944-b597-5d61a980a51a failed. System.Net.Http.HttpRequestException: Hôte inconnu. (tokenghub.actions.githubusercontent.com:443)
 ---> System.Net.Sockets.SocketException (11001): Hôte inconnu.
   at System.Net.Sockets.Socket.AwaitableSocketAsyncEventArgs.ThrowException(SocketError error, CancellationToken cancellationToken)
   at System.Net.Sockets.Socket.AwaitableSocketAsyncEventArgs.System.Threading.Tasks.Sources.IValueTaskSource.GetResult(Int16 token)
   at System.Net.Sockets.Socket.<ConnectAsync>g__WaitForConnectWithCancellation|285_0(AwaitableSocketAsyncEventArgs saea, ValueTask connectTask, CancellationToken cancellationToken)
   at System.Net.Http.HttpConnectionPool.ConnectToTcpHostAsync(String host, Int32 port, HttpRequestMessage initialRequest, Boolean async, CancellationToken cancellationToken)
   --- End of inner exception stack trace ---
   at System.Net.Http.HttpConnectionPool.ConnectToTcpHostAsync(String host, Int32 port, HttpRequestMessage initialRequest, Boolean async, CancellationToken cancellationToken)
   at System.Net.Http.HttpConnectionPool.ConnectAsync(HttpRequestMessage request, Boolean async, CancellationToken cancellationToken)
   at System.Net.Http.HttpConnectionPool.CreateHttp11ConnectionAsync(HttpRequestMessage request, Boolean async, CancellationToken cancellationToken)
   at System.Net.Http.HttpConnectionPool.AddHttp11ConnectionAsync(QueueItem queueItem)
   at System.Threading.Tasks.TaskCompletionSourceWithCancellation`1.WaitWithCancellationAsync(CancellationToken cancellationToken)
   at System.Net.Http.HttpConnectionPool.SendWithVersionDetectionAndRetryAsync(HttpRequestMessage request, Boolean async, Boolean doRequestAuth, CancellationToken cancellationToken)
   at System.Net.Http.RedirectHandler.SendAsync(HttpRequestMessage request, Boolean async, CancellationToken cancellationToken)
   at GitHub.Services.Common.VssHttpRetryMessageHandler.SendAsync(HttpRequestMessage request, CancellationToken cancellationToken)
[2025-12-15 00:12:40Z ERR  GitHubActionsService] GET request to https://broker.actions.githubusercontent.com/message?sessionId=f2d060ac-ef2b-461c-8dfd-3c63a76a15cb&status=Online&runnerVersion=2.329.0&os=Windows&architecture=X64&disableUpdate=false failed. System.Net.Http.HttpRequestException: Hôte inconnu. (tokenghub.actions.githubusercontent.com:443)
 ---> System.Net.Sockets.SocketException (11001): Hôte inconnu.
   at System.Net.Sockets.Socket.AwaitableSocketAsyncEventArgs.ThrowException(SocketError error, CancellationToken cancellationToken)
   at System.Net.Sockets.Socket.AwaitableSocketAsyncEventArgs.System.Threading.Tasks.Sources.IValueTaskSource.GetResult(Int16 token)
   at System.Net.Sockets.Socket.<ConnectAsync>g__WaitForConnectWithCancellation|285_0(AwaitableSocketAsyncEventArgs saea, ValueTask connectTask, CancellationToken cancellationToken)
   at System.Net.Http.HttpConnectionPool.ConnectToTcpHostAsync(String host, Int32 port, HttpRequestMessage initialRequest, Boolean async, CancellationToken cancellationToken)
   --- End of inner exception stack trace ---
   at GitHub.Services.Common.VssHttpRetryMessageHandler.SendAsync(HttpRequestMessage request, CancellationToken cancellationToken)
   at System.Net.Http.HttpClient.<SendAsync>g__Core|83_0(HttpRequestMessage request, HttpCompletionOption completionOption, CancellationTokenSource cts, Boolean disposeCts, CancellationTokenSource pendingRequestsCts, CancellationToken originalCancellationToken)
   at GitHub.Services.OAuth.VssOAuthTokenHttpClient.GetTokenAsync(VssOAuthGrant grant, VssOAuthClientCredential credential, VssOAuthTokenParameters tokenParameters, CancellationToken cancellationToken)
   at GitHub.Services.OAuth.VssOAuthTokenProvider.OnGetTokenAsync(IssuedToken failedToken, CancellationToken cancellationToken)
   at GitHub.Services.Common.IssuedTokenProvider.GetTokenOperation.GetTokenAsync(VssTraceActivity traceActivity)
   at GitHub.Services.Common.IssuedTokenProvider.GetTokenAsync(IssuedToken failedToken, CancellationToken cancellationToken)
   at GitHub.Services.Common.RawHttpMessageHandler.SendAsync(HttpRequestMessage request, CancellationToken cancellationToken)
   at GitHub.Services.Common.VssHttpRetryMessageHandler.SendAsync(HttpRequestMessage request, CancellationToken cancellationToken)
[2025-12-15 00:12:40Z ERR  BrokerServer] Catch exception during request
[2025-12-15 00:12:40Z ERR  BrokerServer] System.Net.Http.HttpRequestException: Hôte inconnu. (tokenghub.actions.githubusercontent.com:443)
 ---> System.Net.Sockets.SocketException (11001): Hôte inconnu.
   at System.Net.Sockets.Socket.AwaitableSocketAsyncEventArgs.ThrowException(SocketError error, CancellationToken cancellationToken)
   at System.Net.Sockets.Socket.AwaitableSocketAsyncEventArgs.System.Threading.Tasks.Sources.IValueTaskSource.GetResult(Int16 token)
   at System.Net.Sockets.Socket.<ConnectAsync>g__WaitForConnectWithCancellation|285_0(AwaitableSocketAsyncEventArgs saea, ValueTask connectTask, CancellationToken cancellationToken)
   at System.Net.Http.HttpConnectionPool.ConnectToTcpHostAsync(String host, Int32 port, HttpRequestMessage initialRequest, Boolean async, CancellationToken cancellationToken)
   --- End of inner exception stack trace ---
   at GitHub.Services.Common.VssHttpRetryMessageHandler.SendAsync(HttpRequestMessage request, CancellationToken cancellationToken)
   at System.Net.Http.HttpClient.<SendAsync>g__Core|83_0(HttpRequestMessage request, HttpCompletionOption completionOption, CancellationTokenSource cts, Boolean disposeCts, CancellationTokenSource pendingRequestsCts, CancellationToken originalCancellationToken)
   at Sdk.WebApi.WebApi.RawHttpClientBase.SendAsync(HttpRequestMessage message, HttpCompletionOption completionOption, Object userState, CancellationToken cancellationToken)
   at Sdk.WebApi.WebApi.RawHttpClientBase.SendAsync[T](HttpRequestMessage message, Boolean readErrorBody, Object userState, CancellationToken cancellationToken)
   at Sdk.WebApi.WebApi.RawHttpClientBase.SendAsync[T](HttpMethod method, IEnumerable`1 additionalHeaders, Uri requestUri, HttpContent content, IEnumerable`1 queryParameters, Boolean readErrorBody, Object userState, CancellationToken cancellationToken)
   at GitHub.Actions.RunService.WebApi.BrokerHttpClient.GetRunnerMessageAsync(Nullable`1 sessionId, String runnerVersion, Nullable`1 status, String os, String architecture, Nullable`1 disableUpdate, CancellationToken cancellationToken)
   at GitHub.Runner.Common.BrokerServer.<>c__DisplayClass7_0.<<GetRunnerMessageAsync>b__0>d.MoveNext()
--- End of stack trace from previous location ---
   at GitHub.Runner.Common.RunnerService.RetryRequest[T](Func`1 func, CancellationToken cancellationToken, Int32 maxAttempts, Func`2 shouldRetry)
[2025-12-15 00:12:40Z ERR  BrokerServer] #####################################################
[2025-12-15 00:12:40Z ERR  BrokerServer] System.Net.Sockets.SocketException (11001): Hôte inconnu.
   at System.Net.Sockets.Socket.AwaitableSocketAsyncEventArgs.ThrowException(SocketError error, CancellationToken cancellationToken)
   at System.Net.Sockets.Socket.AwaitableSocketAsyncEventArgs.System.Threading.Tasks.Sources.IValueTaskSource.GetResult(Int16 token)
   at System.Net.Sockets.Socket.<ConnectAsync>g__WaitForConnectWithCancellation|285_0(AwaitableSocketAsyncEventArgs saea, ValueTask connectTask, CancellationToken cancellationToken)
   at System.Net.Http.HttpConnectionPool.ConnectToTcpHostAsync(String host, Int32 port, HttpRequestMessage initialRequest, Boolean async, CancellationToken cancellationToken)
[2025-12-15 00:12:40Z WARN BrokerServer] Back off 7.483 seconds before next retry. 2 attempt left.
[2025-12-15 00:12:47Z INFO RSAEncryptedFileKeyManager] Loading RSA key parameters from file C:\Users\21265\user-management\actions-runner\.credentials_rsaparams
[2025-12-15 00:12:47Z ERR  GitHubActionsService] POST request to https://tokenghub.actions.githubusercontent.com/_apis/oauth2/token/2457a419-b3a4-4944-b597-5d61a980a51a failed. System.Net.Http.HttpRequestException: Hôte inconnu. (tokenghub.actions.githubusercontent.com:443)
 ---> System.Net.Sockets.SocketException (11001): Hôte inconnu.
   at System.Net.Sockets.Socket.AwaitableSocketAsyncEventArgs.ThrowException(SocketError error, CancellationToken cancellationToken)
   at System.Net.Sockets.Socket.AwaitableSocketAsyncEventArgs.System.Threading.Tasks.Sources.IValueTaskSource.GetResult(Int16 token)
   at System.Net.Sockets.Socket.<ConnectAsync>g__WaitForConnectWithCancellation|285_0(AwaitableSocketAsyncEventArgs saea, ValueTask connectTask, CancellationToken cancellationToken)
   at System.Net.Http.HttpConnectionPool.ConnectToTcpHostAsync(String host, Int32 port, HttpRequestMessage initialRequest, Boolean async, CancellationToken cancellationToken)
   --- End of inner exception stack trace ---
   at System.Net.Http.HttpConnectionPool.ConnectToTcpHostAsync(String host, Int32 port, HttpRequestMessage initialRequest, Boolean async, CancellationToken cancellationToken)
   at System.Net.Http.HttpConnectionPool.ConnectAsync(HttpRequestMessage request, Boolean async, CancellationToken cancellationToken)
   at System.Net.Http.HttpConnectionPool.CreateHttp11ConnectionAsync(HttpRequestMessage request, Boolean async, CancellationToken cancellationToken)
   at System.Net.Http.HttpConnectionPool.AddHttp11ConnectionAsync(QueueItem queueItem)
   at System.Threading.Tasks.TaskCompletionSourceWithCancellation`1.WaitWithCancellationAsync(CancellationToken cancellationToken)
   at System.Net.Http.HttpConnectionPool.SendWithVersionDetectionAndRetryAsync(HttpRequestMessage request, Boolean async, Boolean doRequestAuth, CancellationToken cancellationToken)
   at System.Net.Http.RedirectHandler.SendAsync(HttpRequestMessage request, Boolean async, CancellationToken cancellationToken)
   at GitHub.Services.Common.VssHttpRetryMessageHandler.SendAsync(HttpRequestMessage request, CancellationToken cancellationToken)
[2025-12-15 00:12:47Z ERR  GitHubActionsService] GET request to https://broker.actions.githubusercontent.com/message?sessionId=f2d060ac-ef2b-461c-8dfd-3c63a76a15cb&status=Online&runnerVersion=2.329.0&os=Windows&architecture=X64&disableUpdate=false failed. System.Net.Http.HttpRequestException: Hôte inconnu. (tokenghub.actions.githubusercontent.com:443)
 ---> System.Net.Sockets.SocketException (11001): Hôte inconnu.
   at System.Net.Sockets.Socket.AwaitableSocketAsyncEventArgs.ThrowException(SocketError error, CancellationToken cancellationToken)
   at System.Net.Sockets.Socket.AwaitableSocketAsyncEventArgs.System.Threading.Tasks.Sources.IValueTaskSource.GetResult(Int16 token)
   at System.Net.Sockets.Socket.<ConnectAsync>g__WaitForConnectWithCancellation|285_0(AwaitableSocketAsyncEventArgs saea, ValueTask connectTask, CancellationToken cancellationToken)
   at System.Net.Http.HttpConnectionPool.ConnectToTcpHostAsync(String host, Int32 port, HttpRequestMessage initialRequest, Boolean async, CancellationToken cancellationToken)
   --- End of inner exception stack trace ---
   at GitHub.Services.Common.VssHttpRetryMessageHandler.SendAsync(HttpRequestMessage request, CancellationToken cancellationToken)
   at System.Net.Http.HttpClient.<SendAsync>g__Core|83_0(HttpRequestMessage request, HttpCompletionOption completionOption, CancellationTokenSource cts, Boolean disposeCts, CancellationTokenSource pendingRequestsCts, CancellationToken originalCancellationToken)
   at GitHub.Services.OAuth.VssOAuthTokenHttpClient.GetTokenAsync(VssOAuthGrant grant, VssOAuthClientCredential credential, VssOAuthTokenParameters tokenParameters, CancellationToken cancellationToken)
   at GitHub.Services.OAuth.VssOAuthTokenProvider.OnGetTokenAsync(IssuedToken failedToken, CancellationToken cancellationToken)
   at GitHub.Services.Common.IssuedTokenProvider.GetTokenOperation.GetTokenAsync(VssTraceActivity traceActivity)
   at GitHub.Services.Common.IssuedTokenProvider.GetTokenAsync(IssuedToken failedToken, CancellationToken cancellationToken)
   at GitHub.Services.Common.RawHttpMessageHandler.SendAsync(HttpRequestMessage request, CancellationToken cancellationToken)
   at GitHub.Services.Common.VssHttpRetryMessageHandler.SendAsync(HttpRequestMessage request, CancellationToken cancellationToken)
[2025-12-15 00:12:47Z ERR  BrokerServer] Catch exception during request
[2025-12-15 00:12:47Z ERR  BrokerServer] System.Net.Http.HttpRequestException: Hôte inconnu. (tokenghub.actions.githubusercontent.com:443)
 ---> System.Net.Sockets.SocketException (11001): Hôte inconnu.
   at System.Net.Sockets.Socket.AwaitableSocketAsyncEventArgs.ThrowException(SocketError error, CancellationToken cancellationToken)
   at System.Net.Sockets.Socket.AwaitableSocketAsyncEventArgs.System.Threading.Tasks.Sources.IValueTaskSource.GetResult(Int16 token)
   at System.Net.Sockets.Socket.<ConnectAsync>g__WaitForConnectWithCancellation|285_0(AwaitableSocketAsyncEventArgs saea, ValueTask connectTask, CancellationToken cancellationToken)
   at System.Net.Http.HttpConnectionPool.ConnectToTcpHostAsync(String host, Int32 port, HttpRequestMessage initialRequest, Boolean async, CancellationToken cancellationToken)
   --- End of inner exception stack trace ---
   at GitHub.Services.Common.VssHttpRetryMessageHandler.SendAsync(HttpRequestMessage request, CancellationToken cancellationToken)
   at System.Net.Http.HttpClient.<SendAsync>g__Core|83_0(HttpRequestMessage request, HttpCompletionOption completionOption, CancellationTokenSource cts, Boolean disposeCts, CancellationTokenSource pendingRequestsCts, CancellationToken originalCancellationToken)
   at Sdk.WebApi.WebApi.RawHttpClientBase.SendAsync(HttpRequestMessage message, HttpCompletionOption completionOption, Object userState, CancellationToken cancellationToken)
   at Sdk.WebApi.WebApi.RawHttpClientBase.SendAsync[T](HttpRequestMessage message, Boolean readErrorBody, Object userState, CancellationToken cancellationToken)
   at Sdk.WebApi.WebApi.RawHttpClientBase.SendAsync[T](HttpMethod method, IEnumerable`1 additionalHeaders, Uri requestUri, HttpContent content, IEnumerable`1 queryParameters, Boolean readErrorBody, Object userState, CancellationToken cancellationToken)
   at GitHub.Actions.RunService.WebApi.BrokerHttpClient.GetRunnerMessageAsync(Nullable`1 sessionId, String runnerVersion, Nullable`1 status, String os, String architecture, Nullable`1 disableUpdate, CancellationToken cancellationToken)
   at GitHub.Runner.Common.BrokerServer.<>c__DisplayClass7_0.<<GetRunnerMessageAsync>b__0>d.MoveNext()
--- End of stack trace from previous location ---
   at GitHub.Runner.Common.RunnerService.RetryRequest[T](Func`1 func, CancellationToken cancellationToken, Int32 maxAttempts, Func`2 shouldRetry)
[2025-12-15 00:12:47Z ERR  BrokerServer] #####################################################
[2025-12-15 00:12:47Z ERR  BrokerServer] System.Net.Sockets.SocketException (11001): Hôte inconnu.
   at System.Net.Sockets.Socket.AwaitableSocketAsyncEventArgs.ThrowException(SocketError error, CancellationToken cancellationToken)
   at System.Net.Sockets.Socket.AwaitableSocketAsyncEventArgs.System.Threading.Tasks.Sources.IValueTaskSource.GetResult(Int16 token)
   at System.Net.Sockets.Socket.<ConnectAsync>g__WaitForConnectWithCancellation|285_0(AwaitableSocketAsyncEventArgs saea, ValueTask connectTask, CancellationToken cancellationToken)
   at System.Net.Http.HttpConnectionPool.ConnectToTcpHostAsync(String host, Int32 port, HttpRequestMessage initialRequest, Boolean async, CancellationToken cancellationToken)
[2025-12-15 00:12:47Z WARN BrokerServer] Back off 8.722 seconds before next retry. 1 attempt left.
[2025-12-15 00:12:56Z INFO RSAEncryptedFileKeyManager] Loading RSA key parameters from file C:\Users\21265\user-management\actions-runner\.credentials_rsaparams
[2025-12-15 00:12:56Z ERR  GitHubActionsService] POST request to https://tokenghub.actions.githubusercontent.com/_apis/oauth2/token/2457a419-b3a4-4944-b597-5d61a980a51a failed. System.Net.Http.HttpRequestException: Hôte inconnu. (tokenghub.actions.githubusercontent.com:443)
 ---> System.Net.Sockets.SocketException (11001): Hôte inconnu.
   at System.Net.Sockets.Socket.AwaitableSocketAsyncEventArgs.ThrowException(SocketError error, CancellationToken cancellationToken)
   at System.Net.Sockets.Socket.AwaitableSocketAsyncEventArgs.System.Threading.Tasks.Sources.IValueTaskSource.GetResult(Int16 token)
   at System.Net.Sockets.Socket.<ConnectAsync>g__WaitForConnectWithCancellation|285_0(AwaitableSocketAsyncEventArgs saea, ValueTask connectTask, CancellationToken cancellationToken)
   at System.Net.Http.HttpConnectionPool.ConnectToTcpHostAsync(String host, Int32 port, HttpRequestMessage initialRequest, Boolean async, CancellationToken cancellationToken)
   --- End of inner exception stack trace ---
   at System.Net.Http.HttpConnectionPool.ConnectToTcpHostAsync(String host, Int32 port, HttpRequestMessage initialRequest, Boolean async, CancellationToken cancellationToken)
   at System.Net.Http.HttpConnectionPool.ConnectAsync(HttpRequestMessage request, Boolean async, CancellationToken cancellationToken)
   at System.Net.Http.HttpConnectionPool.CreateHttp11ConnectionAsync(HttpRequestMessage request, Boolean async, CancellationToken cancellationToken)
   at System.Net.Http.HttpConnectionPool.AddHttp11ConnectionAsync(QueueItem queueItem)
   at System.Threading.Tasks.TaskCompletionSourceWithCancellation`1.WaitWithCancellationAsync(CancellationToken cancellationToken)
   at System.Net.Http.HttpConnectionPool.SendWithVersionDetectionAndRetryAsync(HttpRequestMessage request, Boolean async, Boolean doRequestAuth, CancellationToken cancellationToken)
   at System.Net.Http.RedirectHandler.SendAsync(HttpRequestMessage request, Boolean async, CancellationToken cancellationToken)
   at GitHub.Services.Common.VssHttpRetryMessageHandler.SendAsync(HttpRequestMessage request, CancellationToken cancellationToken)
[2025-12-15 00:12:56Z ERR  GitHubActionsService] GET request to https://broker.actions.githubusercontent.com/message?sessionId=f2d060ac-ef2b-461c-8dfd-3c63a76a15cb&status=Online&runnerVersion=2.329.0&os=Windows&architecture=X64&disableUpdate=false failed. System.Net.Http.HttpRequestException: Hôte inconnu. (tokenghub.actions.githubusercontent.com:443)
 ---> System.Net.Sockets.SocketException (11001): Hôte inconnu.
   at System.Net.Sockets.Socket.AwaitableSocketAsyncEventArgs.ThrowException(SocketError error, CancellationToken cancellationToken)
   at System.Net.Sockets.Socket.AwaitableSocketAsyncEventArgs.System.Threading.Tasks.Sources.IValueTaskSource.GetResult(Int16 token)
   at System.Net.Sockets.Socket.<ConnectAsync>g__WaitForConnectWithCancellation|285_0(AwaitableSocketAsyncEventArgs saea, ValueTask connectTask, CancellationToken cancellationToken)
   at System.Net.Http.HttpConnectionPool.ConnectToTcpHostAsync(String host, Int32 port, HttpRequestMessage initialRequest, Boolean async, CancellationToken cancellationToken)
   --- End of inner exception stack trace ---
   at GitHub.Services.Common.VssHttpRetryMessageHandler.SendAsync(HttpRequestMessage request, CancellationToken cancellationToken)
   at System.Net.Http.HttpClient.<SendAsync>g__Core|83_0(HttpRequestMessage request, HttpCompletionOption completionOption, CancellationTokenSource cts, Boolean disposeCts, CancellationTokenSource pendingRequestsCts, CancellationToken originalCancellationToken)
   at GitHub.Services.OAuth.VssOAuthTokenHttpClient.GetTokenAsync(VssOAuthGrant grant, VssOAuthClientCredential credential, VssOAuthTokenParameters tokenParameters, CancellationToken cancellationToken)
   at GitHub.Services.OAuth.VssOAuthTokenProvider.OnGetTokenAsync(IssuedToken failedToken, CancellationToken cancellationToken)
   at GitHub.Services.Common.IssuedTokenProvider.GetTokenOperation.GetTokenAsync(VssTraceActivity traceActivity)
   at GitHub.Services.Common.IssuedTokenProvider.GetTokenAsync(IssuedToken failedToken, CancellationToken cancellationToken)
   at GitHub.Services.Common.RawHttpMessageHandler.SendAsync(HttpRequestMessage request, CancellationToken cancellationToken)
   at GitHub.Services.Common.VssHttpRetryMessageHandler.SendAsync(HttpRequestMessage request, CancellationToken cancellationToken)
[2025-12-15 00:12:56Z ERR  BrokerMessageListener] Catch exception during get next message.
[2025-12-15 00:12:56Z ERR  BrokerMessageListener] System.Net.Http.HttpRequestException: Hôte inconnu. (tokenghub.actions.githubusercontent.com:443)
 ---> System.Net.Sockets.SocketException (11001): Hôte inconnu.
   at System.Net.Sockets.Socket.AwaitableSocketAsyncEventArgs.ThrowException(SocketError error, CancellationToken cancellationToken)
   at System.Net.Sockets.Socket.AwaitableSocketAsyncEventArgs.System.Threading.Tasks.Sources.IValueTaskSource.GetResult(Int16 token)
   at System.Net.Sockets.Socket.<ConnectAsync>g__WaitForConnectWithCancellation|285_0(AwaitableSocketAsyncEventArgs saea, ValueTask connectTask, CancellationToken cancellationToken)
   at System.Net.Http.HttpConnectionPool.ConnectToTcpHostAsync(String host, Int32 port, HttpRequestMessage initialRequest, Boolean async, CancellationToken cancellationToken)
   --- End of inner exception stack trace ---
   at GitHub.Services.Common.VssHttpRetryMessageHandler.SendAsync(HttpRequestMessage request, CancellationToken cancellationToken)
   at System.Net.Http.HttpClient.<SendAsync>g__Core|83_0(HttpRequestMessage request, HttpCompletionOption completionOption, CancellationTokenSource cts, Boolean disposeCts, CancellationTokenSource pendingRequestsCts, CancellationToken originalCancellationToken)
   at Sdk.WebApi.WebApi.RawHttpClientBase.SendAsync(HttpRequestMessage message, HttpCompletionOption completionOption, Object userState, CancellationToken cancellationToken)
   at Sdk.WebApi.WebApi.RawHttpClientBase.SendAsync[T](HttpRequestMessage message, Boolean readErrorBody, Object userState, CancellationToken cancellationToken)
   at Sdk.WebApi.WebApi.RawHttpClientBase.SendAsync[T](HttpMethod method, IEnumerable`1 additionalHeaders, Uri requestUri, HttpContent content, IEnumerable`1 queryParameters, Boolean readErrorBody, Object userState, CancellationToken cancellationToken)
   at GitHub.Actions.RunService.WebApi.BrokerHttpClient.GetRunnerMessageAsync(Nullable`1 sessionId, String runnerVersion, Nullable`1 status, String os, String architecture, Nullable`1 disableUpdate, CancellationToken cancellationToken)
   at GitHub.Runner.Common.BrokerServer.<>c__DisplayClass7_0.<<GetRunnerMessageAsync>b__0>d.MoveNext()
--- End of stack trace from previous location ---
   at GitHub.Runner.Common.RunnerService.RetryRequest[T](Func`1 func, CancellationToken cancellationToken, Int32 maxAttempts, Func`2 shouldRetry)
   at GitHub.Runner.Listener.BrokerMessageListener.GetNextMessageAsync(CancellationToken token)
[2025-12-15 00:12:56Z ERR  BrokerMessageListener] #####################################################
[2025-12-15 00:12:56Z ERR  BrokerMessageListener] System.Net.Sockets.SocketException (11001): Hôte inconnu.
   at System.Net.Sockets.Socket.AwaitableSocketAsyncEventArgs.ThrowException(SocketError error, CancellationToken cancellationToken)
   at System.Net.Sockets.Socket.AwaitableSocketAsyncEventArgs.System.Threading.Tasks.Sources.IValueTaskSource.GetResult(Int16 token)
   at System.Net.Sockets.Socket.<ConnectAsync>g__WaitForConnectWithCancellation|285_0(AwaitableSocketAsyncEventArgs saea, ValueTask connectTask, CancellationToken cancellationToken)
   at System.Net.Http.HttpConnectionPool.ConnectToTcpHostAsync(String host, Int32 port, HttpRequestMessage initialRequest, Boolean async, CancellationToken cancellationToken)
[2025-12-15 00:12:56Z INFO BrokerMessageListener] Retriable exception: Hôte inconnu. (tokenghub.actions.githubusercontent.com:443)
[2025-12-15 00:12:56Z INFO BrokerMessageListener] Reload credentials.
[2025-12-15 00:12:56Z INFO ConfigurationStore] HasCredentials()
[2025-12-15 00:12:56Z INFO ConfigurationStore] stored True
[2025-12-15 00:12:56Z INFO CredentialManager] GetCredentialProvider
[2025-12-15 00:12:56Z INFO CredentialManager] Creating type OAuth
[2025-12-15 00:12:56Z INFO CredentialManager] Creating credential type: OAuth
[2025-12-15 00:12:56Z INFO RSAEncryptedFileKeyManager] Loading RSA key parameters from file C:\Users\21265\user-management\actions-runner\.credentials_rsaparams
[2025-12-15 00:12:56Z INFO BrokerMessageListener] Connection to Broker Server recreated.
[2025-12-15 00:12:56Z INFO BrokerMessageListener] Sleeping for 46.695 seconds before retrying.
[2025-12-15 00:13:43Z INFO RSAEncryptedFileKeyManager] Loading RSA key parameters from file C:\Users\21265\user-management\actions-runner\.credentials_rsaparams
[2025-12-15 00:13:43Z INFO RSAEncryptedFileKeyManager] Loading RSA key parameters from file C:\Users\21265\user-management\actions-runner\.credentials_rsaparams
[2025-12-15 00:13:43Z ERR  GitHubActionsService] POST request to https://tokenghub.actions.githubusercontent.com/_apis/oauth2/token/2457a419-b3a4-4944-b597-5d61a980a51a failed. System.Net.Http.HttpRequestException: Hôte inconnu. (tokenghub.actions.githubusercontent.com:443)
 ---> System.Net.Sockets.SocketException (11001): Hôte inconnu.
   at System.Net.Sockets.Socket.AwaitableSocketAsyncEventArgs.ThrowException(SocketError error, CancellationToken cancellationToken)
   at System.Net.Sockets.Socket.AwaitableSocketAsyncEventArgs.System.Threading.Tasks.Sources.IValueTaskSource.GetResult(Int16 token)
   at System.Net.Sockets.Socket.<ConnectAsync>g__WaitForConnectWithCancellation|285_0(AwaitableSocketAsyncEventArgs saea, ValueTask connectTask, CancellationToken cancellationToken)
   at System.Net.Http.HttpConnectionPool.ConnectToTcpHostAsync(String host, Int32 port, HttpRequestMessage initialRequest, Boolean async, CancellationToken cancellationToken)
   --- End of inner exception stack trace ---
   at System.Net.Http.HttpConnectionPool.ConnectToTcpHostAsync(String host, Int32 port, HttpRequestMessage initialRequest, Boolean async, CancellationToken cancellationToken)
   at System.Net.Http.HttpConnectionPool.ConnectAsync(HttpRequestMessage request, Boolean async, CancellationToken cancellationToken)
   at System.Net.Http.HttpConnectionPool.CreateHttp11ConnectionAsync(HttpRequestMessage request, Boolean async, CancellationToken cancellationToken)
   at System.Net.Http.HttpConnectionPool.AddHttp11ConnectionAsync(QueueItem queueItem)
   at System.Threading.Tasks.TaskCompletionSourceWithCancellation`1.WaitWithCancellationAsync(CancellationToken cancellationToken)
   at System.Net.Http.HttpConnectionPool.SendWithVersionDetectionAndRetryAsync(HttpRequestMessage request, Boolean async, Boolean doRequestAuth, CancellationToken cancellationToken)
   at System.Net.Http.RedirectHandler.SendAsync(HttpRequestMessage request, Boolean async, CancellationToken cancellationToken)
   at GitHub.Services.Common.VssHttpRetryMessageHandler.SendAsync(HttpRequestMessage request, CancellationToken cancellationToken)
[2025-12-15 00:13:43Z ERR  GitHubActionsService] GET request to https://broker.actions.githubusercontent.com/message?sessionId=f2d060ac-ef2b-461c-8dfd-3c63a76a15cb&status=Online&runnerVersion=2.329.0&os=Windows&architecture=X64&disableUpdate=false failed. System.Net.Http.HttpRequestException: Hôte inconnu. (tokenghub.actions.githubusercontent.com:443)
 ---> System.Net.Sockets.SocketException (11001): Hôte inconnu.
   at System.Net.Sockets.Socket.AwaitableSocketAsyncEventArgs.ThrowException(SocketError error, CancellationToken cancellationToken)
   at System.Net.Sockets.Socket.AwaitableSocketAsyncEventArgs.System.Threading.Tasks.Sources.IValueTaskSource.GetResult(Int16 token)
   at System.Net.Sockets.Socket.<ConnectAsync>g__WaitForConnectWithCancellation|285_0(AwaitableSocketAsyncEventArgs saea, ValueTask connectTask, CancellationToken cancellationToken)
   at System.Net.Http.HttpConnectionPool.ConnectToTcpHostAsync(String host, Int32 port, HttpRequestMessage initialRequest, Boolean async, CancellationToken cancellationToken)
   --- End of inner exception stack trace ---
   at GitHub.Services.Common.VssHttpRetryMessageHandler.SendAsync(HttpRequestMessage request, CancellationToken cancellationToken)
   at System.Net.Http.HttpClient.<SendAsync>g__Core|83_0(HttpRequestMessage request, HttpCompletionOption completionOption, CancellationTokenSource cts, Boolean disposeCts, CancellationTokenSource pendingRequestsCts, CancellationToken originalCancellationToken)
   at GitHub.Services.OAuth.VssOAuthTokenHttpClient.GetTokenAsync(VssOAuthGrant grant, VssOAuthClientCredential credential, VssOAuthTokenParameters tokenParameters, CancellationToken cancellationToken)
   at GitHub.Services.OAuth.VssOAuthTokenProvider.OnGetTokenAsync(IssuedToken failedToken, CancellationToken cancellationToken)
   at GitHub.Services.Common.IssuedTokenProvider.GetTokenOperation.GetTokenAsync(VssTraceActivity traceActivity)
   at GitHub.Services.Common.IssuedTokenProvider.GetTokenAsync(IssuedToken failedToken, CancellationToken cancellationToken)
   at GitHub.Services.Common.RawHttpMessageHandler.SendAsync(HttpRequestMessage request, CancellationToken cancellationToken)
   at GitHub.Services.Common.VssHttpRetryMessageHandler.SendAsync(HttpRequestMessage request, CancellationToken cancellationToken)
[2025-12-15 00:13:43Z ERR  BrokerServer] Catch exception during request
[2025-12-15 00:13:43Z ERR  BrokerServer] System.Net.Http.HttpRequestException: Hôte inconnu. (tokenghub.actions.githubusercontent.com:443)
 ---> System.Net.Sockets.SocketException (11001): Hôte inconnu.
   at System.Net.Sockets.Socket.AwaitableSocketAsyncEventArgs.ThrowException(SocketError error, CancellationToken cancellationToken)
   at System.Net.Sockets.Socket.AwaitableSocketAsyncEventArgs.System.Threading.Tasks.Sources.IValueTaskSource.GetResult(Int16 token)
   at System.Net.Sockets.Socket.<ConnectAsync>g__WaitForConnectWithCancellation|285_0(AwaitableSocketAsyncEventArgs saea, ValueTask connectTask, CancellationToken cancellationToken)
   at System.Net.Http.HttpConnectionPool.ConnectToTcpHostAsync(String host, Int32 port, HttpRequestMessage initialRequest, Boolean async, CancellationToken cancellationToken)
   --- End of inner exception stack trace ---
   at GitHub.Services.Common.VssHttpRetryMessageHandler.SendAsync(HttpRequestMessage request, CancellationToken cancellationToken)
   at System.Net.Http.HttpClient.<SendAsync>g__Core|83_0(HttpRequestMessage request, HttpCompletionOption completionOption, CancellationTokenSource cts, Boolean disposeCts, CancellationTokenSource pendingRequestsCts, CancellationToken originalCancellationToken)
   at Sdk.WebApi.WebApi.RawHttpClientBase.SendAsync(HttpRequestMessage message, HttpCompletionOption completionOption, Object userState, CancellationToken cancellationToken)
   at Sdk.WebApi.WebApi.RawHttpClientBase.SendAsync[T](HttpRequestMessage message, Boolean readErrorBody, Object userState, CancellationToken cancellationToken)
   at Sdk.WebApi.WebApi.RawHttpClientBase.SendAsync[T](HttpMethod method, IEnumerable`1 additionalHeaders, Uri requestUri, HttpContent content, IEnumerable`1 queryParameters, Boolean readErrorBody, Object userState, CancellationToken cancellationToken)
   at GitHub.Actions.RunService.WebApi.BrokerHttpClient.GetRunnerMessageAsync(Nullable`1 sessionId, String runnerVersion, Nullable`1 status, String os, String architecture, Nullable`1 disableUpdate, CancellationToken cancellationToken)
   at GitHub.Runner.Common.BrokerServer.<>c__DisplayClass7_0.<<GetRunnerMessageAsync>b__0>d.MoveNext()
--- End of stack trace from previous location ---
   at GitHub.Runner.Common.RunnerService.RetryRequest[T](Func`1 func, CancellationToken cancellationToken, Int32 maxAttempts, Func`2 shouldRetry)
[2025-12-15 00:13:43Z ERR  BrokerServer] #####################################################
[2025-12-15 00:13:43Z ERR  BrokerServer] System.Net.Sockets.SocketException (11001): Hôte inconnu.
   at System.Net.Sockets.Socket.AwaitableSocketAsyncEventArgs.ThrowException(SocketError error, CancellationToken cancellationToken)
   at System.Net.Sockets.Socket.AwaitableSocketAsyncEventArgs.System.Threading.Tasks.Sources.IValueTaskSource.GetResult(Int16 token)
   at System.Net.Sockets.Socket.<ConnectAsync>g__WaitForConnectWithCancellation|285_0(AwaitableSocketAsyncEventArgs saea, ValueTask connectTask, CancellationToken cancellationToken)
   at System.Net.Http.HttpConnectionPool.ConnectToTcpHostAsync(String host, Int32 port, HttpRequestMessage initialRequest, Boolean async, CancellationToken cancellationToken)
[2025-12-15 00:13:43Z WARN BrokerServer] Back off 11.378 seconds before next retry. 4 attempt left.
[2025-12-15 00:13:54Z INFO RSAEncryptedFileKeyManager] Loading RSA key parameters from file C:\Users\21265\user-management\actions-runner\.credentials_rsaparams
[2025-12-15 00:13:54Z ERR  GitHubActionsService] POST request to https://tokenghub.actions.githubusercontent.com/_apis/oauth2/token/2457a419-b3a4-4944-b597-5d61a980a51a failed. System.Net.Http.HttpRequestException: Hôte inconnu. (tokenghub.actions.githubusercontent.com:443)
 ---> System.Net.Sockets.SocketException (11001): Hôte inconnu.
   at System.Net.Sockets.Socket.AwaitableSocketAsyncEventArgs.ThrowException(SocketError error, CancellationToken cancellationToken)
   at System.Net.Sockets.Socket.AwaitableSocketAsyncEventArgs.System.Threading.Tasks.Sources.IValueTaskSource.GetResult(Int16 token)
   at System.Net.Sockets.Socket.<ConnectAsync>g__WaitForConnectWithCancellation|285_0(AwaitableSocketAsyncEventArgs saea, ValueTask connectTask, CancellationToken cancellationToken)
   at System.Net.Http.HttpConnectionPool.ConnectToTcpHostAsync(String host, Int32 port, HttpRequestMessage initialRequest, Boolean async, CancellationToken cancellationToken)
   --- End of inner exception stack trace ---
   at System.Net.Http.HttpConnectionPool.ConnectToTcpHostAsync(String host, Int32 port, HttpRequestMessage initialRequest, Boolean async, CancellationToken cancellationToken)
   at System.Net.Http.HttpConnectionPool.ConnectAsync(HttpRequestMessage request, Boolean async, CancellationToken cancellationToken)
   at System.Net.Http.HttpConnectionPool.CreateHttp11ConnectionAsync(HttpRequestMessage request, Boolean async, CancellationToken cancellationToken)
   at System.Net.Http.HttpConnectionPool.AddHttp11ConnectionAsync(QueueItem queueItem)
   at System.Threading.Tasks.TaskCompletionSourceWithCancellation`1.WaitWithCancellationAsync(CancellationToken cancellationToken)
   at System.Net.Http.HttpConnectionPool.SendWithVersionDetectionAndRetryAsync(HttpRequestMessage request, Boolean async, Boolean doRequestAuth, CancellationToken cancellationToken)
   at System.Net.Http.RedirectHandler.SendAsync(HttpRequestMessage request, Boolean async, CancellationToken cancellationToken)
   at GitHub.Services.Common.VssHttpRetryMessageHandler.SendAsync(HttpRequestMessage request, CancellationToken cancellationToken)
[2025-12-15 00:13:54Z ERR  GitHubActionsService] GET request to https://broker.actions.githubusercontent.com/message?sessionId=f2d060ac-ef2b-461c-8dfd-3c63a76a15cb&status=Online&runnerVersion=2.329.0&os=Windows&architecture=X64&disableUpdate=false failed. System.Net.Http.HttpRequestException: Hôte inconnu. (tokenghub.actions.githubusercontent.com:443)
 ---> System.Net.Sockets.SocketException (11001): Hôte inconnu.
   at System.Net.Sockets.Socket.AwaitableSocketAsyncEventArgs.ThrowException(SocketError error, CancellationToken cancellationToken)
   at System.Net.Sockets.Socket.AwaitableSocketAsyncEventArgs.System.Threading.Tasks.Sources.IValueTaskSource.GetResult(Int16 token)
   at System.Net.Sockets.Socket.<ConnectAsync>g__WaitForConnectWithCancellation|285_0(AwaitableSocketAsyncEventArgs saea, ValueTask connectTask, CancellationToken cancellationToken)
   at System.Net.Http.HttpConnectionPool.ConnectToTcpHostAsync(String host, Int32 port, HttpRequestMessage initialRequest, Boolean async, CancellationToken cancellationToken)
   --- End of inner exception stack trace ---
   at GitHub.Services.Common.VssHttpRetryMessageHandler.SendAsync(HttpRequestMessage request, CancellationToken cancellationToken)
   at System.Net.Http.HttpClient.<SendAsync>g__Core|83_0(HttpRequestMessage request, HttpCompletionOption completionOption, CancellationTokenSource cts, Boolean disposeCts, CancellationTokenSource pendingRequestsCts, CancellationToken originalCancellationToken)
   at GitHub.Services.OAuth.VssOAuthTokenHttpClient.GetTokenAsync(VssOAuthGrant grant, VssOAuthClientCredential credential, VssOAuthTokenParameters tokenParameters, CancellationToken cancellationToken)
   at GitHub.Services.OAuth.VssOAuthTokenProvider.OnGetTokenAsync(IssuedToken failedToken, CancellationToken cancellationToken)
   at GitHub.Services.Common.IssuedTokenProvider.GetTokenOperation.GetTokenAsync(VssTraceActivity traceActivity)
   at GitHub.Services.Common.IssuedTokenProvider.GetTokenAsync(IssuedToken failedToken, CancellationToken cancellationToken)
   at GitHub.Services.Common.RawHttpMessageHandler.SendAsync(HttpRequestMessage request, CancellationToken cancellationToken)
   at GitHub.Services.Common.VssHttpRetryMessageHandler.SendAsync(HttpRequestMessage request, CancellationToken cancellationToken)
[2025-12-15 00:13:54Z ERR  BrokerServer] Catch exception during request
[2025-12-15 00:13:54Z ERR  BrokerServer] System.Net.Http.HttpRequestException: Hôte inconnu. (tokenghub.actions.githubusercontent.com:443)
 ---> System.Net.Sockets.SocketException (11001): Hôte inconnu.
   at System.Net.Sockets.Socket.AwaitableSocketAsyncEventArgs.ThrowException(SocketError error, CancellationToken cancellationToken)
   at System.Net.Sockets.Socket.AwaitableSocketAsyncEventArgs.System.Threading.Tasks.Sources.IValueTaskSource.GetResult(Int16 token)
   at System.Net.Sockets.Socket.<ConnectAsync>g__WaitForConnectWithCancellation|285_0(AwaitableSocketAsyncEventArgs saea, ValueTask connectTask, CancellationToken cancellationToken)
   at System.Net.Http.HttpConnectionPool.ConnectToTcpHostAsync(String host, Int32 port, HttpRequestMessage initialRequest, Boolean async, CancellationToken cancellationToken)
   --- End of inner exception stack trace ---
   at GitHub.Services.Common.VssHttpRetryMessageHandler.SendAsync(HttpRequestMessage request, CancellationToken cancellationToken)
   at System.Net.Http.HttpClient.<SendAsync>g__Core|83_0(HttpRequestMessage request, HttpCompletionOption completionOption, CancellationTokenSource cts, Boolean disposeCts, CancellationTokenSource pendingRequestsCts, CancellationToken originalCancellationToken)
   at Sdk.WebApi.WebApi.RawHttpClientBase.SendAsync(HttpRequestMessage message, HttpCompletionOption completionOption, Object userState, CancellationToken cancellationToken)
   at Sdk.WebApi.WebApi.RawHttpClientBase.SendAsync[T](HttpRequestMessage message, Boolean readErrorBody, Object userState, CancellationToken cancellationToken)
   at Sdk.WebApi.WebApi.RawHttpClientBase.SendAsync[T](HttpMethod method, IEnumerable`1 additionalHeaders, Uri requestUri, HttpContent content, IEnumerable`1 queryParameters, Boolean readErrorBody, Object userState, CancellationToken cancellationToken)
   at GitHub.Actions.RunService.WebApi.BrokerHttpClient.GetRunnerMessageAsync(Nullable`1 sessionId, String runnerVersion, Nullable`1 status, String os, String architecture, Nullable`1 disableUpdate, CancellationToken cancellationToken)
   at GitHub.Runner.Common.BrokerServer.<>c__DisplayClass7_0.<<GetRunnerMessageAsync>b__0>d.MoveNext()
--- End of stack trace from previous location ---
   at GitHub.Runner.Common.RunnerService.RetryRequest[T](Func`1 func, CancellationToken cancellationToken, Int32 maxAttempts, Func`2 shouldRetry)
[2025-12-15 00:13:54Z ERR  BrokerServer] #####################################################
[2025-12-15 00:13:54Z ERR  BrokerServer] System.Net.Sockets.SocketException (11001): Hôte inconnu.
   at System.Net.Sockets.Socket.AwaitableSocketAsyncEventArgs.ThrowException(SocketError error, CancellationToken cancellationToken)
   at System.Net.Sockets.Socket.AwaitableSocketAsyncEventArgs.System.Threading.Tasks.Sources.IValueTaskSource.GetResult(Int16 token)
   at System.Net.Sockets.Socket.<ConnectAsync>g__WaitForConnectWithCancellation|285_0(AwaitableSocketAsyncEventArgs saea, ValueTask connectTask, CancellationToken cancellationToken)
   at System.Net.Http.HttpConnectionPool.ConnectToTcpHostAsync(String host, Int32 port, HttpRequestMessage initialRequest, Boolean async, CancellationToken cancellationToken)
[2025-12-15 00:13:54Z WARN BrokerServer] Back off 9.506 seconds before next retry. 3 attempt left.
[2025-12-15 00:14:04Z INFO RSAEncryptedFileKeyManager] Loading RSA key parameters from file C:\Users\21265\user-management\actions-runner\.credentials_rsaparams
[2025-12-15 00:14:04Z ERR  GitHubActionsService] POST request to https://tokenghub.actions.githubusercontent.com/_apis/oauth2/token/2457a419-b3a4-4944-b597-5d61a980a51a failed. System.Net.Http.HttpRequestException: Hôte inconnu. (tokenghub.actions.githubusercontent.com:443)
 ---> System.Net.Sockets.SocketException (11001): Hôte inconnu.
   at System.Net.Sockets.Socket.AwaitableSocketAsyncEventArgs.ThrowException(SocketError error, CancellationToken cancellationToken)
   at System.Net.Sockets.Socket.AwaitableSocketAsyncEventArgs.System.Threading.Tasks.Sources.IValueTaskSource.GetResult(Int16 token)
   at System.Net.Sockets.Socket.<ConnectAsync>g__WaitForConnectWithCancellation|285_0(AwaitableSocketAsyncEventArgs saea, ValueTask connectTask, CancellationToken cancellationToken)
   at System.Net.Http.HttpConnectionPool.ConnectToTcpHostAsync(String host, Int32 port, HttpRequestMessage initialRequest, Boolean async, CancellationToken cancellationToken)
   --- End of inner exception stack trace ---
   at System.Net.Http.HttpConnectionPool.ConnectToTcpHostAsync(String host, Int32 port, HttpRequestMessage initialRequest, Boolean async, CancellationToken cancellationToken)
   at System.Net.Http.HttpConnectionPool.ConnectAsync(HttpRequestMessage request, Boolean async, CancellationToken cancellationToken)
   at System.Net.Http.HttpConnectionPool.CreateHttp11ConnectionAsync(HttpRequestMessage request, Boolean async, CancellationToken cancellationToken)
   at System.Net.Http.HttpConnectionPool.AddHttp11ConnectionAsync(QueueItem queueItem)
   at System.Threading.Tasks.TaskCompletionSourceWithCancellation`1.WaitWithCancellationAsync(CancellationToken cancellationToken)
   at System.Net.Http.HttpConnectionPool.SendWithVersionDetectionAndRetryAsync(HttpRequestMessage request, Boolean async, Boolean doRequestAuth, CancellationToken cancellationToken)
   at System.Net.Http.RedirectHandler.SendAsync(HttpRequestMessage request, Boolean async, CancellationToken cancellationToken)
   at GitHub.Services.Common.VssHttpRetryMessageHandler.SendAsync(HttpRequestMessage request, CancellationToken cancellationToken)
[2025-12-15 00:14:04Z ERR  GitHubActionsService] GET request to https://broker.actions.githubusercontent.com/message?sessionId=f2d060ac-ef2b-461c-8dfd-3c63a76a15cb&status=Online&runnerVersion=2.329.0&os=Windows&architecture=X64&disableUpdate=false failed. System.Net.Http.HttpRequestException: Hôte inconnu. (tokenghub.actions.githubusercontent.com:443)
 ---> System.Net.Sockets.SocketException (11001): Hôte inconnu.
   at System.Net.Sockets.Socket.AwaitableSocketAsyncEventArgs.ThrowException(SocketError error, CancellationToken cancellationToken)
   at System.Net.Sockets.Socket.AwaitableSocketAsyncEventArgs.System.Threading.Tasks.Sources.IValueTaskSource.GetResult(Int16 token)
   at System.Net.Sockets.Socket.<ConnectAsync>g__WaitForConnectWithCancellation|285_0(AwaitableSocketAsyncEventArgs saea, ValueTask connectTask, CancellationToken cancellationToken)
   at System.Net.Http.HttpConnectionPool.ConnectToTcpHostAsync(String host, Int32 port, HttpRequestMessage initialRequest, Boolean async, CancellationToken cancellationToken)
   --- End of inner exception stack trace ---
   at GitHub.Services.Common.VssHttpRetryMessageHandler.SendAsync(HttpRequestMessage request, CancellationToken cancellationToken)
   at System.Net.Http.HttpClient.<SendAsync>g__Core|83_0(HttpRequestMessage request, HttpCompletionOption completionOption, CancellationTokenSource cts, Boolean disposeCts, CancellationTokenSource pendingRequestsCts, CancellationToken originalCancellationToken)
   at GitHub.Services.OAuth.VssOAuthTokenHttpClient.GetTokenAsync(VssOAuthGrant grant, VssOAuthClientCredential credential, VssOAuthTokenParameters tokenParameters, CancellationToken cancellationToken)
   at GitHub.Services.OAuth.VssOAuthTokenProvider.OnGetTokenAsync(IssuedToken failedToken, CancellationToken cancellationToken)
   at GitHub.Services.Common.IssuedTokenProvider.GetTokenOperation.GetTokenAsync(VssTraceActivity traceActivity)
   at GitHub.Services.Common.IssuedTokenProvider.GetTokenAsync(IssuedToken failedToken, CancellationToken cancellationToken)
   at GitHub.Services.Common.RawHttpMessageHandler.SendAsync(HttpRequestMessage request, CancellationToken cancellationToken)
   at GitHub.Services.Common.VssHttpRetryMessageHandler.SendAsync(HttpRequestMessage request, CancellationToken cancellationToken)
[2025-12-15 00:14:04Z ERR  BrokerServer] Catch exception during request
[2025-12-15 00:14:04Z ERR  BrokerServer] System.Net.Http.HttpRequestException: Hôte inconnu. (tokenghub.actions.githubusercontent.com:443)
 ---> System.Net.Sockets.SocketException (11001): Hôte inconnu.
   at System.Net.Sockets.Socket.AwaitableSocketAsyncEventArgs.ThrowException(SocketError error, CancellationToken cancellationToken)
   at System.Net.Sockets.Socket.AwaitableSocketAsyncEventArgs.System.Threading.Tasks.Sources.IValueTaskSource.GetResult(Int16 token)
   at System.Net.Sockets.Socket.<ConnectAsync>g__WaitForConnectWithCancellation|285_0(AwaitableSocketAsyncEventArgs saea, ValueTask connectTask, CancellationToken cancellationToken)
   at System.Net.Http.HttpConnectionPool.ConnectToTcpHostAsync(String host, Int32 port, HttpRequestMessage initialRequest, Boolean async, CancellationToken cancellationToken)
   --- End of inner exception stack trace ---
   at GitHub.Services.Common.VssHttpRetryMessageHandler.SendAsync(HttpRequestMessage request, CancellationToken cancellationToken)
   at System.Net.Http.HttpClient.<SendAsync>g__Core|83_0(HttpRequestMessage request, HttpCompletionOption completionOption, CancellationTokenSource cts, Boolean disposeCts, CancellationTokenSource pendingRequestsCts, CancellationToken originalCancellationToken)
   at Sdk.WebApi.WebApi.RawHttpClientBase.SendAsync(HttpRequestMessage message, HttpCompletionOption completionOption, Object userState, CancellationToken cancellationToken)
   at Sdk.WebApi.WebApi.RawHttpClientBase.SendAsync[T](HttpRequestMessage message, Boolean readErrorBody, Object userState, CancellationToken cancellationToken)
   at Sdk.WebApi.WebApi.RawHttpClientBase.SendAsync[T](HttpMethod method, IEnumerable`1 additionalHeaders, Uri requestUri, HttpContent content, IEnumerable`1 queryParameters, Boolean readErrorBody, Object userState, CancellationToken cancellationToken)
   at GitHub.Actions.RunService.WebApi.BrokerHttpClient.GetRunnerMessageAsync(Nullable`1 sessionId, String runnerVersion, Nullable`1 status, String os, String architecture, Nullable`1 disableUpdate, CancellationToken cancellationToken)
   at GitHub.Runner.Common.BrokerServer.<>c__DisplayClass7_0.<<GetRunnerMessageAsync>b__0>d.MoveNext()
--- End of stack trace from previous location ---
   at GitHub.Runner.Common.RunnerService.RetryRequest[T](Func`1 func, CancellationToken cancellationToken, Int32 maxAttempts, Func`2 shouldRetry)
[2025-12-15 00:14:04Z ERR  BrokerServer] #####################################################
[2025-12-15 00:14:04Z ERR  BrokerServer] System.Net.Sockets.SocketException (11001): Hôte inconnu.
   at System.Net.Sockets.Socket.AwaitableSocketAsyncEventArgs.ThrowException(SocketError error, CancellationToken cancellationToken)
   at System.Net.Sockets.Socket.AwaitableSocketAsyncEventArgs.System.Threading.Tasks.Sources.IValueTaskSource.GetResult(Int16 token)
   at System.Net.Sockets.Socket.<ConnectAsync>g__WaitForConnectWithCancellation|285_0(AwaitableSocketAsyncEventArgs saea, ValueTask connectTask, CancellationToken cancellationToken)
   at System.Net.Http.HttpConnectionPool.ConnectToTcpHostAsync(String host, Int32 port, HttpRequestMessage initialRequest, Boolean async, CancellationToken cancellationToken)
[2025-12-15 00:14:04Z WARN BrokerServer] Back off 10.077 seconds before next retry. 2 attempt left.
[2025-12-15 00:14:14Z INFO RSAEncryptedFileKeyManager] Loading RSA key parameters from file C:\Users\21265\user-management\actions-runner\.credentials_rsaparams
[2025-12-15 00:14:14Z ERR  GitHubActionsService] POST request to https://tokenghub.actions.githubusercontent.com/_apis/oauth2/token/2457a419-b3a4-4944-b597-5d61a980a51a failed. System.Net.Http.HttpRequestException: Hôte inconnu. (tokenghub.actions.githubusercontent.com:443)
 ---> System.Net.Sockets.SocketException (11001): Hôte inconnu.
   at System.Net.Sockets.Socket.AwaitableSocketAsyncEventArgs.ThrowException(SocketError error, CancellationToken cancellationToken)
   at System.Net.Sockets.Socket.AwaitableSocketAsyncEventArgs.System.Threading.Tasks.Sources.IValueTaskSource.GetResult(Int16 token)
   at System.Net.Sockets.Socket.<ConnectAsync>g__WaitForConnectWithCancellation|285_0(AwaitableSocketAsyncEventArgs saea, ValueTask connectTask, CancellationToken cancellationToken)
   at System.Net.Http.HttpConnectionPool.ConnectToTcpHostAsync(String host, Int32 port, HttpRequestMessage initialRequest, Boolean async, CancellationToken cancellationToken)
   --- End of inner exception stack trace ---
   at System.Net.Http.HttpConnectionPool.ConnectToTcpHostAsync(String host, Int32 port, HttpRequestMessage initialRequest, Boolean async, CancellationToken cancellationToken)
   at System.Net.Http.HttpConnectionPool.ConnectAsync(HttpRequestMessage request, Boolean async, CancellationToken cancellationToken)
   at System.Net.Http.HttpConnectionPool.CreateHttp11ConnectionAsync(HttpRequestMessage request, Boolean async, CancellationToken cancellationToken)
   at System.Net.Http.HttpConnectionPool.AddHttp11ConnectionAsync(QueueItem queueItem)
   at System.Threading.Tasks.TaskCompletionSourceWithCancellation`1.WaitWithCancellationAsync(CancellationToken cancellationToken)
   at System.Net.Http.HttpConnectionPool.SendWithVersionDetectionAndRetryAsync(HttpRequestMessage request, Boolean async, Boolean doRequestAuth, CancellationToken cancellationToken)
   at System.Net.Http.RedirectHandler.SendAsync(HttpRequestMessage request, Boolean async, CancellationToken cancellationToken)
   at GitHub.Services.Common.VssHttpRetryMessageHandler.SendAsync(HttpRequestMessage request, CancellationToken cancellationToken)
[2025-12-15 00:14:14Z ERR  GitHubActionsService] GET request to https://broker.actions.githubusercontent.com/message?sessionId=f2d060ac-ef2b-461c-8dfd-3c63a76a15cb&status=Online&runnerVersion=2.329.0&os=Windows&architecture=X64&disableUpdate=false failed. System.Net.Http.HttpRequestException: Hôte inconnu. (tokenghub.actions.githubusercontent.com:443)
 ---> System.Net.Sockets.SocketException (11001): Hôte inconnu.
   at System.Net.Sockets.Socket.AwaitableSocketAsyncEventArgs.ThrowException(SocketError error, CancellationToken cancellationToken)
   at System.Net.Sockets.Socket.AwaitableSocketAsyncEventArgs.System.Threading.Tasks.Sources.IValueTaskSource.GetResult(Int16 token)
   at System.Net.Sockets.Socket.<ConnectAsync>g__WaitForConnectWithCancellation|285_0(AwaitableSocketAsyncEventArgs saea, ValueTask connectTask, CancellationToken cancellationToken)
   at System.Net.Http.HttpConnectionPool.ConnectToTcpHostAsync(String host, Int32 port, HttpRequestMessage initialRequest, Boolean async, CancellationToken cancellationToken)
   --- End of inner exception stack trace ---
   at GitHub.Services.Common.VssHttpRetryMessageHandler.SendAsync(HttpRequestMessage request, CancellationToken cancellationToken)
   at System.Net.Http.HttpClient.<SendAsync>g__Core|83_0(HttpRequestMessage request, HttpCompletionOption completionOption, CancellationTokenSource cts, Boolean disposeCts, CancellationTokenSource pendingRequestsCts, CancellationToken originalCancellationToken)
   at GitHub.Services.OAuth.VssOAuthTokenHttpClient.GetTokenAsync(VssOAuthGrant grant, VssOAuthClientCredential credential, VssOAuthTokenParameters tokenParameters, CancellationToken cancellationToken)
   at GitHub.Services.OAuth.VssOAuthTokenProvider.OnGetTokenAsync(IssuedToken failedToken, CancellationToken cancellationToken)
   at GitHub.Services.Common.IssuedTokenProvider.GetTokenOperation.GetTokenAsync(VssTraceActivity traceActivity)
   at GitHub.Services.Common.IssuedTokenProvider.GetTokenAsync(IssuedToken failedToken, CancellationToken cancellationToken)
   at GitHub.Services.Common.RawHttpMessageHandler.SendAsync(HttpRequestMessage request, CancellationToken cancellationToken)
   at GitHub.Services.Common.VssHttpRetryMessageHandler.SendAsync(HttpRequestMessage request, CancellationToken cancellationToken)
[2025-12-15 00:14:14Z ERR  BrokerServer] Catch exception during request
[2025-12-15 00:14:14Z ERR  BrokerServer] System.Net.Http.HttpRequestException: Hôte inconnu. (tokenghub.actions.githubusercontent.com:443)
 ---> System.Net.Sockets.SocketException (11001): Hôte inconnu.
   at System.Net.Sockets.Socket.AwaitableSocketAsyncEventArgs.ThrowException(SocketError error, CancellationToken cancellationToken)
   at System.Net.Sockets.Socket.AwaitableSocketAsyncEventArgs.System.Threading.Tasks.Sources.IValueTaskSource.GetResult(Int16 token)
   at System.Net.Sockets.Socket.<ConnectAsync>g__WaitForConnectWithCancellation|285_0(AwaitableSocketAsyncEventArgs saea, ValueTask connectTask, CancellationToken cancellationToken)
   at System.Net.Http.HttpConnectionPool.ConnectToTcpHostAsync(String host, Int32 port, HttpRequestMessage initialRequest, Boolean async, CancellationToken cancellationToken)
   --- End of inner exception stack trace ---
   at GitHub.Services.Common.VssHttpRetryMessageHandler.SendAsync(HttpRequestMessage request, CancellationToken cancellationToken)
   at System.Net.Http.HttpClient.<SendAsync>g__Core|83_0(HttpRequestMessage request, HttpCompletionOption completionOption, CancellationTokenSource cts, Boolean disposeCts, CancellationTokenSource pendingRequestsCts, CancellationToken originalCancellationToken)
   at Sdk.WebApi.WebApi.RawHttpClientBase.SendAsync(HttpRequestMessage message, HttpCompletionOption completionOption, Object userState, CancellationToken cancellationToken)
   at Sdk.WebApi.WebApi.RawHttpClientBase.SendAsync[T](HttpRequestMessage message, Boolean readErrorBody, Object userState, CancellationToken cancellationToken)
   at Sdk.WebApi.WebApi.RawHttpClientBase.SendAsync[T](HttpMethod method, IEnumerable`1 additionalHeaders, Uri requestUri, HttpContent content, IEnumerable`1 queryParameters, Boolean readErrorBody, Object userState, CancellationToken cancellationToken)
   at GitHub.Actions.RunService.WebApi.BrokerHttpClient.GetRunnerMessageAsync(Nullable`1 sessionId, String runnerVersion, Nullable`1 status, String os, String architecture, Nullable`1 disableUpdate, CancellationToken cancellationToken)
   at GitHub.Runner.Common.BrokerServer.<>c__DisplayClass7_0.<<GetRunnerMessageAsync>b__0>d.MoveNext()
--- End of stack trace from previous location ---
   at GitHub.Runner.Common.RunnerService.RetryRequest[T](Func`1 func, CancellationToken cancellationToken, Int32 maxAttempts, Func`2 shouldRetry)
[2025-12-15 00:14:14Z ERR  BrokerServer] #####################################################
[2025-12-15 00:14:14Z ERR  BrokerServer] System.Net.Sockets.SocketException (11001): Hôte inconnu.
   at System.Net.Sockets.Socket.AwaitableSocketAsyncEventArgs.ThrowException(SocketError error, CancellationToken cancellationToken)
   at System.Net.Sockets.Socket.AwaitableSocketAsyncEventArgs.System.Threading.Tasks.Sources.IValueTaskSource.GetResult(Int16 token)
   at System.Net.Sockets.Socket.<ConnectAsync>g__WaitForConnectWithCancellation|285_0(AwaitableSocketAsyncEventArgs saea, ValueTask connectTask, CancellationToken cancellationToken)
   at System.Net.Http.HttpConnectionPool.ConnectToTcpHostAsync(String host, Int32 port, HttpRequestMessage initialRequest, Boolean async, CancellationToken cancellationToken)
[2025-12-15 00:14:14Z WARN BrokerServer] Back off 8.638 seconds before next retry. 1 attempt left.
[2025-12-15 00:14:22Z INFO RSAEncryptedFileKeyManager] Loading RSA key parameters from file C:\Users\21265\user-management\actions-runner\.credentials_rsaparams
[2025-12-15 00:14:22Z ERR  GitHubActionsService] POST request to https://tokenghub.actions.githubusercontent.com/_apis/oauth2/token/2457a419-b3a4-4944-b597-5d61a980a51a failed. System.Net.Http.HttpRequestException: Hôte inconnu. (tokenghub.actions.githubusercontent.com:443)
 ---> System.Net.Sockets.SocketException (11001): Hôte inconnu.
   at System.Net.Sockets.Socket.AwaitableSocketAsyncEventArgs.ThrowException(SocketError error, CancellationToken cancellationToken)
   at System.Net.Sockets.Socket.AwaitableSocketAsyncEventArgs.System.Threading.Tasks.Sources.IValueTaskSource.GetResult(Int16 token)
   at System.Net.Sockets.Socket.<ConnectAsync>g__WaitForConnectWithCancellation|285_0(AwaitableSocketAsyncEventArgs saea, ValueTask connectTask, CancellationToken cancellationToken)
   at System.Net.Http.HttpConnectionPool.ConnectToTcpHostAsync(String host, Int32 port, HttpRequestMessage initialRequest, Boolean async, CancellationToken cancellationToken)
   --- End of inner exception stack trace ---
   at System.Net.Http.HttpConnectionPool.ConnectToTcpHostAsync(String host, Int32 port, HttpRequestMessage initialRequest, Boolean async, CancellationToken cancellationToken)
   at System.Net.Http.HttpConnectionPool.ConnectAsync(HttpRequestMessage request, Boolean async, CancellationToken cancellationToken)
   at System.Net.Http.HttpConnectionPool.CreateHttp11ConnectionAsync(HttpRequestMessage request, Boolean async, CancellationToken cancellationToken)
   at System.Net.Http.HttpConnectionPool.AddHttp11ConnectionAsync(QueueItem queueItem)
   at System.Threading.Tasks.TaskCompletionSourceWithCancellation`1.WaitWithCancellationAsync(CancellationToken cancellationToken)
   at System.Net.Http.HttpConnectionPool.SendWithVersionDetectionAndRetryAsync(HttpRequestMessage request, Boolean async, Boolean doRequestAuth, CancellationToken cancellationToken)
   at System.Net.Http.RedirectHandler.SendAsync(HttpRequestMessage request, Boolean async, CancellationToken cancellationToken)
   at GitHub.Services.Common.VssHttpRetryMessageHandler.SendAsync(HttpRequestMessage request, CancellationToken cancellationToken)
[2025-12-15 00:14:22Z ERR  GitHubActionsService] GET request to https://broker.actions.githubusercontent.com/message?sessionId=f2d060ac-ef2b-461c-8dfd-3c63a76a15cb&status=Online&runnerVersion=2.329.0&os=Windows&architecture=X64&disableUpdate=false failed. System.Net.Http.HttpRequestException: Hôte inconnu. (tokenghub.actions.githubusercontent.com:443)
 ---> System.Net.Sockets.SocketException (11001): Hôte inconnu.
   at System.Net.Sockets.Socket.AwaitableSocketAsyncEventArgs.ThrowException(SocketError error, CancellationToken cancellationToken)
   at System.Net.Sockets.Socket.AwaitableSocketAsyncEventArgs.System.Threading.Tasks.Sources.IValueTaskSource.GetResult(Int16 token)
   at System.Net.Sockets.Socket.<ConnectAsync>g__WaitForConnectWithCancellation|285_0(AwaitableSocketAsyncEventArgs saea, ValueTask connectTask, CancellationToken cancellationToken)
   at System.Net.Http.HttpConnectionPool.ConnectToTcpHostAsync(String host, Int32 port, HttpRequestMessage initialRequest, Boolean async, CancellationToken cancellationToken)
   --- End of inner exception stack trace ---
   at GitHub.Services.Common.VssHttpRetryMessageHandler.SendAsync(HttpRequestMessage request, CancellationToken cancellationToken)
   at System.Net.Http.HttpClient.<SendAsync>g__Core|83_0(HttpRequestMessage request, HttpCompletionOption completionOption, CancellationTokenSource cts, Boolean disposeCts, CancellationTokenSource pendingRequestsCts, CancellationToken originalCancellationToken)
   at GitHub.Services.OAuth.VssOAuthTokenHttpClient.GetTokenAsync(VssOAuthGrant grant, VssOAuthClientCredential credential, VssOAuthTokenParameters tokenParameters, CancellationToken cancellationToken)
   at GitHub.Services.OAuth.VssOAuthTokenProvider.OnGetTokenAsync(IssuedToken failedToken, CancellationToken cancellationToken)
   at GitHub.Services.Common.IssuedTokenProvider.GetTokenOperation.GetTokenAsync(VssTraceActivity traceActivity)
   at GitHub.Services.Common.IssuedTokenProvider.GetTokenAsync(IssuedToken failedToken, CancellationToken cancellationToken)
   at GitHub.Services.Common.RawHttpMessageHandler.SendAsync(HttpRequestMessage request, CancellationToken cancellationToken)
   at GitHub.Services.Common.VssHttpRetryMessageHandler.SendAsync(HttpRequestMessage request, CancellationToken cancellationToken)
[2025-12-15 00:14:22Z ERR  BrokerMessageListener] Catch exception during get next message.
[2025-12-15 00:14:22Z ERR  BrokerMessageListener] System.Net.Http.HttpRequestException: Hôte inconnu. (tokenghub.actions.githubusercontent.com:443)
 ---> System.Net.Sockets.SocketException (11001): Hôte inconnu.
   at System.Net.Sockets.Socket.AwaitableSocketAsyncEventArgs.ThrowException(SocketError error, CancellationToken cancellationToken)
   at System.Net.Sockets.Socket.AwaitableSocketAsyncEventArgs.System.Threading.Tasks.Sources.IValueTaskSource.GetResult(Int16 token)
   at System.Net.Sockets.Socket.<ConnectAsync>g__WaitForConnectWithCancellation|285_0(AwaitableSocketAsyncEventArgs saea, ValueTask connectTask, CancellationToken cancellationToken)
   at System.Net.Http.HttpConnectionPool.ConnectToTcpHostAsync(String host, Int32 port, HttpRequestMessage initialRequest, Boolean async, CancellationToken cancellationToken)
   --- End of inner exception stack trace ---
   at GitHub.Services.Common.VssHttpRetryMessageHandler.SendAsync(HttpRequestMessage request, CancellationToken cancellationToken)
   at System.Net.Http.HttpClient.<SendAsync>g__Core|83_0(HttpRequestMessage request, HttpCompletionOption completionOption, CancellationTokenSource cts, Boolean disposeCts, CancellationTokenSource pendingRequestsCts, CancellationToken originalCancellationToken)
   at Sdk.WebApi.WebApi.RawHttpClientBase.SendAsync(HttpRequestMessage message, HttpCompletionOption completionOption, Object userState, CancellationToken cancellationToken)
   at Sdk.WebApi.WebApi.RawHttpClientBase.SendAsync[T](HttpRequestMessage message, Boolean readErrorBody, Object userState, CancellationToken cancellationToken)
   at Sdk.WebApi.WebApi.RawHttpClientBase.SendAsync[T](HttpMethod method, IEnumerable`1 additionalHeaders, Uri requestUri, HttpContent content, IEnumerable`1 queryParameters, Boolean readErrorBody, Object userState, CancellationToken cancellationToken)
   at GitHub.Actions.RunService.WebApi.BrokerHttpClient.GetRunnerMessageAsync(Nullable`1 sessionId, String runnerVersion, Nullable`1 status, String os, String architecture, Nullable`1 disableUpdate, CancellationToken cancellationToken)
   at GitHub.Runner.Common.BrokerServer.<>c__DisplayClass7_0.<<GetRunnerMessageAsync>b__0>d.MoveNext()
--- End of stack trace from previous location ---
   at GitHub.Runner.Common.RunnerService.RetryRequest[T](Func`1 func, CancellationToken cancellationToken, Int32 maxAttempts, Func`2 shouldRetry)
   at GitHub.Runner.Listener.BrokerMessageListener.GetNextMessageAsync(CancellationToken token)
[2025-12-15 00:14:22Z ERR  BrokerMessageListener] #####################################################
[2025-12-15 00:14:22Z ERR  BrokerMessageListener] System.Net.Sockets.SocketException (11001): Hôte inconnu.
   at System.Net.Sockets.Socket.AwaitableSocketAsyncEventArgs.ThrowException(SocketError error, CancellationToken cancellationToken)
   at System.Net.Sockets.Socket.AwaitableSocketAsyncEventArgs.System.Threading.Tasks.Sources.IValueTaskSource.GetResult(Int16 token)
   at System.Net.Sockets.Socket.<ConnectAsync>g__WaitForConnectWithCancellation|285_0(AwaitableSocketAsyncEventArgs saea, ValueTask connectTask, CancellationToken cancellationToken)
   at System.Net.Http.HttpConnectionPool.ConnectToTcpHostAsync(String host, Int32 port, HttpRequestMessage initialRequest, Boolean async, CancellationToken cancellationToken)
[2025-12-15 00:14:22Z INFO BrokerMessageListener] Retriable exception: Hôte inconnu. (tokenghub.actions.githubusercontent.com:443)
[2025-12-15 00:14:22Z INFO BrokerMessageListener] Reload credentials.
[2025-12-15 00:14:22Z INFO ConfigurationStore] HasCredentials()
[2025-12-15 00:14:22Z INFO ConfigurationStore] stored True
[2025-12-15 00:14:22Z INFO CredentialManager] GetCredentialProvider
[2025-12-15 00:14:22Z INFO CredentialManager] Creating type OAuth
[2025-12-15 00:14:22Z INFO CredentialManager] Creating credential type: OAuth
[2025-12-15 00:14:22Z INFO RSAEncryptedFileKeyManager] Loading RSA key parameters from file C:\Users\21265\user-management\actions-runner\.credentials_rsaparams
[2025-12-15 00:14:22Z INFO BrokerMessageListener] Connection to Broker Server recreated.
[2025-12-15 00:14:22Z INFO BrokerMessageListener] Sleeping for 41.288 seconds before retrying.
[2025-12-15 00:15:04Z INFO RSAEncryptedFileKeyManager] Loading RSA key parameters from file C:\Users\21265\user-management\actions-runner\.credentials_rsaparams
[2025-12-15 00:15:04Z INFO RSAEncryptedFileKeyManager] Loading RSA key parameters from file C:\Users\21265\user-management\actions-runner\.credentials_rsaparams
[2025-12-15 00:15:04Z ERR  GitHubActionsService] POST request to https://tokenghub.actions.githubusercontent.com/_apis/oauth2/token/2457a419-b3a4-4944-b597-5d61a980a51a failed. System.Net.Http.HttpRequestException: Hôte inconnu. (tokenghub.actions.githubusercontent.com:443)
 ---> System.Net.Sockets.SocketException (11001): Hôte inconnu.
   at System.Net.Sockets.Socket.AwaitableSocketAsyncEventArgs.ThrowException(SocketError error, CancellationToken cancellationToken)
   at System.Net.Sockets.Socket.AwaitableSocketAsyncEventArgs.System.Threading.Tasks.Sources.IValueTaskSource.GetResult(Int16 token)
   at System.Net.Sockets.Socket.<ConnectAsync>g__WaitForConnectWithCancellation|285_0(AwaitableSocketAsyncEventArgs saea, ValueTask connectTask, CancellationToken cancellationToken)
   at System.Net.Http.HttpConnectionPool.ConnectToTcpHostAsync(String host, Int32 port, HttpRequestMessage initialRequest, Boolean async, CancellationToken cancellationToken)
   --- End of inner exception stack trace ---
   at System.Net.Http.HttpConnectionPool.ConnectToTcpHostAsync(String host, Int32 port, HttpRequestMessage initialRequest, Boolean async, CancellationToken cancellationToken)
   at System.Net.Http.HttpConnectionPool.ConnectAsync(HttpRequestMessage request, Boolean async, CancellationToken cancellationToken)
   at System.Net.Http.HttpConnectionPool.CreateHttp11ConnectionAsync(HttpRequestMessage request, Boolean async, CancellationToken cancellationToken)
   at System.Net.Http.HttpConnectionPool.AddHttp11ConnectionAsync(QueueItem queueItem)
   at System.Threading.Tasks.TaskCompletionSourceWithCancellation`1.WaitWithCancellationAsync(CancellationToken cancellationToken)
   at System.Net.Http.HttpConnectionPool.SendWithVersionDetectionAndRetryAsync(HttpRequestMessage request, Boolean async, Boolean doRequestAuth, CancellationToken cancellationToken)
   at System.Net.Http.RedirectHandler.SendAsync(HttpRequestMessage request, Boolean async, CancellationToken cancellationToken)
   at GitHub.Services.Common.VssHttpRetryMessageHandler.SendAsync(HttpRequestMessage request, CancellationToken cancellationToken)
[2025-12-15 00:15:04Z ERR  GitHubActionsService] GET request to https://broker.actions.githubusercontent.com/message?sessionId=f2d060ac-ef2b-461c-8dfd-3c63a76a15cb&status=Online&runnerVersion=2.329.0&os=Windows&architecture=X64&disableUpdate=false failed. System.Net.Http.HttpRequestException: Hôte inconnu. (tokenghub.actions.githubusercontent.com:443)
 ---> System.Net.Sockets.SocketException (11001): Hôte inconnu.
   at System.Net.Sockets.Socket.AwaitableSocketAsyncEventArgs.ThrowException(SocketError error, CancellationToken cancellationToken)
   at System.Net.Sockets.Socket.AwaitableSocketAsyncEventArgs.System.Threading.Tasks.Sources.IValueTaskSource.GetResult(Int16 token)
   at System.Net.Sockets.Socket.<ConnectAsync>g__WaitForConnectWithCancellation|285_0(AwaitableSocketAsyncEventArgs saea, ValueTask connectTask, CancellationToken cancellationToken)
   at System.Net.Http.HttpConnectionPool.ConnectToTcpHostAsync(String host, Int32 port, HttpRequestMessage initialRequest, Boolean async, CancellationToken cancellationToken)
   --- End of inner exception stack trace ---
   at GitHub.Services.Common.VssHttpRetryMessageHandler.SendAsync(HttpRequestMessage request, CancellationToken cancellationToken)
   at System.Net.Http.HttpClient.<SendAsync>g__Core|83_0(HttpRequestMessage request, HttpCompletionOption completionOption, CancellationTokenSource cts, Boolean disposeCts, CancellationTokenSource pendingRequestsCts, CancellationToken originalCancellationToken)
   at GitHub.Services.OAuth.VssOAuthTokenHttpClient.GetTokenAsync(VssOAuthGrant grant, VssOAuthClientCredential credential, VssOAuthTokenParameters tokenParameters, CancellationToken cancellationToken)
   at GitHub.Services.OAuth.VssOAuthTokenProvider.OnGetTokenAsync(IssuedToken failedToken, CancellationToken cancellationToken)
   at GitHub.Services.Common.IssuedTokenProvider.GetTokenOperation.GetTokenAsync(VssTraceActivity traceActivity)
   at GitHub.Services.Common.IssuedTokenProvider.GetTokenAsync(IssuedToken failedToken, CancellationToken cancellationToken)
   at GitHub.Services.Common.RawHttpMessageHandler.SendAsync(HttpRequestMessage request, CancellationToken cancellationToken)
   at GitHub.Services.Common.VssHttpRetryMessageHandler.SendAsync(HttpRequestMessage request, CancellationToken cancellationToken)
[2025-12-15 00:15:04Z ERR  BrokerServer] Catch exception during request
[2025-12-15 00:15:04Z ERR  BrokerServer] System.Net.Http.HttpRequestException: Hôte inconnu. (tokenghub.actions.githubusercontent.com:443)
 ---> System.Net.Sockets.SocketException (11001): Hôte inconnu.
   at System.Net.Sockets.Socket.AwaitableSocketAsyncEventArgs.ThrowException(SocketError error, CancellationToken cancellationToken)
   at System.Net.Sockets.Socket.AwaitableSocketAsyncEventArgs.System.Threading.Tasks.Sources.IValueTaskSource.GetResult(Int16 token)
   at System.Net.Sockets.Socket.<ConnectAsync>g__WaitForConnectWithCancellation|285_0(AwaitableSocketAsyncEventArgs saea, ValueTask connectTask, CancellationToken cancellationToken)
   at System.Net.Http.HttpConnectionPool.ConnectToTcpHostAsync(String host, Int32 port, HttpRequestMessage initialRequest, Boolean async, CancellationToken cancellationToken)
   --- End of inner exception stack trace ---
   at GitHub.Services.Common.VssHttpRetryMessageHandler.SendAsync(HttpRequestMessage request, CancellationToken cancellationToken)
   at System.Net.Http.HttpClient.<SendAsync>g__Core|83_0(HttpRequestMessage request, HttpCompletionOption completionOption, CancellationTokenSource cts, Boolean disposeCts, CancellationTokenSource pendingRequestsCts, CancellationToken originalCancellationToken)
   at Sdk.WebApi.WebApi.RawHttpClientBase.SendAsync(HttpRequestMessage message, HttpCompletionOption completionOption, Object userState, CancellationToken cancellationToken)
   at Sdk.WebApi.WebApi.RawHttpClientBase.SendAsync[T](HttpRequestMessage message, Boolean readErrorBody, Object userState, CancellationToken cancellationToken)
   at Sdk.WebApi.WebApi.RawHttpClientBase.SendAsync[T](HttpMethod method, IEnumerable`1 additionalHeaders, Uri requestUri, HttpContent content, IEnumerable`1 queryParameters, Boolean readErrorBody, Object userState, CancellationToken cancellationToken)
   at GitHub.Actions.RunService.WebApi.BrokerHttpClient.GetRunnerMessageAsync(Nullable`1 sessionId, String runnerVersion, Nullable`1 status, String os, String architecture, Nullable`1 disableUpdate, CancellationToken cancellationToken)
   at GitHub.Runner.Common.BrokerServer.<>c__DisplayClass7_0.<<GetRunnerMessageAsync>b__0>d.MoveNext()
--- End of stack trace from previous location ---
   at GitHub.Runner.Common.RunnerService.RetryRequest[T](Func`1 func, CancellationToken cancellationToken, Int32 maxAttempts, Func`2 shouldRetry)
[2025-12-15 00:15:04Z ERR  BrokerServer] #####################################################
[2025-12-15 00:15:04Z ERR  BrokerServer] System.Net.Sockets.SocketException (11001): Hôte inconnu.
   at System.Net.Sockets.Socket.AwaitableSocketAsyncEventArgs.ThrowException(SocketError error, CancellationToken cancellationToken)
   at System.Net.Sockets.Socket.AwaitableSocketAsyncEventArgs.System.Threading.Tasks.Sources.IValueTaskSource.GetResult(Int16 token)
   at System.Net.Sockets.Socket.<ConnectAsync>g__WaitForConnectWithCancellation|285_0(AwaitableSocketAsyncEventArgs saea, ValueTask connectTask, CancellationToken cancellationToken)
   at System.Net.Http.HttpConnectionPool.ConnectToTcpHostAsync(String host, Int32 port, HttpRequestMessage initialRequest, Boolean async, CancellationToken cancellationToken)
[2025-12-15 00:15:04Z WARN BrokerServer] Back off 8.193 seconds before next retry. 4 attempt left.
[2025-12-15 00:15:12Z INFO RSAEncryptedFileKeyManager] Loading RSA key parameters from file C:\Users\21265\user-management\actions-runner\.credentials_rsaparams
[2025-12-15 00:15:12Z ERR  GitHubActionsService] POST request to https://tokenghub.actions.githubusercontent.com/_apis/oauth2/token/2457a419-b3a4-4944-b597-5d61a980a51a failed. System.Net.Http.HttpRequestException: Hôte inconnu. (tokenghub.actions.githubusercontent.com:443)
 ---> System.Net.Sockets.SocketException (11001): Hôte inconnu.
   at System.Net.Sockets.Socket.AwaitableSocketAsyncEventArgs.ThrowException(SocketError error, CancellationToken cancellationToken)
   at System.Net.Sockets.Socket.AwaitableSocketAsyncEventArgs.System.Threading.Tasks.Sources.IValueTaskSource.GetResult(Int16 token)
   at System.Net.Sockets.Socket.<ConnectAsync>g__WaitForConnectWithCancellation|285_0(AwaitableSocketAsyncEventArgs saea, ValueTask connectTask, CancellationToken cancellationToken)
   at System.Net.Http.HttpConnectionPool.ConnectToTcpHostAsync(String host, Int32 port, HttpRequestMessage initialRequest, Boolean async, CancellationToken cancellationToken)
   --- End of inner exception stack trace ---
   at System.Net.Http.HttpConnectionPool.ConnectToTcpHostAsync(String host, Int32 port, HttpRequestMessage initialRequest, Boolean async, CancellationToken cancellationToken)
   at System.Net.Http.HttpConnectionPool.ConnectAsync(HttpRequestMessage request, Boolean async, CancellationToken cancellationToken)
   at System.Net.Http.HttpConnectionPool.CreateHttp11ConnectionAsync(HttpRequestMessage request, Boolean async, CancellationToken cancellationToken)
   at System.Net.Http.HttpConnectionPool.AddHttp11ConnectionAsync(QueueItem queueItem)
   at System.Threading.Tasks.TaskCompletionSourceWithCancellation`1.WaitWithCancellationAsync(CancellationToken cancellationToken)
   at System.Net.Http.HttpConnectionPool.SendWithVersionDetectionAndRetryAsync(HttpRequestMessage request, Boolean async, Boolean doRequestAuth, CancellationToken cancellationToken)
   at System.Net.Http.RedirectHandler.SendAsync(HttpRequestMessage request, Boolean async, CancellationToken cancellationToken)
   at GitHub.Services.Common.VssHttpRetryMessageHandler.SendAsync(HttpRequestMessage request, CancellationToken cancellationToken)
[2025-12-15 00:15:12Z ERR  GitHubActionsService] GET request to https://broker.actions.githubusercontent.com/message?sessionId=f2d060ac-ef2b-461c-8dfd-3c63a76a15cb&status=Online&runnerVersion=2.329.0&os=Windows&architecture=X64&disableUpdate=false failed. System.Net.Http.HttpRequestException: Hôte inconnu. (tokenghub.actions.githubusercontent.com:443)
 ---> System.Net.Sockets.SocketException (11001): Hôte inconnu.
   at System.Net.Sockets.Socket.AwaitableSocketAsyncEventArgs.ThrowException(SocketError error, CancellationToken cancellationToken)
   at System.Net.Sockets.Socket.AwaitableSocketAsyncEventArgs.System.Threading.Tasks.Sources.IValueTaskSource.GetResult(Int16 token)
   at System.Net.Sockets.Socket.<ConnectAsync>g__WaitForConnectWithCancellation|285_0(AwaitableSocketAsyncEventArgs saea, ValueTask connectTask, CancellationToken cancellationToken)
   at System.Net.Http.HttpConnectionPool.ConnectToTcpHostAsync(String host, Int32 port, HttpRequestMessage initialRequest, Boolean async, CancellationToken cancellationToken)
   --- End of inner exception stack trace ---
   at GitHub.Services.Common.VssHttpRetryMessageHandler.SendAsync(HttpRequestMessage request, CancellationToken cancellationToken)
   at System.Net.Http.HttpClient.<SendAsync>g__Core|83_0(HttpRequestMessage request, HttpCompletionOption completionOption, CancellationTokenSource cts, Boolean disposeCts, CancellationTokenSource pendingRequestsCts, CancellationToken originalCancellationToken)
   at GitHub.Services.OAuth.VssOAuthTokenHttpClient.GetTokenAsync(VssOAuthGrant grant, VssOAuthClientCredential credential, VssOAuthTokenParameters tokenParameters, CancellationToken cancellationToken)
   at GitHub.Services.OAuth.VssOAuthTokenProvider.OnGetTokenAsync(IssuedToken failedToken, CancellationToken cancellationToken)
   at GitHub.Services.Common.IssuedTokenProvider.GetTokenOperation.GetTokenAsync(VssTraceActivity traceActivity)
   at GitHub.Services.Common.IssuedTokenProvider.GetTokenAsync(IssuedToken failedToken, CancellationToken cancellationToken)
   at GitHub.Services.Common.RawHttpMessageHandler.SendAsync(HttpRequestMessage request, CancellationToken cancellationToken)
   at GitHub.Services.Common.VssHttpRetryMessageHandler.SendAsync(HttpRequestMessage request, CancellationToken cancellationToken)
[2025-12-15 00:15:12Z ERR  BrokerServer] Catch exception during request
[2025-12-15 00:15:12Z ERR  BrokerServer] System.Net.Http.HttpRequestException: Hôte inconnu. (tokenghub.actions.githubusercontent.com:443)
 ---> System.Net.Sockets.SocketException (11001): Hôte inconnu.
   at System.Net.Sockets.Socket.AwaitableSocketAsyncEventArgs.ThrowException(SocketError error, CancellationToken cancellationToken)
   at System.Net.Sockets.Socket.AwaitableSocketAsyncEventArgs.System.Threading.Tasks.Sources.IValueTaskSource.GetResult(Int16 token)
   at System.Net.Sockets.Socket.<ConnectAsync>g__WaitForConnectWithCancellation|285_0(AwaitableSocketAsyncEventArgs saea, ValueTask connectTask, CancellationToken cancellationToken)
   at System.Net.Http.HttpConnectionPool.ConnectToTcpHostAsync(String host, Int32 port, HttpRequestMessage initialRequest, Boolean async, CancellationToken cancellationToken)
   --- End of inner exception stack trace ---
   at GitHub.Services.Common.VssHttpRetryMessageHandler.SendAsync(HttpRequestMessage request, CancellationToken cancellationToken)
   at System.Net.Http.HttpClient.<SendAsync>g__Core|83_0(HttpRequestMessage request, HttpCompletionOption completionOption, CancellationTokenSource cts, Boolean disposeCts, CancellationTokenSource pendingRequestsCts, CancellationToken originalCancellationToken)
   at Sdk.WebApi.WebApi.RawHttpClientBase.SendAsync(HttpRequestMessage message, HttpCompletionOption completionOption, Object userState, CancellationToken cancellationToken)
   at Sdk.WebApi.WebApi.RawHttpClientBase.SendAsync[T](HttpRequestMessage message, Boolean readErrorBody, Object userState, CancellationToken cancellationToken)
   at Sdk.WebApi.WebApi.RawHttpClientBase.SendAsync[T](HttpMethod method, IEnumerable`1 additionalHeaders, Uri requestUri, HttpContent content, IEnumerable`1 queryParameters, Boolean readErrorBody, Object userState, CancellationToken cancellationToken)
   at GitHub.Actions.RunService.WebApi.BrokerHttpClient.GetRunnerMessageAsync(Nullable`1 sessionId, String runnerVersion, Nullable`1 status, String os, String architecture, Nullable`1 disableUpdate, CancellationToken cancellationToken)
   at GitHub.Runner.Common.BrokerServer.<>c__DisplayClass7_0.<<GetRunnerMessageAsync>b__0>d.MoveNext()
--- End of stack trace from previous location ---
   at GitHub.Runner.Common.RunnerService.RetryRequest[T](Func`1 func, CancellationToken cancellationToken, Int32 maxAttempts, Func`2 shouldRetry)
[2025-12-15 00:15:12Z ERR  BrokerServer] #####################################################
[2025-12-15 00:15:12Z ERR  BrokerServer] System.Net.Sockets.SocketException (11001): Hôte inconnu.
   at System.Net.Sockets.Socket.AwaitableSocketAsyncEventArgs.ThrowException(SocketError error, CancellationToken cancellationToken)
   at System.Net.Sockets.Socket.AwaitableSocketAsyncEventArgs.System.Threading.Tasks.Sources.IValueTaskSource.GetResult(Int16 token)
   at System.Net.Sockets.Socket.<ConnectAsync>g__WaitForConnectWithCancellation|285_0(AwaitableSocketAsyncEventArgs saea, ValueTask connectTask, CancellationToken cancellationToken)
   at System.Net.Http.HttpConnectionPool.ConnectToTcpHostAsync(String host, Int32 port, HttpRequestMessage initialRequest, Boolean async, CancellationToken cancellationToken)
[2025-12-15 00:15:12Z WARN BrokerServer] Back off 13.173 seconds before next retry. 3 attempt left.
[2025-12-15 00:15:25Z INFO RSAEncryptedFileKeyManager] Loading RSA key parameters from file C:\Users\21265\user-management\actions-runner\.credentials_rsaparams
[2025-12-15 00:15:25Z ERR  GitHubActionsService] POST request to https://tokenghub.actions.githubusercontent.com/_apis/oauth2/token/2457a419-b3a4-4944-b597-5d61a980a51a failed. System.Net.Http.HttpRequestException: Hôte inconnu. (tokenghub.actions.githubusercontent.com:443)
 ---> System.Net.Sockets.SocketException (11001): Hôte inconnu.
   at System.Net.Sockets.Socket.AwaitableSocketAsyncEventArgs.ThrowException(SocketError error, CancellationToken cancellationToken)
   at System.Net.Sockets.Socket.AwaitableSocketAsyncEventArgs.System.Threading.Tasks.Sources.IValueTaskSource.GetResult(Int16 token)
   at System.Net.Sockets.Socket.<ConnectAsync>g__WaitForConnectWithCancellation|285_0(AwaitableSocketAsyncEventArgs saea, ValueTask connectTask, CancellationToken cancellationToken)
   at System.Net.Http.HttpConnectionPool.ConnectToTcpHostAsync(String host, Int32 port, HttpRequestMessage initialRequest, Boolean async, CancellationToken cancellationToken)
   --- End of inner exception stack trace ---
   at System.Net.Http.HttpConnectionPool.ConnectToTcpHostAsync(String host, Int32 port, HttpRequestMessage initialRequest, Boolean async, CancellationToken cancellationToken)
   at System.Net.Http.HttpConnectionPool.ConnectAsync(HttpRequestMessage request, Boolean async, CancellationToken cancellationToken)
   at System.Net.Http.HttpConnectionPool.CreateHttp11ConnectionAsync(HttpRequestMessage request, Boolean async, CancellationToken cancellationToken)
   at System.Net.Http.HttpConnectionPool.AddHttp11ConnectionAsync(QueueItem queueItem)
   at System.Threading.Tasks.TaskCompletionSourceWithCancellation`1.WaitWithCancellationAsync(CancellationToken cancellationToken)
   at System.Net.Http.HttpConnectionPool.SendWithVersionDetectionAndRetryAsync(HttpRequestMessage request, Boolean async, Boolean doRequestAuth, CancellationToken cancellationToken)
   at System.Net.Http.RedirectHandler.SendAsync(HttpRequestMessage request, Boolean async, CancellationToken cancellationToken)
   at GitHub.Services.Common.VssHttpRetryMessageHandler.SendAsync(HttpRequestMessage request, CancellationToken cancellationToken)
[2025-12-15 00:15:25Z ERR  GitHubActionsService] GET request to https://broker.actions.githubusercontent.com/message?sessionId=f2d060ac-ef2b-461c-8dfd-3c63a76a15cb&status=Online&runnerVersion=2.329.0&os=Windows&architecture=X64&disableUpdate=false failed. System.Net.Http.HttpRequestException: Hôte inconnu. (tokenghub.actions.githubusercontent.com:443)
 ---> System.Net.Sockets.SocketException (11001): Hôte inconnu.
   at System.Net.Sockets.Socket.AwaitableSocketAsyncEventArgs.ThrowException(SocketError error, CancellationToken cancellationToken)
   at System.Net.Sockets.Socket.AwaitableSocketAsyncEventArgs.System.Threading.Tasks.Sources.IValueTaskSource.GetResult(Int16 token)
   at System.Net.Sockets.Socket.<ConnectAsync>g__WaitForConnectWithCancellation|285_0(AwaitableSocketAsyncEventArgs saea, ValueTask connectTask, CancellationToken cancellationToken)
   at System.Net.Http.HttpConnectionPool.ConnectToTcpHostAsync(String host, Int32 port, HttpRequestMessage initialRequest, Boolean async, CancellationToken cancellationToken)
   --- End of inner exception stack trace ---
   at GitHub.Services.Common.VssHttpRetryMessageHandler.SendAsync(HttpRequestMessage request, CancellationToken cancellationToken)
   at System.Net.Http.HttpClient.<SendAsync>g__Core|83_0(HttpRequestMessage request, HttpCompletionOption completionOption, CancellationTokenSource cts, Boolean disposeCts, CancellationTokenSource pendingRequestsCts, CancellationToken originalCancellationToken)
   at GitHub.Services.OAuth.VssOAuthTokenHttpClient.GetTokenAsync(VssOAuthGrant grant, VssOAuthClientCredential credential, VssOAuthTokenParameters tokenParameters, CancellationToken cancellationToken)
   at GitHub.Services.OAuth.VssOAuthTokenProvider.OnGetTokenAsync(IssuedToken failedToken, CancellationToken cancellationToken)
   at GitHub.Services.Common.IssuedTokenProvider.GetTokenOperation.GetTokenAsync(VssTraceActivity traceActivity)
   at GitHub.Services.Common.IssuedTokenProvider.GetTokenAsync(IssuedToken failedToken, CancellationToken cancellationToken)
   at GitHub.Services.Common.RawHttpMessageHandler.SendAsync(HttpRequestMessage request, CancellationToken cancellationToken)
   at GitHub.Services.Common.VssHttpRetryMessageHandler.SendAsync(HttpRequestMessage request, CancellationToken cancellationToken)
[2025-12-15 00:15:25Z ERR  BrokerServer] Catch exception during request
[2025-12-15 00:15:25Z ERR  BrokerServer] System.Net.Http.HttpRequestException: Hôte inconnu. (tokenghub.actions.githubusercontent.com:443)
 ---> System.Net.Sockets.SocketException (11001): Hôte inconnu.
   at System.Net.Sockets.Socket.AwaitableSocketAsyncEventArgs.ThrowException(SocketError error, CancellationToken cancellationToken)
   at System.Net.Sockets.Socket.AwaitableSocketAsyncEventArgs.System.Threading.Tasks.Sources.IValueTaskSource.GetResult(Int16 token)
   at System.Net.Sockets.Socket.<ConnectAsync>g__WaitForConnectWithCancellation|285_0(AwaitableSocketAsyncEventArgs saea, ValueTask connectTask, CancellationToken cancellationToken)
   at System.Net.Http.HttpConnectionPool.ConnectToTcpHostAsync(String host, Int32 port, HttpRequestMessage initialRequest, Boolean async, CancellationToken cancellationToken)
   --- End of inner exception stack trace ---
   at GitHub.Services.Common.VssHttpRetryMessageHandler.SendAsync(HttpRequestMessage request, CancellationToken cancellationToken)
   at System.Net.Http.HttpClient.<SendAsync>g__Core|83_0(HttpRequestMessage request, HttpCompletionOption completionOption, CancellationTokenSource cts, Boolean disposeCts, CancellationTokenSource pendingRequestsCts, CancellationToken originalCancellationToken)
   at Sdk.WebApi.WebApi.RawHttpClientBase.SendAsync(HttpRequestMessage message, HttpCompletionOption completionOption, Object userState, CancellationToken cancellationToken)
   at Sdk.WebApi.WebApi.RawHttpClientBase.SendAsync[T](HttpRequestMessage message, Boolean readErrorBody, Object userState, CancellationToken cancellationToken)
   at Sdk.WebApi.WebApi.RawHttpClientBase.SendAsync[T](HttpMethod method, IEnumerable`1 additionalHeaders, Uri requestUri, HttpContent content, IEnumerable`1 queryParameters, Boolean readErrorBody, Object userState, CancellationToken cancellationToken)
   at GitHub.Actions.RunService.WebApi.BrokerHttpClient.GetRunnerMessageAsync(Nullable`1 sessionId, String runnerVersion, Nullable`1 status, String os, String architecture, Nullable`1 disableUpdate, CancellationToken cancellationToken)
   at GitHub.Runner.Common.BrokerServer.<>c__DisplayClass7_0.<<GetRunnerMessageAsync>b__0>d.MoveNext()
--- End of stack trace from previous location ---
   at GitHub.Runner.Common.RunnerService.RetryRequest[T](Func`1 func, CancellationToken cancellationToken, Int32 maxAttempts, Func`2 shouldRetry)
[2025-12-15 00:15:25Z ERR  BrokerServer] #####################################################
[2025-12-15 00:15:25Z ERR  BrokerServer] System.Net.Sockets.SocketException (11001): Hôte inconnu.
   at System.Net.Sockets.Socket.AwaitableSocketAsyncEventArgs.ThrowException(SocketError error, CancellationToken cancellationToken)
   at System.Net.Sockets.Socket.AwaitableSocketAsyncEventArgs.System.Threading.Tasks.Sources.IValueTaskSource.GetResult(Int16 token)
   at System.Net.Sockets.Socket.<ConnectAsync>g__WaitForConnectWithCancellation|285_0(AwaitableSocketAsyncEventArgs saea, ValueTask connectTask, CancellationToken cancellationToken)
   at System.Net.Http.HttpConnectionPool.ConnectToTcpHostAsync(String host, Int32 port, HttpRequestMessage initialRequest, Boolean async, CancellationToken cancellationToken)
[2025-12-15 00:15:25Z WARN BrokerServer] Back off 10.754 seconds before next retry. 2 attempt left.
[2025-12-15 00:15:36Z INFO RSAEncryptedFileKeyManager] Loading RSA key parameters from file C:\Users\21265\user-management\actions-runner\.credentials_rsaparams
[2025-12-15 00:15:36Z ERR  GitHubActionsService] POST request to https://tokenghub.actions.githubusercontent.com/_apis/oauth2/token/2457a419-b3a4-4944-b597-5d61a980a51a failed. System.Net.Http.HttpRequestException: Hôte inconnu. (tokenghub.actions.githubusercontent.com:443)
 ---> System.Net.Sockets.SocketException (11001): Hôte inconnu.
   at System.Net.Sockets.Socket.AwaitableSocketAsyncEventArgs.ThrowException(SocketError error, CancellationToken cancellationToken)
   at System.Net.Sockets.Socket.AwaitableSocketAsyncEventArgs.System.Threading.Tasks.Sources.IValueTaskSource.GetResult(Int16 token)
   at System.Net.Sockets.Socket.<ConnectAsync>g__WaitForConnectWithCancellation|285_0(AwaitableSocketAsyncEventArgs saea, ValueTask connectTask, CancellationToken cancellationToken)
   at System.Net.Http.HttpConnectionPool.ConnectToTcpHostAsync(String host, Int32 port, HttpRequestMessage initialRequest, Boolean async, CancellationToken cancellationToken)
   --- End of inner exception stack trace ---
   at System.Net.Http.HttpConnectionPool.ConnectToTcpHostAsync(String host, Int32 port, HttpRequestMessage initialRequest, Boolean async, CancellationToken cancellationToken)
   at System.Net.Http.HttpConnectionPool.ConnectAsync(HttpRequestMessage request, Boolean async, CancellationToken cancellationToken)
   at System.Net.Http.HttpConnectionPool.CreateHttp11ConnectionAsync(HttpRequestMessage request, Boolean async, CancellationToken cancellationToken)
   at System.Net.Http.HttpConnectionPool.AddHttp11ConnectionAsync(QueueItem queueItem)
   at System.Threading.Tasks.TaskCompletionSourceWithCancellation`1.WaitWithCancellationAsync(CancellationToken cancellationToken)
   at System.Net.Http.HttpConnectionPool.SendWithVersionDetectionAndRetryAsync(HttpRequestMessage request, Boolean async, Boolean doRequestAuth, CancellationToken cancellationToken)
   at System.Net.Http.RedirectHandler.SendAsync(HttpRequestMessage request, Boolean async, CancellationToken cancellationToken)
   at GitHub.Services.Common.VssHttpRetryMessageHandler.SendAsync(HttpRequestMessage request, CancellationToken cancellationToken)
[2025-12-15 00:15:36Z ERR  GitHubActionsService] GET request to https://broker.actions.githubusercontent.com/message?sessionId=f2d060ac-ef2b-461c-8dfd-3c63a76a15cb&status=Online&runnerVersion=2.329.0&os=Windows&architecture=X64&disableUpdate=false failed. System.Net.Http.HttpRequestException: Hôte inconnu. (tokenghub.actions.githubusercontent.com:443)
 ---> System.Net.Sockets.SocketException (11001): Hôte inconnu.
   at System.Net.Sockets.Socket.AwaitableSocketAsyncEventArgs.ThrowException(SocketError error, CancellationToken cancellationToken)
   at System.Net.Sockets.Socket.AwaitableSocketAsyncEventArgs.System.Threading.Tasks.Sources.IValueTaskSource.GetResult(Int16 token)
   at System.Net.Sockets.Socket.<ConnectAsync>g__WaitForConnectWithCancellation|285_0(AwaitableSocketAsyncEventArgs saea, ValueTask connectTask, CancellationToken cancellationToken)
   at System.Net.Http.HttpConnectionPool.ConnectToTcpHostAsync(String host, Int32 port, HttpRequestMessage initialRequest, Boolean async, CancellationToken cancellationToken)
   --- End of inner exception stack trace ---
   at GitHub.Services.Common.VssHttpRetryMessageHandler.SendAsync(HttpRequestMessage request, CancellationToken cancellationToken)
   at System.Net.Http.HttpClient.<SendAsync>g__Core|83_0(HttpRequestMessage request, HttpCompletionOption completionOption, CancellationTokenSource cts, Boolean disposeCts, CancellationTokenSource pendingRequestsCts, CancellationToken originalCancellationToken)
   at GitHub.Services.OAuth.VssOAuthTokenHttpClient.GetTokenAsync(VssOAuthGrant grant, VssOAuthClientCredential credential, VssOAuthTokenParameters tokenParameters, CancellationToken cancellationToken)
   at GitHub.Services.OAuth.VssOAuthTokenProvider.OnGetTokenAsync(IssuedToken failedToken, CancellationToken cancellationToken)
   at GitHub.Services.Common.IssuedTokenProvider.GetTokenOperation.GetTokenAsync(VssTraceActivity traceActivity)
   at GitHub.Services.Common.IssuedTokenProvider.GetTokenAsync(IssuedToken failedToken, CancellationToken cancellationToken)
   at GitHub.Services.Common.RawHttpMessageHandler.SendAsync(HttpRequestMessage request, CancellationToken cancellationToken)
   at GitHub.Services.Common.VssHttpRetryMessageHandler.SendAsync(HttpRequestMessage request, CancellationToken cancellationToken)
[2025-12-15 00:15:36Z ERR  BrokerServer] Catch exception during request
[2025-12-15 00:15:36Z ERR  BrokerServer] System.Net.Http.HttpRequestException: Hôte inconnu. (tokenghub.actions.githubusercontent.com:443)
 ---> System.Net.Sockets.SocketException (11001): Hôte inconnu.
   at System.Net.Sockets.Socket.AwaitableSocketAsyncEventArgs.ThrowException(SocketError error, CancellationToken cancellationToken)
   at System.Net.Sockets.Socket.AwaitableSocketAsyncEventArgs.System.Threading.Tasks.Sources.IValueTaskSource.GetResult(Int16 token)
   at System.Net.Sockets.Socket.<ConnectAsync>g__WaitForConnectWithCancellation|285_0(AwaitableSocketAsyncEventArgs saea, ValueTask connectTask, CancellationToken cancellationToken)
   at System.Net.Http.HttpConnectionPool.ConnectToTcpHostAsync(String host, Int32 port, HttpRequestMessage initialRequest, Boolean async, CancellationToken cancellationToken)
   --- End of inner exception stack trace ---
   at GitHub.Services.Common.VssHttpRetryMessageHandler.SendAsync(HttpRequestMessage request, CancellationToken cancellationToken)
   at System.Net.Http.HttpClient.<SendAsync>g__Core|83_0(HttpRequestMessage request, HttpCompletionOption completionOption, CancellationTokenSource cts, Boolean disposeCts, CancellationTokenSource pendingRequestsCts, CancellationToken originalCancellationToken)
   at Sdk.WebApi.WebApi.RawHttpClientBase.SendAsync(HttpRequestMessage message, HttpCompletionOption completionOption, Object userState, CancellationToken cancellationToken)
   at Sdk.WebApi.WebApi.RawHttpClientBase.SendAsync[T](HttpRequestMessage message, Boolean readErrorBody, Object userState, CancellationToken cancellationToken)
   at Sdk.WebApi.WebApi.RawHttpClientBase.SendAsync[T](HttpMethod method, IEnumerable`1 additionalHeaders, Uri requestUri, HttpContent content, IEnumerable`1 queryParameters, Boolean readErrorBody, Object userState, CancellationToken cancellationToken)
   at GitHub.Actions.RunService.WebApi.BrokerHttpClient.GetRunnerMessageAsync(Nullable`1 sessionId, String runnerVersion, Nullable`1 status, String os, String architecture, Nullable`1 disableUpdate, CancellationToken cancellationToken)
   at GitHub.Runner.Common.BrokerServer.<>c__DisplayClass7_0.<<GetRunnerMessageAsync>b__0>d.MoveNext()
--- End of stack trace from previous location ---
   at GitHub.Runner.Common.RunnerService.RetryRequest[T](Func`1 func, CancellationToken cancellationToken, Int32 maxAttempts, Func`2 shouldRetry)
[2025-12-15 00:15:36Z ERR  BrokerServer] #####################################################
[2025-12-15 00:15:36Z ERR  BrokerServer] System.Net.Sockets.SocketException (11001): Hôte inconnu.
   at System.Net.Sockets.Socket.AwaitableSocketAsyncEventArgs.ThrowException(SocketError error, CancellationToken cancellationToken)
   at System.Net.Sockets.Socket.AwaitableSocketAsyncEventArgs.System.Threading.Tasks.Sources.IValueTaskSource.GetResult(Int16 token)
   at System.Net.Sockets.Socket.<ConnectAsync>g__WaitForConnectWithCancellation|285_0(AwaitableSocketAsyncEventArgs saea, ValueTask connectTask, CancellationToken cancellationToken)
   at System.Net.Http.HttpConnectionPool.ConnectToTcpHostAsync(String host, Int32 port, HttpRequestMessage initialRequest, Boolean async, CancellationToken cancellationToken)
[2025-12-15 00:15:36Z WARN BrokerServer] Back off 13.882 seconds before next retry. 1 attempt left.
[2025-12-15 00:15:50Z INFO RSAEncryptedFileKeyManager] Loading RSA key parameters from file C:\Users\21265\user-management\actions-runner\.credentials_rsaparams
[2025-12-15 00:15:50Z ERR  GitHubActionsService] POST request to https://tokenghub.actions.githubusercontent.com/_apis/oauth2/token/2457a419-b3a4-4944-b597-5d61a980a51a failed. System.Net.Http.HttpRequestException: Hôte inconnu. (tokenghub.actions.githubusercontent.com:443)
 ---> System.Net.Sockets.SocketException (11001): Hôte inconnu.
   at System.Net.Sockets.Socket.AwaitableSocketAsyncEventArgs.ThrowException(SocketError error, CancellationToken cancellationToken)
   at System.Net.Sockets.Socket.AwaitableSocketAsyncEventArgs.System.Threading.Tasks.Sources.IValueTaskSource.GetResult(Int16 token)
   at System.Net.Sockets.Socket.<ConnectAsync>g__WaitForConnectWithCancellation|285_0(AwaitableSocketAsyncEventArgs saea, ValueTask connectTask, CancellationToken cancellationToken)
   at System.Net.Http.HttpConnectionPool.ConnectToTcpHostAsync(String host, Int32 port, HttpRequestMessage initialRequest, Boolean async, CancellationToken cancellationToken)
   --- End of inner exception stack trace ---
   at System.Net.Http.HttpConnectionPool.ConnectToTcpHostAsync(String host, Int32 port, HttpRequestMessage initialRequest, Boolean async, CancellationToken cancellationToken)
   at System.Net.Http.HttpConnectionPool.ConnectAsync(HttpRequestMessage request, Boolean async, CancellationToken cancellationToken)
   at System.Net.Http.HttpConnectionPool.CreateHttp11ConnectionAsync(HttpRequestMessage request, Boolean async, CancellationToken cancellationToken)
   at System.Net.Http.HttpConnectionPool.AddHttp11ConnectionAsync(QueueItem queueItem)
   at System.Threading.Tasks.TaskCompletionSourceWithCancellation`1.WaitWithCancellationAsync(CancellationToken cancellationToken)
   at System.Net.Http.HttpConnectionPool.SendWithVersionDetectionAndRetryAsync(HttpRequestMessage request, Boolean async, Boolean doRequestAuth, CancellationToken cancellationToken)
   at System.Net.Http.RedirectHandler.SendAsync(HttpRequestMessage request, Boolean async, CancellationToken cancellationToken)
   at GitHub.Services.Common.VssHttpRetryMessageHandler.SendAsync(HttpRequestMessage request, CancellationToken cancellationToken)
[2025-12-15 00:15:50Z ERR  GitHubActionsService] GET request to https://broker.actions.githubusercontent.com/message?sessionId=f2d060ac-ef2b-461c-8dfd-3c63a76a15cb&status=Online&runnerVersion=2.329.0&os=Windows&architecture=X64&disableUpdate=false failed. System.Net.Http.HttpRequestException: Hôte inconnu. (tokenghub.actions.githubusercontent.com:443)
 ---> System.Net.Sockets.SocketException (11001): Hôte inconnu.
   at System.Net.Sockets.Socket.AwaitableSocketAsyncEventArgs.ThrowException(SocketError error, CancellationToken cancellationToken)
   at System.Net.Sockets.Socket.AwaitableSocketAsyncEventArgs.System.Threading.Tasks.Sources.IValueTaskSource.GetResult(Int16 token)
   at System.Net.Sockets.Socket.<ConnectAsync>g__WaitForConnectWithCancellation|285_0(AwaitableSocketAsyncEventArgs saea, ValueTask connectTask, CancellationToken cancellationToken)
   at System.Net.Http.HttpConnectionPool.ConnectToTcpHostAsync(String host, Int32 port, HttpRequestMessage initialRequest, Boolean async, CancellationToken cancellationToken)
   --- End of inner exception stack trace ---
   at GitHub.Services.Common.VssHttpRetryMessageHandler.SendAsync(HttpRequestMessage request, CancellationToken cancellationToken)
   at System.Net.Http.HttpClient.<SendAsync>g__Core|83_0(HttpRequestMessage request, HttpCompletionOption completionOption, CancellationTokenSource cts, Boolean disposeCts, CancellationTokenSource pendingRequestsCts, CancellationToken originalCancellationToken)
   at GitHub.Services.OAuth.VssOAuthTokenHttpClient.GetTokenAsync(VssOAuthGrant grant, VssOAuthClientCredential credential, VssOAuthTokenParameters tokenParameters, CancellationToken cancellationToken)
   at GitHub.Services.OAuth.VssOAuthTokenProvider.OnGetTokenAsync(IssuedToken failedToken, CancellationToken cancellationToken)
   at GitHub.Services.Common.IssuedTokenProvider.GetTokenOperation.GetTokenAsync(VssTraceActivity traceActivity)
   at GitHub.Services.Common.IssuedTokenProvider.GetTokenAsync(IssuedToken failedToken, CancellationToken cancellationToken)
   at GitHub.Services.Common.RawHttpMessageHandler.SendAsync(HttpRequestMessage request, CancellationToken cancellationToken)
   at GitHub.Services.Common.VssHttpRetryMessageHandler.SendAsync(HttpRequestMessage request, CancellationToken cancellationToken)
[2025-12-15 00:15:50Z ERR  BrokerMessageListener] Catch exception during get next message.
[2025-12-15 00:15:50Z ERR  BrokerMessageListener] System.Net.Http.HttpRequestException: Hôte inconnu. (tokenghub.actions.githubusercontent.com:443)
 ---> System.Net.Sockets.SocketException (11001): Hôte inconnu.
   at System.Net.Sockets.Socket.AwaitableSocketAsyncEventArgs.ThrowException(SocketError error, CancellationToken cancellationToken)
   at System.Net.Sockets.Socket.AwaitableSocketAsyncEventArgs.System.Threading.Tasks.Sources.IValueTaskSource.GetResult(Int16 token)
   at System.Net.Sockets.Socket.<ConnectAsync>g__WaitForConnectWithCancellation|285_0(AwaitableSocketAsyncEventArgs saea, ValueTask connectTask, CancellationToken cancellationToken)
   at System.Net.Http.HttpConnectionPool.ConnectToTcpHostAsync(String host, Int32 port, HttpRequestMessage initialRequest, Boolean async, CancellationToken cancellationToken)
   --- End of inner exception stack trace ---
   at GitHub.Services.Common.VssHttpRetryMessageHandler.SendAsync(HttpRequestMessage request, CancellationToken cancellationToken)
   at System.Net.Http.HttpClient.<SendAsync>g__Core|83_0(HttpRequestMessage request, HttpCompletionOption completionOption, CancellationTokenSource cts, Boolean disposeCts, CancellationTokenSource pendingRequestsCts, CancellationToken originalCancellationToken)
   at Sdk.WebApi.WebApi.RawHttpClientBase.SendAsync(HttpRequestMessage message, HttpCompletionOption completionOption, Object userState, CancellationToken cancellationToken)
   at Sdk.WebApi.WebApi.RawHttpClientBase.SendAsync[T](HttpRequestMessage message, Boolean readErrorBody, Object userState, CancellationToken cancellationToken)
   at Sdk.WebApi.WebApi.RawHttpClientBase.SendAsync[T](HttpMethod method, IEnumerable`1 additionalHeaders, Uri requestUri, HttpContent content, IEnumerable`1 queryParameters, Boolean readErrorBody, Object userState, CancellationToken cancellationToken)
   at GitHub.Actions.RunService.WebApi.BrokerHttpClient.GetRunnerMessageAsync(Nullable`1 sessionId, String runnerVersion, Nullable`1 status, String os, String architecture, Nullable`1 disableUpdate, CancellationToken cancellationToken)
   at GitHub.Runner.Common.BrokerServer.<>c__DisplayClass7_0.<<GetRunnerMessageAsync>b__0>d.MoveNext()
--- End of stack trace from previous location ---
   at GitHub.Runner.Common.RunnerService.RetryRequest[T](Func`1 func, CancellationToken cancellationToken, Int32 maxAttempts, Func`2 shouldRetry)
   at GitHub.Runner.Listener.BrokerMessageListener.GetNextMessageAsync(CancellationToken token)
[2025-12-15 00:15:50Z ERR  BrokerMessageListener] #####################################################
[2025-12-15 00:15:50Z ERR  BrokerMessageListener] System.Net.Sockets.SocketException (11001): Hôte inconnu.
   at System.Net.Sockets.Socket.AwaitableSocketAsyncEventArgs.ThrowException(SocketError error, CancellationToken cancellationToken)
   at System.Net.Sockets.Socket.AwaitableSocketAsyncEventArgs.System.Threading.Tasks.Sources.IValueTaskSource.GetResult(Int16 token)
   at System.Net.Sockets.Socket.<ConnectAsync>g__WaitForConnectWithCancellation|285_0(AwaitableSocketAsyncEventArgs saea, ValueTask connectTask, CancellationToken cancellationToken)
   at System.Net.Http.HttpConnectionPool.ConnectToTcpHostAsync(String host, Int32 port, HttpRequestMessage initialRequest, Boolean async, CancellationToken cancellationToken)
[2025-12-15 00:15:50Z INFO BrokerMessageListener] Retriable exception: Hôte inconnu. (tokenghub.actions.githubusercontent.com:443)
[2025-12-15 00:15:50Z INFO JobDispatcher] Shutting down JobDispatcher. Make sure all WorkerDispatcher has finished.
[2025-12-15 00:15:50Z INFO JobDispatcher] Ensure WorkerDispatcher for job dd773232-f536-5565-8d63-8f5c41e78f80 run to finish, cancel any running job.
[2025-12-15 00:15:50Z INFO JobDispatcher] Job request dd773232-f536-5565-8d63-8f5c41e78f80 processed succeed.
[2025-12-15 00:15:50Z INFO Runner] Deleting Runner Session...
[2025-12-15 00:15:50Z INFO RSAEncryptedFileKeyManager] Loading RSA key parameters from file C:\Users\21265\user-management\actions-runner\.credentials_rsaparams
[2025-12-15 00:15:50Z ERR  GitHubActionsService] POST request to https://tokenghub.actions.githubusercontent.com/_apis/oauth2/token/2457a419-b3a4-4944-b597-5d61a980a51a failed. System.Net.Http.HttpRequestException: Hôte inconnu. (tokenghub.actions.githubusercontent.com:443)
 ---> System.Net.Sockets.SocketException (11001): Hôte inconnu.
   at System.Net.Sockets.Socket.AwaitableSocketAsyncEventArgs.ThrowException(SocketError error, CancellationToken cancellationToken)
   at System.Net.Sockets.Socket.AwaitableSocketAsyncEventArgs.System.Threading.Tasks.Sources.IValueTaskSource.GetResult(Int16 token)
   at System.Net.Sockets.Socket.<ConnectAsync>g__WaitForConnectWithCancellation|285_0(AwaitableSocketAsyncEventArgs saea, ValueTask connectTask, CancellationToken cancellationToken)
   at System.Net.Http.HttpConnectionPool.ConnectToTcpHostAsync(String host, Int32 port, HttpRequestMessage initialRequest, Boolean async, CancellationToken cancellationToken)
   --- End of inner exception stack trace ---
   at System.Net.Http.HttpConnectionPool.ConnectToTcpHostAsync(String host, Int32 port, HttpRequestMessage initialRequest, Boolean async, CancellationToken cancellationToken)
   at System.Net.Http.HttpConnectionPool.ConnectAsync(HttpRequestMessage request, Boolean async, CancellationToken cancellationToken)
   at System.Net.Http.HttpConnectionPool.CreateHttp11ConnectionAsync(HttpRequestMessage request, Boolean async, CancellationToken cancellationToken)
   at System.Net.Http.HttpConnectionPool.AddHttp11ConnectionAsync(QueueItem queueItem)
   at System.Threading.Tasks.TaskCompletionSourceWithCancellation`1.WaitWithCancellationAsync(CancellationToken cancellationToken)
   at System.Net.Http.HttpConnectionPool.SendWithVersionDetectionAndRetryAsync(HttpRequestMessage request, Boolean async, Boolean doRequestAuth, CancellationToken cancellationToken)
   at System.Net.Http.RedirectHandler.SendAsync(HttpRequestMessage request, Boolean async, CancellationToken cancellationToken)
   at GitHub.Services.Common.VssHttpRetryMessageHandler.SendAsync(HttpRequestMessage request, CancellationToken cancellationToken)
[2025-12-15 00:15:50Z ERR  GitHubActionsService] DELETE request to https://broker.actions.githubusercontent.com/session failed. System.Net.Http.HttpRequestException: Hôte inconnu. (tokenghub.actions.githubusercontent.com:443)
 ---> System.Net.Sockets.SocketException (11001): Hôte inconnu.
   at System.Net.Sockets.Socket.AwaitableSocketAsyncEventArgs.ThrowException(SocketError error, CancellationToken cancellationToken)
   at System.Net.Sockets.Socket.AwaitableSocketAsyncEventArgs.System.Threading.Tasks.Sources.IValueTaskSource.GetResult(Int16 token)
   at System.Net.Sockets.Socket.<ConnectAsync>g__WaitForConnectWithCancellation|285_0(AwaitableSocketAsyncEventArgs saea, ValueTask connectTask, CancellationToken cancellationToken)
   at System.Net.Http.HttpConnectionPool.ConnectToTcpHostAsync(String host, Int32 port, HttpRequestMessage initialRequest, Boolean async, CancellationToken cancellationToken)
   --- End of inner exception stack trace ---
   at GitHub.Services.Common.VssHttpRetryMessageHandler.SendAsync(HttpRequestMessage request, CancellationToken cancellationToken)
   at System.Net.Http.HttpClient.<SendAsync>g__Core|83_0(HttpRequestMessage request, HttpCompletionOption completionOption, CancellationTokenSource cts, Boolean disposeCts, CancellationTokenSource pendingRequestsCts, CancellationToken originalCancellationToken)
   at GitHub.Services.OAuth.VssOAuthTokenHttpClient.GetTokenAsync(VssOAuthGrant grant, VssOAuthClientCredential credential, VssOAuthTokenParameters tokenParameters, CancellationToken cancellationToken)
   at GitHub.Services.OAuth.VssOAuthTokenProvider.OnGetTokenAsync(IssuedToken failedToken, CancellationToken cancellationToken)
   at GitHub.Services.Common.IssuedTokenProvider.GetTokenOperation.GetTokenAsync(VssTraceActivity traceActivity)
   at GitHub.Services.Common.IssuedTokenProvider.GetTokenAsync(IssuedToken failedToken, CancellationToken cancellationToken)
   at GitHub.Services.Common.RawHttpMessageHandler.SendAsync(HttpRequestMessage request, CancellationToken cancellationToken)
   at GitHub.Services.Common.VssHttpRetryMessageHandler.SendAsync(HttpRequestMessage request, CancellationToken cancellationToken)
[2025-12-15 00:15:50Z ERR  Terminal] WRITE ERROR: An error occurred: Hôte inconnu. (tokenghub.actions.githubusercontent.com:443)
[2025-12-15 00:15:50Z ERR  Listener] System.Net.Http.HttpRequestException: Hôte inconnu. (tokenghub.actions.githubusercontent.com:443)
 ---> System.Net.Sockets.SocketException (11001): Hôte inconnu.
   at System.Net.Sockets.Socket.AwaitableSocketAsyncEventArgs.ThrowException(SocketError error, CancellationToken cancellationToken)
   at System.Net.Sockets.Socket.AwaitableSocketAsyncEventArgs.System.Threading.Tasks.Sources.IValueTaskSource.GetResult(Int16 token)
   at System.Net.Sockets.Socket.<ConnectAsync>g__WaitForConnectWithCancellation|285_0(AwaitableSocketAsyncEventArgs saea, ValueTask connectTask, CancellationToken cancellationToken)
   at System.Net.Http.HttpConnectionPool.ConnectToTcpHostAsync(String host, Int32 port, HttpRequestMessage initialRequest, Boolean async, CancellationToken cancellationToken)
   --- End of inner exception stack trace ---
   at GitHub.Services.Common.VssHttpRetryMessageHandler.SendAsync(HttpRequestMessage request, CancellationToken cancellationToken)
   at System.Net.Http.HttpClient.<SendAsync>g__Core|83_0(HttpRequestMessage request, HttpCompletionOption completionOption, CancellationTokenSource cts, Boolean disposeCts, CancellationTokenSource pendingRequestsCts, CancellationToken originalCancellationToken)
   at Sdk.WebApi.WebApi.RawHttpClientBase.SendAsync(HttpRequestMessage message, HttpCompletionOption completionOption, Object userState, CancellationToken cancellationToken)
   at Sdk.WebApi.WebApi.RawHttpClientBase.SendAsync[T](HttpRequestMessage message, Boolean readErrorBody, Object userState, CancellationToken cancellationToken)
   at Sdk.WebApi.WebApi.RawHttpClientBase.SendAsync[T](HttpMethod method, IEnumerable`1 additionalHeaders, Uri requestUri, HttpContent content, IEnumerable`1 queryParameters, Boolean readErrorBody, Object userState, CancellationToken cancellationToken)
   at GitHub.Actions.RunService.WebApi.BrokerHttpClient.DeleteSessionAsync(CancellationToken cancellationToken)
   at GitHub.Runner.Common.BrokerServer.DeleteSessionAsync(CancellationToken cancellationToken)
   at GitHub.Runner.Listener.BrokerMessageListener.DeleteSessionAsync()
   at GitHub.Runner.Listener.Runner.RunAsync(RunnerSettings settings, Boolean runOnce)
   at GitHub.Runner.Listener.Runner.ExecuteRunnerAsync(RunnerSettings settings, Boolean runOnce)
   at GitHub.Runner.Listener.Runner.ExecuteCommand(CommandSettings command)
   at GitHub.Runner.Listener.Program.MainAsync(IHostContext context, String[] args)
[2025-12-15 00:15:50Z ERR  Listener] #####################################################
[2025-12-15 00:15:50Z ERR  Listener] System.Net.Sockets.SocketException (11001): Hôte inconnu.
   at System.Net.Sockets.Socket.AwaitableSocketAsyncEventArgs.ThrowException(SocketError error, CancellationToken cancellationToken)
   at System.Net.Sockets.Socket.AwaitableSocketAsyncEventArgs.System.Threading.Tasks.Sources.IValueTaskSource.GetResult(Int16 token)
   at System.Net.Sockets.Socket.<ConnectAsync>g__WaitForConnectWithCancellation|285_0(AwaitableSocketAsyncEventArgs saea, ValueTask connectTask, CancellationToken cancellationToken)
   at System.Net.Http.HttpConnectionPool.ConnectToTcpHostAsync(String host, Int32 port, HttpRequestMessage initialRequest, Boolean async, CancellationToken cancellationToken)
