[2025-12-14 22:53:40Z INFO HostContext] No proxy settings were found based on environmental variables (http_proxy/https_proxy/HTTP_PROXY/HTTPS_PROXY)
[2025-12-14 22:53:40Z INFO HostContext] Well known directory 'Bin': 'C:\Users\21265\user-management\actions-runner\bin'
[2025-12-14 22:53:40Z INFO HostContext] Well known directory 'Root': 'C:\Users\21265\user-management\actions-runner'
[2025-12-14 22:53:40Z INFO HostContext] Well known config file 'Credentials': 'C:\Users\21265\user-management\actions-runner\.credentials'
[2025-12-14 22:53:40Z INFO HostContext] Well known directory 'Bin': 'C:\Users\21265\user-management\actions-runner\bin'
[2025-12-14 22:53:40Z INFO HostContext] Well known directory 'Root': 'C:\Users\21265\user-management\actions-runner'
[2025-12-14 22:53:40Z INFO HostContext] Well known config file 'Runner': 'C:\Users\21265\user-management\actions-runner\.runner'
[2025-12-14 22:53:40Z INFO Worker] Version: 2.329.0
[2025-12-14 22:53:40Z INFO Worker] Commit: c76c59996c8fa32e989164a5a695efb12608ae5a
[2025-12-14 22:53:40Z INFO Worker] Culture: en-US
[2025-12-14 22:53:40Z INFO Worker] UI Culture: fr-FR
[2025-12-14 22:53:40Z INFO Worker] Waiting to receive the job message from the channel.
[2025-12-14 22:53:40Z INFO ProcessChannel] Receiving message of length 33072, with hash 'c0cea2447afe22c66609f8383583d024cc473d370d8ccd936e5f8052aa50b78b'
[2025-12-14 22:53:40Z INFO Worker] Message received.
[2025-12-14 22:53:41Z INFO Worker] Job message:
 {
  "fileTable": [
    ".github/workflows/build-an-deploy.yml"
  ],
  "mask": [
    {
      "type": "regex",
      "value": "***"
    },
    {
      "type": "regex",
      "value": "***"
    },
    {
      "type": "regex",
      "value": "***"
    },
    {
      "type": "regex",
      "value": "***"
    },
    {
      "type": "regex",
      "value": "***"
    },
    {
      "type": "regex",
      "value": "***"
    },
    {
      "type": "regex",
      "value": "***"
    },
    {
      "type": "regex",
      "value": "***"
    },
    {
      "type": "regex",
      "value": "***"
    },
    {
      "type": "regex",
      "value": "***"
    },
    {
      "type": "regex",
      "value": "***"
    },
    {
      "type": "regex",
      "value": "***"
    },
    {
      "type": "regex",
      "value": "***"
    },
    {
      "type": "regex",
      "value": "***"
    },
    {
      "type": "regex",
      "value": "***"
    },
    {
      "type": "regex",
      "value": "***"
    },
    {
      "type": "regex",
      "value": "***"
    },
    {
      "type": "regex",
      "value": "***"
    }
  ],
  "steps": [
    {
      "type": "action",
      "reference": {
        "type": "repository",
        "name": "actions/checkout",
        "ref": "v4",
        "repositoryType": "GitHub"
      },
      "contextName": "__actions_checkout",
      "inputs": {
        "type": 2,
        "file": 1,
        "line": 18,
        "col": 11,
        "map": [
          {
            "key": {
              "type": 0,
              "file": 1,
              "line": 18,
              "col": 11,
              "lit": "fetch-depth"
            },
            "value": {
              "type": 0,
              "file": 1,
              "line": 18,
              "col": 24,
              "lit": "0"
            }
          }
        ]
      },
      "condition": "success()",
      "id": "c6641211-fe18-4567-8a5b-c96299e9e386",
      "name": "__actions_checkout"
    },
    {
      "type": "action",
      "reference": {
        "type": "repository",
        "name": "actions/setup-java",
        "ref": "v1",
        "repositoryType": "GitHub"
      },
      "displayNameToken": {
        "type": 0,
        "file": 1,
        "line": 21,
        "col": 15,
        "lit": "Set up JDK 21"
      },
      "contextName": "__actions_setup-java",
      "inputs": {
        "type": 2,
        "file": 1,
        "line": 24,
        "col": 11,
        "map": [
          {
            "key": {
              "type": 0,
              "file": 1,
              "line": 24,
              "col": 11,
              "lit": "java-version"
            },
            "value": {
              "type": 0,
              "file": 1,
              "line": 24,
              "col": 25,
              "lit": "21"
            }
          }
        ]
      },
      "condition": "success()",
      "id": "44f97bb4-fdc0-464f-b686-aa3185f8d625",
      "name": "__actions_setup-java"
    },
    {
      "type": "action",
      "reference": {
        "type": "script"
      },
      "displayNameToken": {
        "type": 0,
        "file": 1,
        "line": 26,
        "col": 15,
        "lit": "Setup Maven"
      },
      "contextName": "__run",
      "inputs": {
        "type": 2,
        "map": [
          {
            "key": "script",
            "value": {
              "type": 0,
              "file": 1,
              "line": 28,
              "col": 14,
              "lit": "echo \"MAVEN_HOME=$env:USERPROFILE\\maven\\apache-maven-3.8.8\" >> $env:GITHUB_ENV\necho \"$env:USERPROFILE\\maven\\apache-maven-3.8.8\\bin\" >> $env:GITHUB_PATH\n"
            }
          },
          {
            "key": "shell",
            "value": {
              "type": 0,
              "file": 1,
              "line": 27,
              "col": 16,
              "lit": "powershell"
            }
          }
        ]
      },
      "condition": "success()",
      "id": "1642b25e-fab0-4b0c-80e3-078fd794556b",
      "name": "__run"
    },
    {
      "type": "action",
      "reference": {
        "type": "script"
      },
      "displayNameToken": {
        "type": 0,
        "file": 1,
        "line": 49,
        "col": 15,
        "lit": "Build and analyze"
      },
      "contextName": "__run_2",
      "environment": {
        "type": 2,
        "file": 1,
        "line": 51,
        "col": 11,
        "map": [
          {
            "key": {
              "type": 0,
              "file": 1,
              "line": 51,
              "col": 11,
              "lit": "SONAR_TOKEN"
            },
            "value": {
              "type": 3,
              "file": 1,
              "line": 51,
              "col": 24,
              "expr": "secrets.SONAR_TOKEN"
            }
          },
          {
            "key": {
              "type": 0,
              "file": 1,
              "line": 52,
              "col": 11,
              "lit": "SONAR_HOST_URL"
            },
            "value": {
              "type": 3,
              "file": 1,
              "line": 52,
              "col": 27,
              "expr": "secrets.SONAR_HOST_URL"
            }
          }
        ]
      },
      "inputs": {
        "type": 2,
        "map": [
          {
            "key": "script",
            "value": {
              "type": 0,
              "file": 1,
              "line": 53,
              "col": 14,
              "lit": "mvn -B verify sonar:sonar -Dsonar.project.settings=./sonar-project.properties\n"
            }
          },
          {
            "key": "shell",
            "value": {
              "type": 0,
              "file": 1,
              "line": 55,
              "col": 16,
              "lit": "cmd"
            }
          }
        ]
      },
      "condition": "success()",
      "id": "851be9d4-299f-4484-a9c2-21d378d32709",
      "name": "__run_2"
    },
    {
      "type": "action",
      "reference": {
        "type": "script"
      },
      "displayNameToken": {
        "type": 0,
        "file": 1,
        "line": 58,
        "col": 15,
        "lit": "Build Docker image"
      },
      "contextName": "__run_3",
      "inputs": {
        "type": 2,
        "map": [
          {
            "key": "script",
            "value": {
              "type": 0,
              "file": 1,
              "line": 59,
              "col": 14,
              "lit": "docker build -t carikk/quality-gate:latest .\n"
            }
          }
        ]
      },
      "condition": "success()",
      "id": "3e85e4e8-a934-4dac-8f08-fd0ac8152b41",
      "name": "__run_3"
    },
    {
      "type": "action",
      "reference": {
        "type": "script"
      },
      "displayNameToken": {
        "type": 0,
        "file": 1,
        "line": 63,
        "col": 15,
        "lit": "Log in to DockerHub"
      },
      "contextName": "__run_4",
      "inputs": {
        "type": 2,
        "map": [
          {
            "key": "script",
            "value": {
              "type": 3,
              "file": 1,
              "line": 65,
              "col": 14,
              "expr": "format('docker login -u \"{0}\" -p \"{1}\"\n', secrets.DOCKER_USERNAME, secrets.DOCKER_PASSWORD)"
            }
          },
          {
            "key": "shell",
            "value": {
              "type": 0,
              "file": 1,
              "line": 64,
              "col": 16,
              "lit": "powershell"
            }
          }
        ]
      },
      "condition": "success()",
      "id": "5510d90c-8154-4756-a733-ff320b60053a",
      "name": "__run_4"
    },
    {
      "type": "action",
      "reference": {
        "type": "script"
      },
      "displayNameToken": {
        "type": 0,
        "file": 1,
        "line": 67,
        "col": 15,
        "lit": "Push Docker image"
      },
      "contextName": "__run_5",
      "inputs": {
        "type": 2,
        "map": [
          {
            "key": "script",
            "value": {
              "type": 0,
              "file": 1,
              "line": 68,
              "col": 14,
              "lit": "docker push carikk/quality-gate:latest\n"
            }
          }
        ]
      },
      "condition": "success()",
      "id": "7b3c18fb-985d-4593-ac13-af45472208bc",
      "name": "__run_5"
    },
    {
      "type": "action",
      "reference": {
        "type": "script"
      },
      "displayNameToken": {
        "type": 0,
        "file": 1,
        "line": 73,
        "col": 15,
        "lit": "Set up kubeconfig"
      },
      "contextName": "__run_6",
      "inputs": {
        "type": 2,
        "map": [
          {
            "key": "script",
            "value": {
              "type": 3,
              "file": 1,
              "line": 74,
              "col": 14,
              "expr": "format('echo \"{0}\" > $HOME/.kube/config\nkubectl config use-context docker-desktop  # Set context to docker-desktop\nkubectl config set-context --current --namespace=ensakh\n', secrets.KUBECONFIG_CONTENT)"
            }
          }
        ]
      },
      "condition": "success()",
      "id": "d44925a5-fb7c-45b0-90f5-dce2cb87429a",
      "name": "__run_6"
    },
    {
      "type": "action",
      "reference": {
        "type": "script"
      },
      "displayNameToken": {
        "type": 0,
        "file": 1,
        "line": 80,
        "col": 15,
        "lit": "Verify Kubernetes context"
      },
      "contextName": "__run_7",
      "inputs": {
        "type": 2,
        "map": [
          {
            "key": "script",
            "value": {
              "type": 0,
              "file": 1,
              "line": 81,
              "col": 14,
              "lit": "kubectl config current-context\nkubectl get namespaces\n"
            }
          }
        ]
      },
      "condition": "success()",
      "id": "4038136e-1a43-4227-a5f5-0d1c357ffb78",
      "name": "__run_7"
    },
    {
      "type": "action",
      "reference": {
        "type": "script"
      },
      "displayNameToken": {
        "type": 0,
        "file": 1,
        "line": 85,
        "col": 15,
        "lit": "Deploy to kube"
      },
      "contextName": "__run_8",
      "inputs": {
        "type": 2,
        "map": [
          {
            "key": "script",
            "value": {
              "type": 0,
              "file": 1,
              "line": 86,
              "col": 14,
              "lit": "kubectl apply -f k8s/deployment.yaml\n"
            }
          }
        ]
      },
      "condition": "success()",
      "id": "1531e013-fd55-4cfa-b2ba-89e5cc1648b6",
      "name": "__run_8"
    },
    {
      "type": "action",
      "reference": {
        "type": "script"
      },
      "displayNameToken": {
        "type": 0,
        "file": 1,
        "line": 89,
        "col": 15,
        "lit": "Verify Kubernetes context"
      },
      "contextName": "__run_9",
      "inputs": {
        "type": 2,
        "map": [
          {
            "key": "script",
            "value": {
              "type": 0,
              "file": 1,
              "line": 90,
              "col": 14,
              "lit": "kubectl config current-context\nkubectl get nodes\nkubectl get namespaces\nkubectl get pods\n"
            }
          }
        ]
      },
      "condition": "success()",
      "id": "9df7d7c1-a79b-41e9-bfbc-a916d81dee1e",
      "name": "__run_9"
    }
  ],
  "variables": {
    "Actions.EnableHttpRedirects": {
      "value": "true"
    },
    "DistributedTask.AddWarningToNode12Action": {
      "value": "true"
    },
    "DistributedTask.AddWarningToNode16Action": {
      "value": "true"
    },
    "DistributedTask.AllowRunnerContainerHooks": {
      "value": "true"
    },
    "DistributedTask.DeprecateStepOutputCommands": {
      "value": "true"
    },
    "DistributedTask.DetailUntarFailure": {
      "value": "true"
    },
    "DistributedTask.EnableCompositeActions": {
      "value": "true"
    },
    "DistributedTask.EnableJobServerQueueTelemetry": {
      "value": "true"
    },
    "DistributedTask.EnhancedAnnotations": {
      "value": "true"
    },
    "DistributedTask.ForceGithubJavascriptActionsToNode16": {
      "value": "true"
    },
    "DistributedTask.ForceGithubJavascriptActionsToNode20": {
      "value": "true"
    },
    "DistributedTask.LogTemplateErrorsAsDebugMessages": {
      "value": "true"
    },
    "DistributedTask.MarkJobAsFailedOnWorkerCrash": {
      "value": "true"
    },
    "DistributedTask.NewActionMetadata": {
      "value": "true"
    },
    "DistributedTask.UploadStepSummary": {
      "value": "true"
    },
    "DistributedTask.UseActionArchiveCache": {
      "value": "true"
    },
    "DistributedTask.UseWhich2": {
      "value": "true"
    },
    "RunService.FixEmbeddedIssues": {
      "value": "true"
    },
    "actions_add_check_run_id_to_job_context": {
      "value": "true"
    },
    "actions_container_action_runner_temp": {
      "value": "true"
    },
    "actions_display_helpful_actions_download_errors": {
      "value": "true"
    },
    "actions_skip_retry_complete_job_upon_known_errors": {
      "value": "true"
    },
    "actions_uses_cache_service_v2": {
      "value": "true"
    },
    "github_token": {
      "value": "***",
      "isSecret": true
    },
    "system.from_run_service": {
      "value": "true"
    },
    "system.github.job": {
      "value": "build"
    },
    "system.github.launch_endpoint": {
      "value": "https://launch.actions.githubusercontent.com"
    },
    "system.github.results_endpoint": {
      "value": "https://results-receiver.actions.githubusercontent.com/"
    },
    "system.github.results_upload_with_sdk": {
      "value": "true"
    },
    "system.github.token": {
      "value": "***",
      "isSecret": true
    },
    "system.github.token.permissions": {
      "value": "{\"Contents\":\"read\",\"Metadata\":\"read\",\"Packages\":\"read\"}"
    },
    "system.orchestrationId": {
      "value": "f2e8e92a-730c-47ac-83a6-11a177b0ab98.build.__default"
    },
    "system.phaseDisplayName": {
      "value": "Build, Analyze, and Deploy"
    },
    "system.runner.lowdiskspacethreshold": {
      "value": "100"
    },
    "system.runnerEnvironment": {
      "value": "self-hosted"
    },
    "system.runnerGroupName": {
      "value": "Default"
    }
  },
  "messageType": "RunnerJobRequest",
  "plan": {
    "scopeIdentifier": "00000000-0000-0000-0000-000000000000",
    "planType": "actions",
    "version": 0,
    "planId": "f2e8e92a-730c-47ac-83a6-11a177b0ab98",
    "planGroup": null,
    "artifactUri": null,
    "artifactLocation": null,
    "definition": null,
    "owner": null
  },
  "timeline": {
    "id": "f2e8e92a-730c-47ac-83a6-11a177b0ab98",
    "changeId": 0,
    "location": null
  },
  "jobId": "dd773232-f536-5565-8d63-8f5c41e78f80",
  "jobDisplayName": "Build, Analyze, and Deploy",
  "jobName": "__default",
  "requestId": 0,
  "lockedUntil": "0001-01-01T00:00:00",
  "resources": {
    "endpoints": [
      {
        "data": {
          "ServerId": "",
          "ServerName": "",
          "CacheServerUrl": "https://artifactcache.actions.githubusercontent.com/VCYmLaN4JERfWeNZ3P8fTQ1jBevWu937wyLXLTMgaAXG1gkVPp/",
          "FeedStreamUrl": "wss://results-receiver.actions.githubusercontent.com/_ws/ingest.sock",
          "ResultsServiceUrl": "https://results-receiver.actions.githubusercontent.com/",
          "PipelinesServiceUrl": "https://pipelinesghubeus22.actions.githubusercontent.com/VCYmLaN4JERfWeNZ3P8fTQ1jBevWu937wyLXLTMgaAXG1gkVPp/",
          "GenerateIdTokenUrl": ""
        },
        "name": "SystemVssConnection",
        "url": "https://run-actions-2-azure-eastus.actions.githubusercontent.com/6/",
        "authorization": {
          "parameters": {
            "AccessToken": "***"
          },
          "scheme": "OAuth"
        },
        "isShared": false,
        "isReady": true
      }
    ]
  },
  "contextData": {
    "github": {
      "t": 2,
      "d": [
        {
          "k": "ref",
          "v": "refs/heads/main"
        },
        {
          "k": "sha",
          "v": "31bff4aeb59d6ef56d44429975b004d6ebd223dc"
        },
        {
          "k": "repository",
          "v": "Ismail-Dh/user-management"
        },
        {
          "k": "repository_owner",
          "v": "Ismail-Dh"
        },
        {
          "k": "repository_owner_id",
          "v": "181781864"
        },
        {
          "k": "repositoryUrl",
          "v": "git://github.com/Ismail-Dh/user-management.git"
        },
        {
          "k": "run_id",
          "v": "20215143324"
        },
        {
          "k": "run_number",
          "v": "1"
        },
        {
          "k": "retention_days",
          "v": "90"
        },
        {
          "k": "run_attempt",
          "v": "1"
        },
        {
          "k": "artifact_cache_size_limit",
          "v": "10"
        },
        {
          "k": "repository_visibility",
          "v": "public"
        },
        {
          "k": "actor_id",
          "v": "181781864"
        },
        {
          "k": "actor",
          "v": "Ismail-Dh"
        },
        {
          "k": "workflow",
          "v": "Build and Deploy"
        },
        {
          "k": "head_ref",
          "v": ""
        },
        {
          "k": "base_ref",
          "v": ""
        },
        {
          "k": "event_name",
          "v": "push"
        },
        {
          "k": "server_url",
          "v": "https://github.com"
        },
        {
          "k": "api_url",
          "v": "https://api.github.com"
        },
        {
          "k": "graphql_url",
          "v": "https://api.github.com/graphql"
        },
        {
          "k": "ref_name",
          "v": "main"
        },
        {
          "k": "ref_protected",
          "v": false
        },
        {
          "k": "ref_type",
          "v": "branch"
        },
        {
          "k": "secret_source",
          "v": "Actions"
        },
        {
          "k": "event",
          "v": {
            "t": 2,
            "d": [
              {
                "k": "after",
                "v": "31bff4aeb59d6ef56d44429975b004d6ebd223dc"
              },
              {
                "k": "base_ref",
                "v": null
              },
              {
                "k": "before",
                "v": "0000000000000000000000000000000000000000"
              },
              {
                "k": "commits",
                "v": {
                  "t": 1,
                  "a": [
                    {
                      "t": 2,
                      "d": [
                        {
                          "k": "author",
                          "v": {
                            "t": 2,
                            "d": [
                              {
                                "k": "email",
                                "v": "yassine.bouzoubaa@ext.adeo.com"
                              },
                              {
                                "k": "name",
                                "v": "YassineBouz"
                              },
                              {
                                "k": "username",
                                "v": "YassineBouz"
                              }
                            ]
                          }
                        },
                        {
                          "k": "committer",
                          "v": {
                            "t": 2,
                            "d": [
                              {
                                "k": "email",
                                "v": "yassine.bouzoubaa@ext.adeo.com"
                              },
                              {
                                "k": "name",
                                "v": "YassineBouz"
                              },
                              {
                                "k": "username",
                                "v": "YassineBouz"
                              }
                            ]
                          }
                        },
                        {
                          "k": "distinct",
                          "v": true
                        },
                        {
                          "k": "id",
                          "v": "0f409addf56a9abcc8390183336874812d2bc8aa"
                        },
                        {
                          "k": "message",
                          "v": "first commit"
                        },
                        {
                          "k": "timestamp",
                          "v": "2024-10-07T12:54:48+02:00"
                        },
                        {
                          "k": "tree_id",
                          "v": "7434b3eedeee8e7073dca0d23c0a1fd3dbb4ce3e"
                        },
                        {
                          "k": "url",
                          "v": "https://github.com/Ismail-Dh/user-management/commit/0f409addf56a9abcc8390183336874812d2bc8aa"
                        }
                      ]
                    },
                    {
                      "t": 2,
                      "d": [
                        {
                          "k": "author",
                          "v": {
                            "t": 2,
                            "d": [
                              {
                                "k": "email",
                                "v": "yassine.bouzoubaa@ext.adeo.com"
                              },
                              {
                                "k": "name",
                                "v": "YassineBouz"
                              },
                              {
                                "k": "username",
                                "v": "YassineBouz"
                              }
                            ]
                          }
                        },
                        {
                          "k": "committer",
                          "v": {
                            "t": 2,
                            "d": [
                              {
                                "k": "email",
                                "v": "yassine.bouzoubaa@ext.adeo.com"
                              },
                              {
                                "k": "name",
                                "v": "YassineBouz"
                              },
                              {
                                "k": "username",
                                "v": "YassineBouz"
                              }
                            ]
                          }
                        },
                        {
                          "k": "distinct",
                          "v": true
                        },
                        {
                          "k": "id",
                          "v": "41e4399618fb664e7338ca146278c9ce81c307e1"
                        },
                        {
                          "k": "message",
                          "v": "add github action workflow and sonar project properties"
                        },
                        {
                          "k": "timestamp",
                          "v": "2024-10-07T15:00:42+02:00"
                        },
                        {
                          "k": "tree_id",
                          "v": "5af4e35966a71e16787e261f150cad7a6c583c5a"
                        },
                        {
                          "k": "url",
                          "v": "https://github.com/Ismail-Dh/user-management/commit/41e4399618fb664e7338ca146278c9ce81c307e1"
                        }
                      ]
                    },
                    {
                      "t": 2,
                      "d": [
                        {
                          "k": "author",
                          "v": {
                            "t": 2,
                            "d": [
                              {
                                "k": "email",
                                "v": "yassine.bouzoubaa@ext.adeo.com"
                              },
                              {
                                "k": "name",
                                "v": "YassineBouz"
                              },
                              {
                                "k": "username",
                                "v": "YassineBouz"
                              }
                            ]
                          }
                        },
                        {
                          "k": "committer",
                          "v": {
                            "t": 2,
                            "d": [
                              {
                                "k": "email",
                                "v": "yassine.bouzoubaa@ext.adeo.com"
                              },
                              {
                                "k": "name",
                                "v": "YassineBouz"
                              },
                              {
                                "k": "username",
                                "v": "YassineBouz"
                              }
                            ]
                          }
                        },
                        {
                          "k": "distinct",
                          "v": true
                        },
                        {
                          "k": "id",
                          "v": "79da4c4e6e2186211da7015e0747e9ff2175d8ee"
                        },
                        {
                          "k": "message",
                          "v": "Try deployment"
                        },
                        {
                          "k": "timestamp",
                          "v": "2024-10-09T15:52:29+02:00"
                        },
                        {
                          "k": "tree_id",
                          "v": "3e5992f5f9230f2f5f83e1bcc6f268db0ee4a95c"
                        },
                        {
                          "k": "url",
                          "v": "https://github.com/Ismail-Dh/user-management/commit/79da4c4e6e2186211da7015e0747e9ff2175d8ee"
                        }
                      ]
                    },
                    {
                      "t": 2,
                      "d": [
                        {
                          "k": "author",
                          "v": {
                            "t": 2,
                            "d": [
                              {
                                "k": "email",
                                "v": "yassine.bouzoubaa@ext.adeo.com"
                              },
                              {
                                "k": "name",
                                "v": "YassineBouz"
                              },
                              {
                                "k": "username",
                                "v": "YassineBouz"
                              }
                            ]
                          }
                        },
                        {
                          "k": "committer",
                          "v": {
                            "t": 2,
                            "d": [
                              {
                                "k": "email",
                                "v": "yassine.bouzoubaa@ext.adeo.com"
                              },
                              {
                                "k": "name",
                                "v": "YassineBouz"
                              },
                              {
                                "k": "username",
                                "v": "YassineBouz"
                              }
                            ]
                          }
                        },
                        {
                          "k": "distinct",
                          "v": true
                        },
                        {
                          "k": "id",
                          "v": "630ee0c0ff2a42860a16499fb4862b42ad0d3909"
                        },
                        {
                          "k": "message",
                          "v": "Try deployment"
                        },
                        {
                          "k": "timestamp",
                          "v": "2024-10-09T16:01:15+02:00"
                        },
                        {
                          "k": "tree_id",
                          "v": "a81ff031a1fa2b46dfd0cf4500178b8213bd2ca1"
                        },
                        {
                          "k": "url",
                          "v": "https://github.com/Ismail-Dh/user-management/commit/630ee0c0ff2a42860a16499fb4862b42ad0d3909"
                        }
                      ]
                    },
                    {
                      "t": 2,
                      "d": [
                        {
                          "k": "author",
                          "v": {
                            "t": 2,
                            "d": [
                              {
                                "k": "email",
                                "v": "yassine.bouzoubaa@ext.adeo.com"
                              },
                              {
                                "k": "name",
                                "v": "YassineBouz"
                              },
                              {
                                "k": "username",
                                "v": "YassineBouz"
                              }
                            ]
                          }
                        },
                        {
                          "k": "committer",
                          "v": {
                            "t": 2,
                            "d": [
                              {
                                "k": "email",
                                "v": "yassine.bouzoubaa@ext.adeo.com"
                              },
                              {
                                "k": "name",
                                "v": "YassineBouz"
                              },
                              {
                                "k": "username",
                                "v": "YassineBouz"
                              }
                            ]
                          }
                        },
                        {
                          "k": "distinct",
                          "v": true
                        },
                        {
                          "k": "id",
                          "v": "4bcff19f63be6c25ee4a33bee74548a2e44887e9"
                        },
                        {
                          "k": "message",
                          "v": "Try deployment"
                        },
                        {
                          "k": "timestamp",
                          "v": "2024-10-09T16:10:49+02:00"
                        },
                        {
                          "k": "tree_id",
                          "v": "bb051d79f6485e72af038a7cb394f8ff93d9036e"
                        },
                        {
                          "k": "url",
                          "v": "https://github.com/Ismail-Dh/user-management/commit/4bcff19f63be6c25ee4a33bee74548a2e44887e9"
                        }
                      ]
                    },
                    {
                      "t": 2,
                      "d": [
                        {
                          "k": "author",
                          "v": {
                            "t": 2,
                            "d": [
                              {
                                "k": "email",
                                "v": "yassine.bouzoubaa@ext.adeo.com"
                              },
                              {
                                "k": "name",
                                "v": "YassineBouz"
                              },
                              {
                                "k": "username",
                                "v": "YassineBouz"
                              }
                            ]
                          }
                        },
                        {
                          "k": "committer",
                          "v": {
                            "t": 2,
                            "d": [
                              {
                                "k": "email",
                                "v": "yassine.bouzoubaa@ext.adeo.com"
                              },
                              {
                                "k": "name",
                                "v": "YassineBouz"
                              },
                              {
                                "k": "username",
                                "v": "YassineBouz"
                              }
                            ]
                          }
                        },
                        {
                          "k": "distinct",
                          "v": true
                        },
                        {
                          "k": "id",
                          "v": "75792fffe35eb881adf9b15e55ac28f5365e2269"
                        },
                        {
                          "k": "message",
                          "v": "Try deployment"
                        },
                        {
                          "k": "timestamp",
                          "v": "2024-10-09T16:12:11+02:00"
                        },
                        {
                          "k": "tree_id",
                          "v": "73371e39cb83272a22bb58186e5ba5e4e03f25c4"
                        },
                        {
                          "k": "url",
                          "v": "https://github.com/Ismail-Dh/user-management/commit/75792fffe35eb881adf9b15e55ac28f5365e2269"
                        }
                      ]
                    },
                    {
                      "t": 2,
                      "d": [
                        {
                          "k": "author",
                          "v": {
                            "t": 2,
                            "d": [
                              {
                                "k": "email",
                                "v": "yassine.bouzoubaa@ext.adeo.com"
                              },
                              {
                                "k": "name",
                                "v": "YassineBouz"
                              },
                              {
                                "k": "username",
                                "v": "YassineBouz"
                              }
                            ]
                          }
                        },
                        {
                          "k": "committer",
                          "v": {
                            "t": 2,
                            "d": [
                              {
                                "k": "email",
                                "v": "yassine.bouzoubaa@ext.adeo.com"
                              },
                              {
                                "k": "name",
                                "v": "YassineBouz"
                              },
                              {
                                "k": "username",
                                "v": "YassineBouz"
                              }
                            ]
                          }
                        },
                        {
                          "k": "distinct",
                          "v": true
                        },
                        {
                          "k": "id",
                          "v": "90c66f2a57675d39bdcbc6161643326c99410d7a"
                        },
                        {
                          "k": "message",
                          "v": "Adjust sonar conf"
                        },
                        {
                          "k": "timestamp",
                          "v": "2024-10-09T16:17:27+02:00"
                        },
                        {
                          "k": "tree_id",
                          "v": "c4a1a087c2e28393f8ff91fb235697ecbf822324"
                        },
                        {
                          "k": "url",
                          "v": "https://github.com/Ismail-Dh/user-management/commit/90c66f2a57675d39bdcbc6161643326c99410d7a"
                        }
                      ]
                    },
                    {
                      "t": 2,
                      "d": [
                        {
                          "k": "author",
                          "v": {
                            "t": 2,
                            "d": [
                              {
                                "k": "email",
                                "v": "yassine.bouzoubaa@ext.adeo.com"
                              },
                              {
                                "k": "name",
                                "v": "YassineBouz"
                              },
                              {
                                "k": "username",
                                "v": "YassineBouz"
                              }
                            ]
                          }
                        },
                        {
                          "k": "committer",
                          "v": {
                            "t": 2,
                            "d": [
                              {
                                "k": "email",
                                "v": "yassine.bouzoubaa@ext.adeo.com"
                              },
                              {
                                "k": "name",
                                "v": "YassineBouz"
                              },
                              {
                                "k": "username",
                                "v": "YassineBouz"
                              }
                            ]
                          }
                        },
                        {
                          "k": "distinct",
                          "v": true
                        },
                        {
                          "k": "id",
                          "v": "8831ecb41158bed4bcd1afa7cf5f35235e66285c"
                        },
                        {
                          "k": "message",
                          "v": "change sonar token to User token"
                        },
                        {
                          "k": "timestamp",
                          "v": "2024-10-09T16:25:42+02:00"
                        },
                        {
                          "k": "tree_id",
                          "v": "558665c6a28fa341dabdedde9a066f73f7ec1c11"
                        },
                        {
                          "k": "url",
                          "v": "https://github.com/Ismail-Dh/user-management/commit/8831ecb41158bed4bcd1afa7cf5f35235e66285c"
                        }
                      ]
                    },
                    {
                      "t": 2,
                      "d": [
                        {
                          "k": "author",
                          "v": {
                            "t": 2,
                            "d": [
                              {
                                "k": "email",
                                "v": "yassine.bouzoubaa@ext.adeo.com"
                              },
                              {
                                "k": "name",
                                "v": "YassineBouz"
                              },
                              {
                                "k": "username",
                                "v": "YassineBouz"
                              }
                            ]
                          }
                        },
                        {
                          "k": "committer",
                          "v": {
                            "t": 2,
                            "d": [
                              {
                                "k": "email",
                                "v": "yassine.bouzoubaa@ext.adeo.com"
                              },
                              {
                                "k": "name",
                                "v": "YassineBouz"
                              },
                              {
                                "k": "username",
                                "v": "YassineBouz"
                              }
                            ]
                          }
                        },
                        {
                          "k": "distinct",
                          "v": true
                        },
                        {
                          "k": "id",
                          "v": "9b06882e546f476747db41f3271e3bfe977e82b6"
                        },
                        {
                          "k": "message",
                          "v": "change sonar token to User token"
                        },
                        {
                          "k": "timestamp",
                          "v": "2024-10-09T16:29:10+02:00"
                        },
                        {
                          "k": "tree_id",
                          "v": "195ca803030b2d20bcd3b33a2b29f317ce82f318"
                        },
                        {
                          "k": "url",
                          "v": "https://github.com/Ismail-Dh/user-management/commit/9b06882e546f476747db41f3271e3bfe977e82b6"
                        }
                      ]
                    },
                    {
                      "t": 2,
                      "d": [
                        {
                          "k": "author",
                          "v": {
                            "t": 2,
                            "d": [
                              {
                                "k": "email",
                                "v": "yassine.bouzoubaa@ext.adeo.com"
                              },
                              {
                                "k": "name",
                                "v": "YassineBouz"
                              },
                              {
                                "k": "username",
                                "v": "YassineBouz"
                              }
                            ]
                          }
                        },
                        {
                          "k": "committer",
                          "v": {
                            "t": 2,
                            "d": [
                              {
                                "k": "email",
                                "v": "yassine.bouzoubaa@ext.adeo.com"
                              },
                              {
                                "k": "name",
                                "v": "YassineBouz"
                              },
                              {
                                "k": "username",
                                "v": "YassineBouz"
                              }
                            ]
                          }
                        },
                        {
                          "k": "distinct",
                          "v": true
                        },
                        {
                          "k": "id",
                          "v": "4aa45dd268f5d95e8f5576b67ab3583d2b5ff7b2"
                        },
                        {
                          "k": "message",
                          "v": "change sonar token to User token"
                        },
                        {
                          "k": "timestamp",
                          "v": "2024-10-09T16:30:15+02:00"
                        },
                        {
                          "k": "tree_id",
                          "v": "c813633b0ce82c6b561c5fed9998e035d8f67087"
                        },
                        {
                          "k": "url",
                          "v": "https://github.com/Ismail-Dh/user-management/commit/4aa45dd268f5d95e8f5576b67ab3583d2b5ff7b2"
                        }
                      ]
                    },
                    {
                      "t": 2,
                      "d": [
                        {
                          "k": "author",
                          "v": {
                            "t": 2,
                            "d": [
                              {
                                "k": "email",
                                "v": "yassine.bouzoubaa@ext.adeo.com"
                              },
                              {
                                "k": "name",
                                "v": "YassineBouz"
                              },
                              {
                                "k": "username",
                                "v": "YassineBouz"
                              }
                            ]
                          }
                        },
                        {
                          "k": "committer",
                          "v": {
                            "t": 2,
                            "d": [
                              {
                                "k": "email",
                                "v": "yassine.bouzoubaa@ext.adeo.com"
                              },
                              {
                                "k": "name",
                                "v": "YassineBouz"
                              },
                              {
                                "k": "username",
                                "v": "YassineBouz"
                              }
                            ]
                          }
                        },
                        {
                          "k": "distinct",
                          "v": true
                        },
                        {
                          "k": "id",
                          "v": "5d8bfebdeea7ab736ab51564260db6a15cfcbc24"
                        },
                        {
                          "k": "message",
                          "v": "change sonar token to User token"
                        },
                        {
                          "k": "timestamp",
                          "v": "2024-10-09T16:31:08+02:00"
                        },
                        {
                          "k": "tree_id",
                          "v": "b35cba0726f00d5056427635b6e802c55f4f1f7b"
                        },
                        {
                          "k": "url",
                          "v": "https://github.com/Ismail-Dh/user-management/commit/5d8bfebdeea7ab736ab51564260db6a15cfcbc24"
                        }
                      ]
                    },
                    {
                      "t": 2,
                      "d": [
                        {
                          "k": "author",
                          "v": {
                            "t": 2,
                            "d": [
                              {
                                "k": "email",
                                "v": "yassine.bouzoubaa@ext.adeo.com"
                              },
                              {
                                "k": "name",
                                "v": "YassineBouz"
                              },
                              {
                                "k": "username",
                                "v": "YassineBouz"
                              }
                            ]
                          }
                        },
                        {
                          "k": "committer",
                          "v": {
                            "t": 2,
                            "d": [
                              {
                                "k": "email",
                                "v": "yassine.bouzoubaa@ext.adeo.com"
                              },
                              {
                                "k": "name",
                                "v": "YassineBouz"
                              },
                              {
                                "k": "username",
                                "v": "YassineBouz"
                              }
                            ]
                          }
                        },
                        {
                          "k": "distinct",
                          "v": true
                        },
                        {
                          "k": "id",
                          "v": "85ba9f97cd19e9b1cc0aab7fd0de8da51b717eb0"
                        },
                        {
                          "k": "message",
                          "v": "change sonar token to User token"
                        },
                        {
                          "k": "timestamp",
                          "v": "2024-10-09T16:32:02+02:00"
                        },
                        {
                          "k": "tree_id",
                          "v": "4cd966ec1881cfb205cb880b1201576ea38b620c"
                        },
                        {
                          "k": "url",
                          "v": "https://github.com/Ismail-Dh/user-management/commit/85ba9f97cd19e9b1cc0aab7fd0de8da51b717eb0"
                        }
                      ]
                    },
                    {
                      "t": 2,
                      "d": [
                        {
                          "k": "author",
                          "v": {
                            "t": 2,
                            "d": [
                              {
                                "k": "email",
                                "v": "yassine.bouzoubaa@ext.adeo.com"
                              },
                              {
                                "k": "name",
                                "v": "YassineBouz"
                              },
                              {
                                "k": "username",
                                "v": "YassineBouz"
                              }
                            ]
                          }
                        },
                        {
                          "k": "committer",
                          "v": {
                            "t": 2,
                            "d": [
                              {
                                "k": "email",
                                "v": "yassine.bouzoubaa@ext.adeo.com"
                              },
                              {
                                "k": "name",
                                "v": "YassineBouz"
                              },
                              {
                                "k": "username",
                                "v": "YassineBouz"
                              }
                            ]
                          }
                        },
                        {
                          "k": "distinct",
                          "v": true
                        },
                        {
                          "k": "id",
                          "v": "1b75819b06318d28926af88426cf15e9cd1b7a4d"
                        },
                        {
                          "k": "message",
                          "v": "Add docker file"
                        },
                        {
                          "k": "timestamp",
                          "v": "2024-10-09T16:37:18+02:00"
                        },
                        {
                          "k": "tree_id",
                          "v": "cba3682e4c8680451c736a995abdfd01fd4dc069"
                        },
                        {
                          "k": "url",
                          "v": "https://github.com/Ismail-Dh/user-management/commit/1b75819b06318d28926af88426cf15e9cd1b7a4d"
                        }
                      ]
                    },
                    {
                      "t": 2,
                      "d": [
                        {
                          "k": "author",
                          "v": {
                            "t": 2,
                            "d": [
                              {
                                "k": "email",
                                "v": "yassine.bouzoubaa@ext.adeo.com"
                              },
                              {
                                "k": "name",
                                "v": "YassineBouz"
                              },
                              {
                                "k": "username",
                                "v": "YassineBouz"
                              }
                            ]
                          }
                        },
                        {
                          "k": "committer",
                          "v": {
                            "t": 2,
                            "d": [
                              {
                                "k": "email",
                                "v": "yassine.bouzoubaa@ext.adeo.com"
                              },
                              {
                                "k": "name",
                                "v": "YassineBouz"
                              },
                              {
                                "k": "username",
                                "v": "YassineBouz"
                              }
                            ]
                          }
                        },
                        {
                          "k": "distinct",
                          "v": true
                        },
                        {
                          "k": "id",
                          "v": "3cb9014a54404eddbae20b65a119657052e3e8a8"
                        },
                        {
                          "k": "message",
                          "v": "Adjust docker command"
                        },
                        {
                          "k": "timestamp",
                          "v": "2024-10-09T16:38:46+02:00"
                        },
                        {
                          "k": "tree_id",
                          "v": "98bbd1007dda3267f1526c423ebd3d5a8b6710a9"
                        },
                        {
                          "k": "url",
                          "v": "https://github.com/Ismail-Dh/user-management/commit/3cb9014a54404eddbae20b65a119657052e3e8a8"
                        }
                      ]
                    },
                    {
                      "t": 2,
                      "d": [
                        {
                          "k": "author",
                          "v": {
                            "t": 2,
                            "d": [
                              {
                                "k": "email",
                                "v": "mouradjabrane1998@gmail.com"
                              },
                              {
                                "k": "name",
                                "v": "jabrane-mourad"
                              },
                              {
                                "k": "username",
                                "v": "jabrane-mourad"
                              }
                            ]
                          }
                        },
                        {
                          "k": "committer",
                          "v": {
                            "t": 2,
                            "d": [
                              {
                                "k": "email",
                                "v": "mouradjabrane1998@gmail.com"
                              },
                              {
                                "k": "name",
                                "v": "jabrane-mourad"
                              },
                              {
                                "k": "username",
                                "v": "jabrane-mourad"
                              }
                            ]
                          }
                        },
                        {
                          "k": "distinct",
                          "v": true
                        },
                        {
                          "k": "id",
                          "v": "31bff4aeb59d6ef56d44429975b004d6ebd223dc"
                        },
                        {
                          "k": "message",
                          "v": "first commit"
                        },
                        {
                          "k": "timestamp",
                          "v": "2024-12-25T12:48:54-08:00"
                        },
                        {
                          "k": "tree_id",
                          "v": "ca65cc25692d611c80e896682f5aea9daf9905c1"
                        },
                        {
                          "k": "url",
                          "v": "https://github.com/Ismail-Dh/user-management/commit/31bff4aeb59d6ef56d44429975b004d6ebd223dc"
                        }
                      ]
                    }
                  ]
                }
              },
              {
                "k": "compare",
                "v": "https://github.com/Ismail-Dh/user-management/compare/0f409addf56a^...31bff4aeb59d"
              },
              {
                "k": "created",
                "v": true
              },
              {
                "k": "deleted",
                "v": false
              },
              {
                "k": "forced",
                "v": false
              },
              {
                "k": "head_commit",
                "v": {
                  "t": 2,
                  "d": [
                    {
                      "k": "author",
                      "v": {
                        "t": 2,
                        "d": [
                          {
                            "k": "email",
                            "v": "mouradjabrane1998@gmail.com"
                          },
                          {
                            "k": "name",
                            "v": "jabrane-mourad"
                          },
                          {
                            "k": "username",
                            "v": "jabrane-mourad"
                          }
                        ]
                      }
                    },
                    {
                      "k": "committer",
                      "v": {
                        "t": 2,
                        "d": [
                          {
                            "k": "email",
                            "v": "mouradjabrane1998@gmail.com"
                          },
                          {
                            "k": "name",
                            "v": "jabrane-mourad"
                          },
                          {
                            "k": "username",
                            "v": "jabrane-mourad"
                          }
                        ]
                      }
                    },
                    {
                      "k": "distinct",
                      "v": true
                    },
                    {
                      "k": "id",
                      "v": "31bff4aeb59d6ef56d44429975b004d6ebd223dc"
                    },
                    {
                      "k": "message",
                      "v": "first commit"
                    },
                    {
                      "k": "timestamp",
                      "v": "2024-12-25T12:48:54-08:00"
                    },
                    {
                      "k": "tree_id",
                      "v": "ca65cc25692d611c80e896682f5aea9daf9905c1"
                    },
                    {
                      "k": "url",
                      "v": "https://github.com/Ismail-Dh/user-management/commit/31bff4aeb59d6ef56d44429975b004d6ebd223dc"
                    }
                  ]
                }
              },
              {
                "k": "pusher",
                "v": {
                  "t": 2,
                  "d": [
                    {
                      "k": "email",
                      "v": "smaildamouh47@gmail.com"
                    },
                    {
                      "k": "name",
                      "v": "Ismail-Dh"
                    }
                  ]
                }
              },
              {
                "k": "ref",
                "v": "refs/heads/main"
              },
              {
                "k": "repository",
                "v": {
                  "t": 2,
                  "d": [
                    {
                      "k": "allow_forking",
                      "v": true
                    },
                    {
                      "k": "archive_url",
                      "v": "https://api.github.com/repos/Ismail-Dh/user-management/{archive_format}{/ref}"
                    },
                    {
                      "k": "archived",
                      "v": false
                    },
                    {
                      "k": "assignees_url",
                      "v": "https://api.github.com/repos/Ismail-Dh/user-management/assignees{/user}"
                    },
                    {
                      "k": "blobs_url",
                      "v": "https://api.github.com/repos/Ismail-Dh/user-management/git/blobs{/sha}"
                    },
                    {
                      "k": "branches_url",
                      "v": "https://api.github.com/repos/Ismail-Dh/user-management/branches{/branch}"
                    },
                    {
                      "k": "clone_url",
                      "v": "https://github.com/Ismail-Dh/user-management.git"
                    },
                    {
                      "k": "collaborators_url",
                      "v": "https://api.github.com/repos/Ismail-Dh/user-management/collaborators{/collaborator}"
                    },
                    {
                      "k": "comments_url",
                      "v": "https://api.github.com/repos/Ismail-Dh/user-management/comments{/number}"
                    },
                    {
                      "k": "commits_url",
                      "v": "https://api.github.com/repos/Ismail-Dh/user-management/commits{/sha}"
                    },
                    {
                      "k": "compare_url",
                      "v": "https://api.github.com/repos/Ismail-Dh/user-management/compare/{base}...{head}"
                    },
                    {
                      "k": "contents_url",
                      "v": "https://api.github.com/repos/Ismail-Dh/user-management/contents/{+path}"
                    },
                    {
                      "k": "contributors_url",
                      "v": "https://api.github.com/repos/Ismail-Dh/user-management/contributors"
                    },
                    {
                      "k": "created_at",
                      "v": 1765750977.0
                    },
                    {
                      "k": "default_branch",
                      "v": "main"
                    },
                    {
                      "k": "deployments_url",
                      "v": "https://api.github.com/repos/Ismail-Dh/user-management/deployments"
                    },
                    {
                      "k": "description",
                      "v": null
                    },
                    {
                      "k": "disabled",
                      "v": false
                    },
                    {
                      "k": "downloads_url",
                      "v": "https://api.github.com/repos/Ismail-Dh/user-management/downloads"
                    },
                    {
                      "k": "events_url",
                      "v": "https://api.github.com/repos/Ismail-Dh/user-management/events"
                    },
                    {
                      "k": "fork",
                      "v": false
                    },
                    {
                      "k": "forks",
                      "v": 0.0
                    },
                    {
                      "k": "forks_count",
                      "v": 0.0
                    },
                    {
                      "k": "forks_url",
                      "v": "https://api.github.com/repos/Ismail-Dh/user-management/forks"
                    },
                    {
                      "k": "full_name",
                      "v": "Ismail-Dh/user-management"
                    },
                    {
                      "k": "git_commits_url",
                      "v": "https://api.github.com/repos/Ismail-Dh/user-management/git/commits{/sha}"
                    },
                    {
                      "k": "git_refs_url",
                      "v": "https://api.github.com/repos/Ismail-Dh/user-management/git/refs{/sha}"
                    },
                    {
                      "k": "git_tags_url",
                      "v": "https://api.github.com/repos/Ismail-Dh/user-management/git/tags{/sha}"
                    },
                    {
                      "k": "git_url",
                      "v": "git://github.com/Ismail-Dh/user-management.git"
                    },
                    {
                      "k": "has_discussions",
                      "v": false
                    },
                    {
                      "k": "has_downloads",
                      "v": true
                    },
                    {
                      "k": "has_issues",
                      "v": true
                    },
                    {
                      "k": "has_pages",
                      "v": false
                    },
                    {
                      "k": "has_projects",
                      "v": true
                    },
                    {
                      "k": "has_wiki",
                      "v": true
                    },
                    {
                      "k": "homepage",
                      "v": null
                    },
                    {
                      "k": "hooks_url",
                      "v": "https://api.github.com/repos/Ismail-Dh/user-management/hooks"
                    },
                    {
                      "k": "html_url",
                      "v": "https://github.com/Ismail-Dh/user-management"
                    },
                    {
                      "k": "id",
                      "v": 1116458403.0
                    },
                    {
                      "k": "is_template",
                      "v": false
                    },
                    {
                      "k": "issue_comment_url",
                      "v": "https://api.github.com/repos/Ismail-Dh/user-management/issues/comments{/number}"
                    },
                    {
                      "k": "issue_events_url",
                      "v": "https://api.github.com/repos/Ismail-Dh/user-management/issues/events{/number}"
                    },
                    {
                      "k": "issues_url",
                      "v": "https://api.github.com/repos/Ismail-Dh/user-management/issues{/number}"
                    },
                    {
                      "k": "keys_url",
                      "v": "https://api.github.com/repos/Ismail-Dh/user-management/keys{/key_id}"
                    },
                    {
                      "k": "labels_url",
                      "v": "https://api.github.com/repos/Ismail-Dh/user-management/labels{/name}"
                    },
                    {
                      "k": "language",
                      "v": null
                    },
                    {
                      "k": "languages_url",
                      "v": "https://api.github.com/repos/Ismail-Dh/user-management/languages"
                    },
                    {
                      "k": "license",
                      "v": null
                    },
                    {
                      "k": "master_branch",
                      "v": "main"
                    },
                    {
                      "k": "merges_url",
                      "v": "https://api.github.com/repos/Ismail-Dh/user-management/merges"
                    },
                    {
                      "k": "milestones_url",
                      "v": "https://api.github.com/repos/Ismail-Dh/user-management/milestones{/number}"
                    },
                    {
                      "k": "mirror_url",
                      "v": null
                    },
                    {
                      "k": "name",
                      "v": "user-management"
                    },
                    {
                      "k": "node_id",
                      "v": "R_kgDOQovNow"
                    },
                    {
                      "k": "notifications_url",
                      "v": "https://api.github.com/repos/Ismail-Dh/user-management/notifications{?since,all,participating}"
                    },
                    {
                      "k": "open_issues",
                      "v": 0.0
                    },
                    {
                      "k": "open_issues_count",
                      "v": 0.0
                    },
                    {
                      "k": "owner",
                      "v": {
                        "t": 2,
                        "d": [
                          {
                            "k": "avatar_url",
                            "v": "https://avatars.githubusercontent.com/u/181781864?v=4"
                          },
                          {
                            "k": "email",
                            "v": "smaildamouh47@gmail.com"
                          },
                          {
                            "k": "events_url",
                            "v": "https://api.github.com/users/Ismail-Dh/events{/privacy}"
                          },
                          {
                            "k": "followers_url",
                            "v": "https://api.github.com/users/Ismail-Dh/followers"
                          },
                          {
                            "k": "following_url",
                            "v": "https://api.github.com/users/Ismail-Dh/following{/other_user}"
                          },
                          {
                            "k": "gists_url",
                            "v": "https://api.github.com/users/Ismail-Dh/gists{/gist_id}"
                          },
                          {
                            "k": "gravatar_id",
                            "v": ""
                          },
                          {
                            "k": "html_url",
                            "v": "https://github.com/Ismail-Dh"
                          },
                          {
                            "k": "id",
                            "v": 181781864.0
                          },
                          {
                            "k": "login",
                            "v": "Ismail-Dh"
                          },
                          {
                            "k": "name",
                            "v": "Ismail-Dh"
                          },
                          {
                            "k": "node_id",
                            "v": "U_kgDOCtXFaA"
                          },
                          {
                            "k": "organizations_url",
                            "v": "https://api.github.com/users/Ismail-Dh/orgs"
                          },
                          {
                            "k": "received_events_url",
                            "v": "https://api.github.com/users/Ismail-Dh/received_events"
                          },
                          {
                            "k": "repos_url",
                            "v": "https://api.github.com/users/Ismail-Dh/repos"
                          },
                          {
                            "k": "site_admin",
                            "v": false
                          },
                          {
                            "k": "starred_url",
                            "v": "https://api.github.com/users/Ismail-Dh/starred{/owner}{/repo}"
                          },
                          {
                            "k": "subscriptions_url",
                            "v": "https://api.github.com/users/Ismail-Dh/subscriptions"
                          },
                          {
                            "k": "type",
                            "v": "User"
                          },
                          {
                            "k": "url",
                            "v": "https://api.github.com/users/Ismail-Dh"
                          },
                          {
                            "k": "user_view_type",
                            "v": "public"
                          }
                        ]
                      }
                    },
                    {
                      "k": "private",
                      "v": false
                    },
                    {
                      "k": "pulls_url",
                      "v": "https://api.github.com/repos/Ismail-Dh/user-management/pulls{/number}"
                    },
                    {
                      "k": "pushed_at",
                      "v": 1765751510.0
                    },
                    {
                      "k": "releases_url",
                      "v": "https://api.github.com/repos/Ismail-Dh/user-management/releases{/id}"
                    },
                    {
                      "k": "size",
                      "v": 0.0
                    },
                    {
                      "k": "ssh_url",
                      "v": "git@github.com:Ismail-Dh/user-management.git"
                    },
                    {
                      "k": "stargazers",
                      "v": 0.0
                    },
                    {
                      "k": "stargazers_count",
                      "v": 0.0
                    },
                    {
                      "k": "stargazers_url",
                      "v": "https://api.github.com/repos/Ismail-Dh/user-management/stargazers"
                    },
                    {
                      "k": "statuses_url",
                      "v": "https://api.github.com/repos/Ismail-Dh/user-management/statuses/{sha}"
                    },
                    {
                      "k": "subscribers_url",
                      "v": "https://api.github.com/repos/Ismail-Dh/user-management/subscribers"
                    },
                    {
                      "k": "subscription_url",
                      "v": "https://api.github.com/repos/Ismail-Dh/user-management/subscription"
                    },
                    {
                      "k": "svn_url",
                      "v": "https://github.com/Ismail-Dh/user-management"
                    },
                    {
                      "k": "tags_url",
                      "v": "https://api.github.com/repos/Ismail-Dh/user-management/tags"
                    },
                    {
                      "k": "teams_url",
                      "v": "https://api.github.com/repos/Ismail-Dh/user-management/teams"
                    },
                    {
                      "k": "topics",
                      "v": {
                        "t": 1
                      }
                    },
                    {
                      "k": "trees_url",
                      "v": "https://api.github.com/repos/Ismail-Dh/user-management/git/trees{/sha}"
                    },
                    {
                      "k": "updated_at",
                      "v": "2025-12-14T22:22:57Z"
                    },
                    {
                      "k": "url",
                      "v": "https://api.github.com/repos/Ismail-Dh/user-management"
                    },
                    {
                      "k": "visibility",
                      "v": "public"
                    },
                    {
                      "k": "watchers",
                      "v": 0.0
                    },
                    {
                      "k": "watchers_count",
                      "v": 0.0
                    },
                    {
                      "k": "web_commit_signoff_required",
                      "v": false
                    }
                  ]
                }
              },
              {
                "k": "sender",
                "v": {
                  "t": 2,
                  "d": [
                    {
                      "k": "avatar_url",
                      "v": "https://avatars.githubusercontent.com/u/181781864?v=4"
                    },
                    {
                      "k": "events_url",
                      "v": "https://api.github.com/users/Ismail-Dh/events{/privacy}"
                    },
                    {
                      "k": "followers_url",
                      "v": "https://api.github.com/users/Ismail-Dh/followers"
                    },
                    {
                      "k": "following_url",
                      "v": "https://api.github.com/users/Ismail-Dh/following{/other_user}"
                    },
                    {
                      "k": "gists_url",
                      "v": "https://api.github.com/users/Ismail-Dh/gists{/gist_id}"
                    },
                    {
                      "k": "gravatar_id",
                      "v": ""
                    },
                    {
                      "k": "html_url",
                      "v": "https://github.com/Ismail-Dh"
                    },
                    {
                      "k": "id",
                      "v": 181781864.0
                    },
                    {
                      "k": "login",
                      "v": "Ismail-Dh"
                    },
                    {
                      "k": "node_id",
                      "v": "U_kgDOCtXFaA"
                    },
                    {
                      "k": "organizations_url",
                      "v": "https://api.github.com/users/Ismail-Dh/orgs"
                    },
                    {
                      "k": "received_events_url",
                      "v": "https://api.github.com/users/Ismail-Dh/received_events"
                    },
                    {
                      "k": "repos_url",
                      "v": "https://api.github.com/users/Ismail-Dh/repos"
                    },
                    {
                      "k": "site_admin",
                      "v": false
                    },
                    {
                      "k": "starred_url",
                      "v": "https://api.github.com/users/Ismail-Dh/starred{/owner}{/repo}"
                    },
                    {
                      "k": "subscriptions_url",
                      "v": "https://api.github.com/users/Ismail-Dh/subscriptions"
                    },
                    {
                      "k": "type",
                      "v": "User"
                    },
                    {
                      "k": "url",
                      "v": "https://api.github.com/users/Ismail-Dh"
                    },
                    {
                      "k": "user_view_type",
                      "v": "public"
                    }
                  ]
                }
              }
            ]
          }
        },
        {
          "k": "workflow_ref",
          "v": "Ismail-Dh/user-management/.github/workflows/build-an-deploy.yml@refs/heads/main"
        },
        {
          "k": "workflow_sha",
          "v": "31bff4aeb59d6ef56d44429975b004d6ebd223dc"
        },
        {
          "k": "repository_id",
          "v": "1116458403"
        },
        {
          "k": "triggering_actor",
          "v": "Ismail-Dh"
        }
      ]
    },
    "inputs": {
      "t": 2
    },
    "job": {
      "t": 2,
      "d": [
        {
          "k": "check_run_id",
          "v": 58026904792.0
        }
      ]
    },
    "matrix": null,
    "needs": {
      "t": 2
    },
    "strategy": {
      "t": 2,
      "d": [
        {
          "k": "fail-fast",
          "v": true
        },
        {
          "k": "job-index",
          "v": 0.0
        },
        {
          "k": "job-total",
          "v": 1.0
        },
        {
          "k": "max-parallel",
          "v": 1.0
        }
      ]
    },
    "vars": {
      "t": 2
    }
  },
  "billingOwnerId": "U_kgDOCtXFaA"
}
[2025-12-14 22:53:41Z INFO JobRunner] Job ID dd773232-f536-5565-8d63-8f5c41e78f80
[2025-12-14 22:53:41Z INFO ConfigurationStore] currentAssemblyLocation: C:\Users\21265\user-management\actions-runner\bin\Runner.Worker.dll
[2025-12-14 22:53:41Z INFO HostContext] Well known directory 'Bin': 'C:\Users\21265\user-management\actions-runner\bin'
[2025-12-14 22:53:41Z INFO ConfigurationStore] binPath: C:\Users\21265\user-management\actions-runner\bin
[2025-12-14 22:53:41Z INFO HostContext] Well known directory 'Bin': 'C:\Users\21265\user-management\actions-runner\bin'
[2025-12-14 22:53:41Z INFO HostContext] Well known directory 'Root': 'C:\Users\21265\user-management\actions-runner'
[2025-12-14 22:53:41Z INFO ConfigurationStore] RootFolder: C:\Users\21265\user-management\actions-runner
[2025-12-14 22:53:41Z INFO HostContext] Well known directory 'Bin': 'C:\Users\21265\user-management\actions-runner\bin'
[2025-12-14 22:53:41Z INFO HostContext] Well known directory 'Root': 'C:\Users\21265\user-management\actions-runner'
[2025-12-14 22:53:41Z INFO HostContext] Well known config file 'Runner': 'C:\Users\21265\user-management\actions-runner\.runner'
[2025-12-14 22:53:41Z INFO ConfigurationStore] ConfigFilePath: C:\Users\21265\user-management\actions-runner\.runner
[2025-12-14 22:53:41Z INFO HostContext] Well known directory 'Bin': 'C:\Users\21265\user-management\actions-runner\bin'
[2025-12-14 22:53:41Z INFO HostContext] Well known directory 'Root': 'C:\Users\21265\user-management\actions-runner'
[2025-12-14 22:53:41Z INFO HostContext] Well known config file 'MigratedRunner': 'C:\Users\21265\user-management\actions-runner\.runner_migrated'
[2025-12-14 22:53:41Z INFO ConfigurationStore] MigratedConfigFilePath: C:\Users\21265\user-management\actions-runner\.runner_migrated
[2025-12-14 22:53:41Z INFO HostContext] Well known directory 'Bin': 'C:\Users\21265\user-management\actions-runner\bin'
[2025-12-14 22:53:41Z INFO HostContext] Well known directory 'Root': 'C:\Users\21265\user-management\actions-runner'
[2025-12-14 22:53:41Z INFO HostContext] Well known config file 'Credentials': 'C:\Users\21265\user-management\actions-runner\.credentials'
[2025-12-14 22:53:41Z INFO ConfigurationStore] CredFilePath: C:\Users\21265\user-management\actions-runner\.credentials
[2025-12-14 22:53:41Z INFO HostContext] Well known directory 'Bin': 'C:\Users\21265\user-management\actions-runner\bin'
[2025-12-14 22:53:41Z INFO HostContext] Well known directory 'Root': 'C:\Users\21265\user-management\actions-runner'
[2025-12-14 22:53:41Z INFO HostContext] Well known config file 'MigratedCredentials': 'C:\Users\21265\user-management\actions-runner\.credentials_migrated'
[2025-12-14 22:53:41Z INFO ConfigurationStore] MigratedCredFilePath: C:\Users\21265\user-management\actions-runner\.credentials_migrated
[2025-12-14 22:53:41Z INFO HostContext] Well known directory 'Bin': 'C:\Users\21265\user-management\actions-runner\bin'
[2025-12-14 22:53:41Z INFO HostContext] Well known directory 'Root': 'C:\Users\21265\user-management\actions-runner'
[2025-12-14 22:53:41Z INFO HostContext] Well known config file 'Service': 'C:\Users\21265\user-management\actions-runner\.service'
[2025-12-14 22:53:41Z INFO ConfigurationStore] ServiceConfigFilePath: C:\Users\21265\user-management\actions-runner\.service
[2025-12-14 22:53:41Z INFO ConfigurationStore] Read setting file: 404 chars
[2025-12-14 22:53:41Z INFO JobRunner] Initializing launch client
[2025-12-14 22:53:41Z INFO JobServerQueue] Initializing results client
[2025-12-14 22:53:41Z INFO ResultServer] Creating websocket client ...wss://results-receiver.actions.githubusercontent.com/_ws/ingest.sock
[2025-12-14 22:53:41Z INFO ResultServer] Attempting to start websocket client with delay 00:00:00.
[2025-12-14 22:53:41Z INFO JobServerQueue] Start process web console line queue.
[2025-12-14 22:53:41Z INFO JobServerQueue] Start process file upload queue.
[2025-12-14 22:53:41Z INFO JobServerQueue] Start results file upload queue.
[2025-12-14 22:53:41Z INFO JobServerQueue] Starting results-based upload queue...
[2025-12-14 22:53:41Z INFO JobServerQueue] Start process timeline update queue.
[2025-12-14 22:53:41Z INFO ExecutionContext] Initializing Job context
[2025-12-14 22:53:41Z INFO ExecutionContext] Initialize GitHub context
[2025-12-14 22:53:41Z INFO ExecutionContext] Initialize Env context
[2025-12-14 22:53:41Z INFO HostContext] Well known directory 'Bin': 'C:\Users\21265\user-management\actions-runner\bin'
[2025-12-14 22:53:41Z INFO HostContext] Well known directory 'Root': 'C:\Users\21265\user-management\actions-runner'
[2025-12-14 22:53:41Z INFO HostContext] Well known directory 'Diag': 'C:\Users\21265\user-management\actions-runner\_diag'
[2025-12-14 22:53:41Z INFO HostContext] Well known directory 'Bin': 'C:\Users\21265\user-management\actions-runner\bin'
[2025-12-14 22:53:41Z INFO HostContext] Well known directory 'Root': 'C:\Users\21265\user-management\actions-runner'
[2025-12-14 22:53:41Z INFO HostContext] Well known directory 'Diag': 'C:\Users\21265\user-management\actions-runner\_diag'
[2025-12-14 22:53:41Z INFO JobRunner] Starting the job execution context.
[2025-12-14 22:53:41Z INFO HostContext] Well known directory 'Bin': 'C:\Users\21265\user-management\actions-runner\bin'
[2025-12-14 22:53:41Z INFO HostContext] Well known directory 'Root': 'C:\Users\21265\user-management\actions-runner'
[2025-12-14 22:53:41Z INFO HostContext] Well known directory 'Work': 'C:\Users\21265\user-management\actions-runner\_work'
[2025-12-14 22:53:41Z INFO JobRunner] Validating directory permissions for: 'C:\Users\21265\user-management\actions-runner\_work'
[2025-12-14 22:53:41Z INFO HostContext] Well known directory 'Bin': 'C:\Users\21265\user-management\actions-runner\bin'
[2025-12-14 22:53:41Z INFO HostContext] Well known directory 'Root': 'C:\Users\21265\user-management\actions-runner'
[2025-12-14 22:53:41Z INFO HostContext] Well known directory 'Work': 'C:\Users\21265\user-management\actions-runner\_work'
[2025-12-14 22:53:41Z INFO HostContext] Well known directory 'Tools': 'C:\Users\21265\user-management\actions-runner\_work\_tool'
[2025-12-14 22:53:41Z INFO HostContext] Well known directory 'Bin': 'C:\Users\21265\user-management\actions-runner\bin'
[2025-12-14 22:53:41Z INFO HostContext] Well known directory 'Root': 'C:\Users\21265\user-management\actions-runner'
[2025-12-14 22:53:41Z INFO HostContext] Well known directory 'Work': 'C:\Users\21265\user-management\actions-runner\_work'
[2025-12-14 22:53:41Z INFO HostContext] Well known directory 'Temp': 'C:\Users\21265\user-management\actions-runner\_work\_temp'
[2025-12-14 22:53:41Z INFO JobRunner] Getting job extension.
[2025-12-14 22:53:41Z INFO JobRunner] Initialize job. Getting all job steps.
[2025-12-14 22:53:41Z INFO HostContext] Well known directory 'Bin': 'C:\Users\21265\user-management\actions-runner\bin'
[2025-12-14 22:53:41Z INFO HostContext] Well known directory 'Root': 'C:\Users\21265\user-management\actions-runner'
[2025-12-14 22:53:41Z INFO HostContext] Well known directory 'Diag': 'C:\Users\21265\user-management\actions-runner\_diag'
[2025-12-14 22:53:41Z INFO HostContext] Well known directory 'Bin': 'C:\Users\21265\user-management\actions-runner\bin'
[2025-12-14 22:53:41Z INFO HostContext] Well known directory 'Root': 'C:\Users\21265\user-management\actions-runner'
[2025-12-14 22:53:41Z INFO HostContext] Well known directory 'Diag': 'C:\Users\21265\user-management\actions-runner\_diag'
[2025-12-14 22:53:41Z INFO HostContext] Well known directory 'Bin': 'C:\Users\21265\user-management\actions-runner\bin'
[2025-12-14 22:53:41Z INFO HostContext] Well known directory 'Root': 'C:\Users\21265\user-management\actions-runner'
[2025-12-14 22:53:41Z INFO HostContext] Well known config file 'Credentials': 'C:\Users\21265\user-management\actions-runner\.credentials'
[2025-12-14 22:53:41Z INFO HostContext] Well known directory 'Bin': 'C:\Users\21265\user-management\actions-runner\bin'
[2025-12-14 22:53:41Z INFO HostContext] Well known directory 'Root': 'C:\Users\21265\user-management\actions-runner'
[2025-12-14 22:53:41Z INFO HostContext] Well known config file 'SetupInfo': 'C:\Users\21265\user-management\actions-runner\.setup_info'
[2025-12-14 22:53:41Z INFO HostContext] Well known directory 'Bin': 'C:\Users\21265\user-management\actions-runner\bin'
[2025-12-14 22:53:41Z INFO HostContext] Well known directory 'Root': 'C:\Users\21265\user-management\actions-runner'
[2025-12-14 22:53:41Z INFO HostContext] Well known directory 'Work': 'C:\Users\21265\user-management\actions-runner\_work'
[2025-12-14 22:53:41Z INFO PipelineDirectoryManager] Loading tracking config if exists: C:\Users\21265\user-management\actions-runner\_work\_PipelineMapping\Ismail-Dh/user-management\PipelineFolder.json
[2025-12-14 22:53:41Z INFO PipelineDirectoryManager] Creating a new tracking config file.
[2025-12-14 22:53:41Z INFO HostContext] Well known directory 'Bin': 'C:\Users\21265\user-management\actions-runner\bin'
[2025-12-14 22:53:41Z INFO HostContext] Well known directory 'Root': 'C:\Users\21265\user-management\actions-runner'
[2025-12-14 22:53:41Z INFO HostContext] Well known directory 'Work': 'C:\Users\21265\user-management\actions-runner\_work'
[2025-12-14 22:53:41Z INFO PipelineDirectoryManager] Creating pipeline directory.
[2025-12-14 22:53:41Z INFO HostContext] Well known directory 'Bin': 'C:\Users\21265\user-management\actions-runner\bin'
[2025-12-14 22:53:41Z INFO HostContext] Well known directory 'Root': 'C:\Users\21265\user-management\actions-runner'
[2025-12-14 22:53:41Z INFO HostContext] Well known directory 'Work': 'C:\Users\21265\user-management\actions-runner\_work'
[2025-12-14 22:53:41Z INFO PipelineDirectoryManager] Creating workspace directory.
[2025-12-14 22:53:41Z INFO HostContext] Well known directory 'Bin': 'C:\Users\21265\user-management\actions-runner\bin'
[2025-12-14 22:53:41Z INFO HostContext] Well known directory 'Root': 'C:\Users\21265\user-management\actions-runner'
[2025-12-14 22:53:41Z INFO HostContext] Well known directory 'Work': 'C:\Users\21265\user-management\actions-runner\_work'
[2025-12-14 22:53:41Z INFO JobExtension] Downloading actions
[2025-12-14 22:53:41Z INFO HostContext] Well known directory 'Bin': 'C:\Users\21265\user-management\actions-runner\bin'
[2025-12-14 22:53:41Z INFO HostContext] Well known directory 'Root': 'C:\Users\21265\user-management\actions-runner'
[2025-12-14 22:53:41Z INFO HostContext] Well known directory 'Work': 'C:\Users\21265\user-management\actions-runner\_work'
[2025-12-14 22:53:41Z INFO HostContext] Well known directory 'Actions': 'C:\Users\21265\user-management\actions-runner\_work\_actions'
[2025-12-14 22:53:41Z INFO Worker] Listening for cancel message from the channel.
[2025-12-14 22:53:41Z INFO Worker] Waiting for the job to complete or for a cancel message from the channel.
[2025-12-14 22:53:42Z INFO ResultServer] Successfully started websocket client.
[2025-12-14 22:53:42Z INFO JobServerQueue] Try to append 1 batches web console lines for record '009258d0-19f3-4b87-8783-9d300ecf1842', success rate: 1/1.
[2025-12-14 22:53:42Z INFO HostContext] Well known directory 'Bin': 'C:\Users\21265\user-management\actions-runner\bin'
[2025-12-14 22:53:42Z INFO HostContext] Well known directory 'Root': 'C:\Users\21265\user-management\actions-runner'
[2025-12-14 22:53:42Z INFO HostContext] Well known directory 'Work': 'C:\Users\21265\user-management\actions-runner\_work'
[2025-12-14 22:53:42Z INFO HostContext] Well known directory 'Actions': 'C:\Users\21265\user-management\actions-runner\_work\_actions'
[2025-12-14 22:53:42Z INFO HostContext] Well known directory 'Bin': 'C:\Users\21265\user-management\actions-runner\bin'
[2025-12-14 22:53:42Z INFO HostContext] Well known directory 'Root': 'C:\Users\21265\user-management\actions-runner'
[2025-12-14 22:53:42Z INFO HostContext] Well known directory 'Work': 'C:\Users\21265\user-management\actions-runner\_work'
[2025-12-14 22:53:42Z INFO HostContext] Well known directory 'Actions': 'C:\Users\21265\user-management\actions-runner\_work\_actions'
[2025-12-14 22:53:42Z INFO ActionManager] Save archive 'https://api.github.com/repos/actions/checkout/zipball/34e114876b0b11c390a56381ad16ebd13914f8d5' into C:\Users\21265\user-management\actions-runner\_work\_actions\_temp_5b4193ba-f900-46b2-b4d3-669aed5ed44f\aef86261-4c26-40c3-9cd4-14853fc427ab.zip.
[2025-12-14 22:53:42Z INFO JobServerQueue] Job timeline record has been updated for the first time.
[2025-12-14 22:53:42Z INFO JobServerQueue] Try to append 1 batches web console lines for record '009258d0-19f3-4b87-8783-9d300ecf1842', success rate: 1/1.
[2025-12-14 22:53:45Z INFO ActionManager] Request URL: https://api.github.com/repos/actions/checkout/zipball/34e114876b0b11c390a56381ad16ebd13914f8d5 X-GitHub-Request-Id: C932:24FA05:1514C3:1E8F08:693F3FF8 Http Status: OK
[2025-12-14 22:53:47Z INFO ActionManager] Finished getting action repository.
[2025-12-14 22:53:47Z INFO HostContext] Well known directory 'Bin': 'C:\Users\21265\user-management\actions-runner\bin'
[2025-12-14 22:53:47Z INFO HostContext] Well known directory 'Root': 'C:\Users\21265\user-management\actions-runner'
[2025-12-14 22:53:47Z INFO HostContext] Well known directory 'Work': 'C:\Users\21265\user-management\actions-runner\_work'
[2025-12-14 22:53:47Z INFO HostContext] Well known directory 'Actions': 'C:\Users\21265\user-management\actions-runner\_work\_actions'
[2025-12-14 22:53:47Z INFO HostContext] Well known directory 'Bin': 'C:\Users\21265\user-management\actions-runner\bin'
[2025-12-14 22:53:47Z INFO HostContext] Well known directory 'Root': 'C:\Users\21265\user-management\actions-runner'
[2025-12-14 22:53:47Z INFO HostContext] Well known directory 'Work': 'C:\Users\21265\user-management\actions-runner\_work'
[2025-12-14 22:53:47Z INFO HostContext] Well known directory 'Actions': 'C:\Users\21265\user-management\actions-runner\_work\_actions'
[2025-12-14 22:53:47Z INFO ActionManager] Save archive 'https://api.github.com/repos/actions/setup-java/zipball/b6e674f4b717d7b0ae3baee0fbe79f498905dfde' into C:\Users\21265\user-management\actions-runner\_work\_actions\_temp_b37c98e8-46c0-493f-8c3a-aadd5cd7eff2\1b4f9103-c2bf-436c-9703-42caf00e439f.zip.
[2025-12-14 22:53:47Z INFO JobServerQueue] Try to append 1 batches web console lines for record '009258d0-19f3-4b87-8783-9d300ecf1842', success rate: 1/1.
[2025-12-14 22:53:49Z INFO ActionManager] Request URL: https://api.github.com/repos/actions/setup-java/zipball/b6e674f4b717d7b0ae3baee0fbe79f498905dfde X-GitHub-Request-Id: C87A:31CF6:15BD84:1F37F7:693F3FFC Http Status: OK
[2025-12-14 22:53:50Z INFO ActionManager] Finished getting action repository.
[2025-12-14 22:53:50Z INFO HostContext] Well known directory 'Bin': 'C:\Users\21265\user-management\actions-runner\bin'
[2025-12-14 22:53:50Z INFO HostContext] Well known directory 'Root': 'C:\Users\21265\user-management\actions-runner'
[2025-12-14 22:53:50Z INFO HostContext] Well known directory 'Work': 'C:\Users\21265\user-management\actions-runner\_work'
[2025-12-14 22:53:50Z INFO HostContext] Well known directory 'Actions': 'C:\Users\21265\user-management\actions-runner\_work\_actions'
[2025-12-14 22:53:50Z INFO ActionManifestManager] Load schema file with definitions: [
  "null",
  "boolean",
  "number",
  "string",
  "sequence",
  "mapping",
  "any",
  "action-root",
  "inputs",
  "input",
  "outputs",
  "output-definition",
  "runs",
  "container-runs",
  "container-runs-args",
  "container-runs-env",
  "node-runs",
  "plugin-runs",
  "composite-runs",
  "composite-steps",
  "composite-step",
  "run-step",
  "uses-step",
  "container-runs-context",
  "output-value",
  "input-default-context",
  "non-empty-string",
  "string-steps-context",
  "boolean-steps-context",
  "step-env",
  "step-if",
  "step-with"
]
[2025-12-14 22:53:50Z INFO HostContext] Well known directory 'Bin': 'C:\Users\21265\user-management\actions-runner\bin'
[2025-12-14 22:53:50Z INFO HostContext] Well known directory 'Root': 'C:\Users\21265\user-management\actions-runner'
[2025-12-14 22:53:50Z INFO HostContext] Well known directory 'Work': 'C:\Users\21265\user-management\actions-runner\_work'
[2025-12-14 22:53:50Z INFO HostContext] Well known directory 'Actions': 'C:\Users\21265\user-management\actions-runner\_work\_actions'
[2025-12-14 22:53:51Z INFO ActionManifestManager] Loaded action.yml file: {
  "name": "Checkout",
  "description": "Checkout a Git repository at a particular version",
  "inputs": {
    "type": 2,
    "map": [
      {
        "key": {
          "type": 0,
          "file": 2,
          "line": 4,
          "col": 3,
          "lit": "repository"
        },
        "value": {
          "type": 3,
          "file": 2,
          "line": 6,
          "col": 14,
          "expr": "github.repository"
        }
      },
      {
        "key": {
          "type": 0,
          "file": 2,
          "line": 7,
          "col": 3,
          "lit": "ref"
        },
        "value": ""
      },
      {
        "key": {
          "type": 0,
          "file": 2,
          "line": 12,
          "col": 3,
          "lit": "token"
        },
        "value": {
          "type": 3,
          "file": 2,
          "line": 24,
          "col": 14,
          "expr": "github.token"
        }
      },
      {
        "key": {
          "type": 0,
          "file": 2,
          "line": 25,
          "col": 3,
          "lit": "ssh-key"
        },
        "value": ""
      },
      {
        "key": {
          "type": 0,
          "file": 2,
          "line": 37,
          "col": 3,
          "lit": "ssh-known-hosts"
        },
        "value": ""
      },
      {
        "key": {
          "type": 0,
          "file": 2,
          "line": 42,
          "col": 3,
          "lit": "ssh-strict"
        },
        "value": {
          "type": 0,
          "file": 2,
          "line": 47,
          "col": 14,
          "lit": "true"
        }
      },
      {
        "key": {
          "type": 0,
          "file": 2,
          "line": 48,
          "col": 3,
          "lit": "ssh-user"
        },
        "value": {
          "type": 0,
          "file": 2,
          "line": 51,
          "col": 14,
          "lit": "git"
        }
      },
      {
        "key": {
          "type": 0,
          "file": 2,
          "line": 52,
          "col": 3,
          "lit": "persist-credentials"
        },
        "value": {
          "type": 0,
          "file": 2,
          "line": 54,
          "col": 14,
          "lit": "true"
        }
      },
      {
        "key": {
          "type": 0,
          "file": 2,
          "line": 55,
          "col": 3,
          "lit": "path"
        },
        "value": ""
      },
      {
        "key": {
          "type": 0,
          "file": 2,
          "line": 57,
          "col": 3,
          "lit": "clean"
        },
        "value": {
          "type": 0,
          "file": 2,
          "line": 59,
          "col": 14,
          "lit": "true"
        }
      },
      {
        "key": {
          "type": 0,
          "file": 2,
          "line": 60,
          "col": 3,
          "lit": "filter"
        },
        "value": {
          "type": 0,
          "file": 2,
          "line": 64,
          "col": 14,
          "lit": ""
        }
      },
      {
        "key": {
          "type": 0,
          "file": 2,
          "line": 65,
          "col": 3,
          "lit": "sparse-checkout"
        },
        "value": {
          "type": 0,
          "file": 2,
          "line": 69,
          "col": 14,
          "lit": ""
        }
      },
      {
        "key": {
          "type": 0,
          "file": 2,
          "line": 70,
          "col": 3,
          "lit": "sparse-checkout-cone-mode"
        },
        "value": {
          "type": 0,
          "file": 2,
          "line": 73,
          "col": 14,
          "lit": "true"
        }
      },
      {
        "key": {
          "type": 0,
          "file": 2,
          "line": 74,
          "col": 3,
          "lit": "fetch-depth"
        },
        "value": {
          "type": 0,
          "file": 2,
          "line": 76,
          "col": 14,
          "lit": "1"
        }
      },
      {
        "key": {
          "type": 0,
          "file": 2,
          "line": 77,
          "col": 3,
          "lit": "fetch-tags"
        },
        "value": {
          "type": 0,
          "file": 2,
          "line": 79,
          "col": 14,
          "lit": "false"
        }
      },
      {
        "key": {
          "type": 0,
          "file": 2,
          "line": 80,
          "col": 3,
          "lit": "show-progress"
        },
        "value": {
          "type": 0,
          "file": 2,
          "line": 82,
          "col": 14,
          "lit": "true"
        }
      },
      {
        "key": {
          "type": 0,
          "file": 2,
          "line": 83,
          "col": 3,
          "lit": "lfs"
        },
        "value": {
          "type": 0,
          "file": 2,
          "line": 85,
          "col": 14,
          "lit": "false"
        }
      },
      {
        "key": {
          "type": 0,
          "file": 2,
          "line": 86,
          "col": 3,
          "lit": "submodules"
        },
        "value": {
          "type": 0,
          "file": 2,
          "line": 94,
          "col": 14,
          "lit": "false"
        }
      },
      {
        "key": {
          "type": 0,
          "file": 2,
          "line": 95,
          "col": 3,
          "lit": "set-safe-directory"
        },
        "value": {
          "type": 0,
          "file": 2,
          "line": 97,
          "col": 14,
          "lit": "true"
        }
      },
      {
        "key": {
          "type": 0,
          "file": 2,
          "line": 98,
          "col": 3,
          "lit": "github-server-url"
        },
        "value": ""
      }
    ]
  },
  "execution": {
    "executionType": "nodeJS",
    "hasPre": false,
    "hasPost": true,
    "script": "dist/index.js",
    "pre": null,
    "post": "dist/index.js",
    "nodeVersion": "node20",
    "cleanupCondition": "always()",
    "initCondition": "always()"
  },
  "deprecated": null
}
[2025-12-14 22:53:51Z INFO ActionManager] Action node.js file: dist/index.js, no more preparation.
[2025-12-14 22:53:51Z INFO HostContext] Well known directory 'Bin': 'C:\Users\21265\user-management\actions-runner\bin'
[2025-12-14 22:53:51Z INFO HostContext] Well known directory 'Root': 'C:\Users\21265\user-management\actions-runner'
[2025-12-14 22:53:51Z INFO HostContext] Well known directory 'Work': 'C:\Users\21265\user-management\actions-runner\_work'
[2025-12-14 22:53:51Z INFO HostContext] Well known directory 'Actions': 'C:\Users\21265\user-management\actions-runner\_work\_actions'
[2025-12-14 22:53:51Z INFO ActionManager] Load action that reference repository from 'C:\Users\21265\user-management\actions-runner\_work\_actions\actions\checkout\v4'
[2025-12-14 22:53:51Z INFO HostContext] Well known directory 'Bin': 'C:\Users\21265\user-management\actions-runner\bin'
[2025-12-14 22:53:51Z INFO HostContext] Well known directory 'Root': 'C:\Users\21265\user-management\actions-runner'
[2025-12-14 22:53:51Z INFO HostContext] Well known directory 'Work': 'C:\Users\21265\user-management\actions-runner\_work'
[2025-12-14 22:53:51Z INFO HostContext] Well known directory 'Actions': 'C:\Users\21265\user-management\actions-runner\_work\_actions'
[2025-12-14 22:53:51Z INFO ActionManifestManager] Loaded action.yml file: {
  "name": "Checkout",
  "description": "Checkout a Git repository at a particular version",
  "inputs": {
    "type": 2,
    "map": [
      {
        "key": {
          "type": 0,
          "file": 2,
          "line": 4,
          "col": 3,
          "lit": "repository"
        },
        "value": {
          "type": 3,
          "file": 2,
          "line": 6,
          "col": 14,
          "expr": "github.repository"
        }
      },
      {
        "key": {
          "type": 0,
          "file": 2,
          "line": 7,
          "col": 3,
          "lit": "ref"
        },
        "value": ""
      },
      {
        "key": {
          "type": 0,
          "file": 2,
          "line": 12,
          "col": 3,
          "lit": "token"
        },
        "value": {
          "type": 3,
          "file": 2,
          "line": 24,
          "col": 14,
          "expr": "github.token"
        }
      },
      {
        "key": {
          "type": 0,
          "file": 2,
          "line": 25,
          "col": 3,
          "lit": "ssh-key"
        },
        "value": ""
      },
      {
        "key": {
          "type": 0,
          "file": 2,
          "line": 37,
          "col": 3,
          "lit": "ssh-known-hosts"
        },
        "value": ""
      },
      {
        "key": {
          "type": 0,
          "file": 2,
          "line": 42,
          "col": 3,
          "lit": "ssh-strict"
        },
        "value": {
          "type": 0,
          "file": 2,
          "line": 47,
          "col": 14,
          "lit": "true"
        }
      },
      {
        "key": {
          "type": 0,
          "file": 2,
          "line": 48,
          "col": 3,
          "lit": "ssh-user"
        },
        "value": {
          "type": 0,
          "file": 2,
          "line": 51,
          "col": 14,
          "lit": "git"
        }
      },
      {
        "key": {
          "type": 0,
          "file": 2,
          "line": 52,
          "col": 3,
          "lit": "persist-credentials"
        },
        "value": {
          "type": 0,
          "file": 2,
          "line": 54,
          "col": 14,
          "lit": "true"
        }
      },
      {
        "key": {
          "type": 0,
          "file": 2,
          "line": 55,
          "col": 3,
          "lit": "path"
        },
        "value": ""
      },
      {
        "key": {
          "type": 0,
          "file": 2,
          "line": 57,
          "col": 3,
          "lit": "clean"
        },
        "value": {
          "type": 0,
          "file": 2,
          "line": 59,
          "col": 14,
          "lit": "true"
        }
      },
      {
        "key": {
          "type": 0,
          "file": 2,
          "line": 60,
          "col": 3,
          "lit": "filter"
        },
        "value": {
          "type": 0,
          "file": 2,
          "line": 64,
          "col": 14,
          "lit": ""
        }
      },
      {
        "key": {
          "type": 0,
          "file": 2,
          "line": 65,
          "col": 3,
          "lit": "sparse-checkout"
        },
        "value": {
          "type": 0,
          "file": 2,
          "line": 69,
          "col": 14,
          "lit": ""
        }
      },
      {
        "key": {
          "type": 0,
          "file": 2,
          "line": 70,
          "col": 3,
          "lit": "sparse-checkout-cone-mode"
        },
        "value": {
          "type": 0,
          "file": 2,
          "line": 73,
          "col": 14,
          "lit": "true"
        }
      },
      {
        "key": {
          "type": 0,
          "file": 2,
          "line": 74,
          "col": 3,
          "lit": "fetch-depth"
        },
        "value": {
          "type": 0,
          "file": 2,
          "line": 76,
          "col": 14,
          "lit": "1"
        }
      },
      {
        "key": {
          "type": 0,
          "file": 2,
          "line": 77,
          "col": 3,
          "lit": "fetch-tags"
        },
        "value": {
          "type": 0,
          "file": 2,
          "line": 79,
          "col": 14,
          "lit": "false"
        }
      },
      {
        "key": {
          "type": 0,
          "file": 2,
          "line": 80,
          "col": 3,
          "lit": "show-progress"
        },
        "value": {
          "type": 0,
          "file": 2,
          "line": 82,
          "col": 14,
          "lit": "true"
        }
      },
      {
        "key": {
          "type": 0,
          "file": 2,
          "line": 83,
          "col": 3,
          "lit": "lfs"
        },
        "value": {
          "type": 0,
          "file": 2,
          "line": 85,
          "col": 14,
          "lit": "false"
        }
      },
      {
        "key": {
          "type": 0,
          "file": 2,
          "line": 86,
          "col": 3,
          "lit": "submodules"
        },
        "value": {
          "type": 0,
          "file": 2,
          "line": 94,
          "col": 14,
          "lit": "false"
        }
      },
      {
        "key": {
          "type": 0,
          "file": 2,
          "line": 95,
          "col": 3,
          "lit": "set-safe-directory"
        },
        "value": {
          "type": 0,
          "file": 2,
          "line": 97,
          "col": 14,
          "lit": "true"
        }
      },
      {
        "key": {
          "type": 0,
          "file": 2,
          "line": 98,
          "col": 3,
          "lit": "github-server-url"
        },
        "value": ""
      }
    ]
  },
  "execution": {
    "executionType": "nodeJS",
    "hasPre": false,
    "hasPost": true,
    "script": "dist/index.js",
    "pre": null,
    "post": "dist/index.js",
    "nodeVersion": "node20",
    "cleanupCondition": "always()",
    "initCondition": "always()"
  },
  "deprecated": null
}
[2025-12-14 22:53:51Z INFO ActionManager] Action pre node.js file: N/A.
[2025-12-14 22:53:51Z INFO ActionManager] Action node.js file: dist/index.js.
[2025-12-14 22:53:51Z INFO ActionManager] Action post node.js file: dist/index.js.
[2025-12-14 22:53:51Z INFO HostContext] Well known directory 'Bin': 'C:\Users\21265\user-management\actions-runner\bin'
[2025-12-14 22:53:51Z INFO HostContext] Well known directory 'Root': 'C:\Users\21265\user-management\actions-runner'
[2025-12-14 22:53:51Z INFO HostContext] Well known directory 'Work': 'C:\Users\21265\user-management\actions-runner\_work'
[2025-12-14 22:53:51Z INFO HostContext] Well known directory 'Actions': 'C:\Users\21265\user-management\actions-runner\_work\_actions'
[2025-12-14 22:53:51Z INFO HostContext] Well known directory 'Bin': 'C:\Users\21265\user-management\actions-runner\bin'
[2025-12-14 22:53:51Z INFO HostContext] Well known directory 'Root': 'C:\Users\21265\user-management\actions-runner'
[2025-12-14 22:53:51Z INFO HostContext] Well known directory 'Work': 'C:\Users\21265\user-management\actions-runner\_work'
[2025-12-14 22:53:51Z INFO HostContext] Well known directory 'Actions': 'C:\Users\21265\user-management\actions-runner\_work\_actions'
[2025-12-14 22:53:51Z INFO ActionManifestManager] Ignore action property author.
[2025-12-14 22:53:51Z INFO ActionManifestManager] Loaded action.yml file: {
  "name": "Setup Java JDK",
  "description": "Set up a specific version of the Java JDK and add the command-line tools to the PATH",
  "inputs": {
    "type": 2,
    "map": [
      {
        "key": {
          "type": 0,
          "file": 3,
          "line": 6,
          "col": 3,
          "lit": "java-version"
        },
        "value": ""
      },
      {
        "key": {
          "type": 0,
          "file": 3,
          "line": 12,
          "col": 3,
          "lit": "java-package"
        },
        "value": {
          "type": 0,
          "file": 3,
          "line": 15,
          "col": 14,
          "lit": "jdk"
        }
      },
      {
        "key": {
          "type": 0,
          "file": 3,
          "line": 16,
          "col": 3,
          "lit": "architecture"
        },
        "value": {
          "type": 0,
          "file": 3,
          "line": 19,
          "col": 14,
          "lit": "x64"
        }
      },
      {
        "key": {
          "type": 0,
          "file": 3,
          "line": 20,
          "col": 3,
          "lit": "jdkFile"
        },
        "value": ""
      },
      {
        "key": {
          "type": 0,
          "file": 3,
          "line": 24,
          "col": 3,
          "lit": "server-id"
        },
        "value": {
          "type": 0,
          "file": 3,
          "line": 28,
          "col": 14,
          "lit": "github"
        }
      },
      {
        "key": {
          "type": 0,
          "file": 3,
          "line": 29,
          "col": 3,
          "lit": "server-username"
        },
        "value": {
          "type": 0,
          "file": 3,
          "line": 33,
          "col": 14,
          "lit": "GITHUB_ACTOR"
        }
      },
      {
        "key": {
          "type": 0,
          "file": 3,
          "line": 34,
          "col": 3,
          "lit": "server-password"
        },
        "value": {
          "type": 0,
          "file": 3,
          "line": 38,
          "col": 14,
          "lit": "GITHUB_TOKEN"
        }
      },
      {
        "key": {
          "type": 0,
          "file": 3,
          "line": 39,
          "col": 3,
          "lit": "settings-path"
        },
        "value": ""
      },
      {
        "key": {
          "type": 0,
          "file": 3,
          "line": 42,
          "col": 3,
          "lit": "gpg-private-key"
        },
        "value": ""
      },
      {
        "key": {
          "type": 0,
          "file": 3,
          "line": 45,
          "col": 3,
          "lit": "gpg-passphrase"
        },
        "value": ""
      }
    ]
  },
  "execution": {
    "executionType": "nodeJS",
    "hasPre": false,
    "hasPost": true,
    "script": "dist/setup/index.js",
    "pre": null,
    "post": "dist/cleanup/index.js",
    "nodeVersion": "node12",
    "cleanupCondition": "always()",
    "initCondition": "always()"
  },
  "deprecated": null
}
[2025-12-14 22:53:51Z INFO ActionManager] Action node.js file: dist/setup/index.js, no more preparation.
[2025-12-14 22:53:51Z INFO HostContext] Well known directory 'Bin': 'C:\Users\21265\user-management\actions-runner\bin'
[2025-12-14 22:53:51Z INFO HostContext] Well known directory 'Root': 'C:\Users\21265\user-management\actions-runner'
[2025-12-14 22:53:51Z INFO HostContext] Well known directory 'Work': 'C:\Users\21265\user-management\actions-runner\_work'
[2025-12-14 22:53:51Z INFO HostContext] Well known directory 'Actions': 'C:\Users\21265\user-management\actions-runner\_work\_actions'
[2025-12-14 22:53:51Z INFO ActionManager] Load action that reference repository from 'C:\Users\21265\user-management\actions-runner\_work\_actions\actions\setup-java\v1'
[2025-12-14 22:53:51Z INFO HostContext] Well known directory 'Bin': 'C:\Users\21265\user-management\actions-runner\bin'
[2025-12-14 22:53:51Z INFO HostContext] Well known directory 'Root': 'C:\Users\21265\user-management\actions-runner'
[2025-12-14 22:53:51Z INFO HostContext] Well known directory 'Work': 'C:\Users\21265\user-management\actions-runner\_work'
[2025-12-14 22:53:51Z INFO HostContext] Well known directory 'Actions': 'C:\Users\21265\user-management\actions-runner\_work\_actions'
[2025-12-14 22:53:51Z INFO ActionManifestManager] Ignore action property author.
[2025-12-14 22:53:51Z INFO ActionManifestManager] Loaded action.yml file: {
  "name": "Setup Java JDK",
  "description": "Set up a specific version of the Java JDK and add the command-line tools to the PATH",
  "inputs": {
    "type": 2,
    "map": [
      {
        "key": {
          "type": 0,
          "file": 3,
          "line": 6,
          "col": 3,
          "lit": "java-version"
        },
        "value": ""
      },
      {
        "key": {
          "type": 0,
          "file": 3,
          "line": 12,
          "col": 3,
          "lit": "java-package"
        },
        "value": {
          "type": 0,
          "file": 3,
          "line": 15,
          "col": 14,
          "lit": "jdk"
        }
      },
      {
        "key": {
          "type": 0,
          "file": 3,
          "line": 16,
          "col": 3,
          "lit": "architecture"
        },
        "value": {
          "type": 0,
          "file": 3,
          "line": 19,
          "col": 14,
          "lit": "x64"
        }
      },
      {
        "key": {
          "type": 0,
          "file": 3,
          "line": 20,
          "col": 3,
          "lit": "jdkFile"
        },
        "value": ""
      },
      {
        "key": {
          "type": 0,
          "file": 3,
          "line": 24,
          "col": 3,
          "lit": "server-id"
        },
        "value": {
          "type": 0,
          "file": 3,
          "line": 28,
          "col": 14,
          "lit": "github"
        }
      },
      {
        "key": {
          "type": 0,
          "file": 3,
          "line": 29,
          "col": 3,
          "lit": "server-username"
        },
        "value": {
          "type": 0,
          "file": 3,
          "line": 33,
          "col": 14,
          "lit": "GITHUB_ACTOR"
        }
      },
      {
        "key": {
          "type": 0,
          "file": 3,
          "line": 34,
          "col": 3,
          "lit": "server-password"
        },
        "value": {
          "type": 0,
          "file": 3,
          "line": 38,
          "col": 14,
          "lit": "GITHUB_TOKEN"
        }
      },
      {
        "key": {
          "type": 0,
          "file": 3,
          "line": 39,
          "col": 3,
          "lit": "settings-path"
        },
        "value": ""
      },
      {
        "key": {
          "type": 0,
          "file": 3,
          "line": 42,
          "col": 3,
          "lit": "gpg-private-key"
        },
        "value": ""
      },
      {
        "key": {
          "type": 0,
          "file": 3,
          "line": 45,
          "col": 3,
          "lit": "gpg-passphrase"
        },
        "value": ""
      }
    ]
  },
  "execution": {
    "executionType": "nodeJS",
    "hasPre": false,
    "hasPost": true,
    "script": "dist/setup/index.js",
    "pre": null,
    "post": "dist/cleanup/index.js",
    "nodeVersion": "node12",
    "cleanupCondition": "always()",
    "initCondition": "always()"
  },
  "deprecated": null
}
[2025-12-14 22:53:51Z INFO ActionManager] Action pre node.js file: N/A.
[2025-12-14 22:53:51Z INFO ActionManager] Action node.js file: dist/setup/index.js.
[2025-12-14 22:53:51Z INFO ActionManager] Action post node.js file: dist/cleanup/index.js.
[2025-12-14 22:53:51Z INFO JobExtension] Adding .
[2025-12-14 22:53:51Z INFO JobExtension] Adding .
[2025-12-14 22:53:51Z INFO JobExtension] Adding .
[2025-12-14 22:53:51Z INFO JobExtension] Adding .
[2025-12-14 22:53:51Z INFO JobExtension] Adding .
[2025-12-14 22:53:51Z INFO JobExtension] Adding .
[2025-12-14 22:53:51Z INFO JobExtension] Adding .
[2025-12-14 22:53:51Z INFO JobExtension] Adding .
[2025-12-14 22:53:51Z INFO JobExtension] Adding .
[2025-12-14 22:53:51Z INFO JobExtension] Adding .
[2025-12-14 22:53:51Z INFO JobExtension] Adding .
[2025-12-14 22:53:51Z INFO HostContext] Well known directory 'Bin': 'C:\Users\21265\user-management\actions-runner\bin'
[2025-12-14 22:53:51Z INFO HostContext] Well known directory 'Root': 'C:\Users\21265\user-management\actions-runner'
[2025-12-14 22:53:51Z INFO HostContext] Well known directory 'Diag': 'C:\Users\21265\user-management\actions-runner\_diag'
[2025-12-14 22:53:51Z INFO HostContext] Well known directory 'Bin': 'C:\Users\21265\user-management\actions-runner\bin'
[2025-12-14 22:53:51Z INFO HostContext] Well known directory 'Root': 'C:\Users\21265\user-management\actions-runner'
[2025-12-14 22:53:51Z INFO HostContext] Well known directory 'Diag': 'C:\Users\21265\user-management\actions-runner\_diag'
[2025-12-14 22:53:51Z INFO HostContext] Well known directory 'Bin': 'C:\Users\21265\user-management\actions-runner\bin'
[2025-12-14 22:53:51Z INFO HostContext] Well known directory 'Root': 'C:\Users\21265\user-management\actions-runner'
[2025-12-14 22:53:51Z INFO HostContext] Well known directory 'Diag': 'C:\Users\21265\user-management\actions-runner\_diag'
[2025-12-14 22:53:51Z INFO HostContext] Well known directory 'Bin': 'C:\Users\21265\user-management\actions-runner\bin'
[2025-12-14 22:53:51Z INFO HostContext] Well known directory 'Root': 'C:\Users\21265\user-management\actions-runner'
[2025-12-14 22:53:51Z INFO HostContext] Well known directory 'Diag': 'C:\Users\21265\user-management\actions-runner\_diag'
[2025-12-14 22:53:51Z INFO HostContext] Well known directory 'Bin': 'C:\Users\21265\user-management\actions-runner\bin'
[2025-12-14 22:53:51Z INFO HostContext] Well known directory 'Root': 'C:\Users\21265\user-management\actions-runner'
[2025-12-14 22:53:51Z INFO HostContext] Well known directory 'Diag': 'C:\Users\21265\user-management\actions-runner\_diag'
[2025-12-14 22:53:51Z INFO HostContext] Well known directory 'Bin': 'C:\Users\21265\user-management\actions-runner\bin'
[2025-12-14 22:53:51Z INFO HostContext] Well known directory 'Root': 'C:\Users\21265\user-management\actions-runner'
[2025-12-14 22:53:51Z INFO HostContext] Well known directory 'Diag': 'C:\Users\21265\user-management\actions-runner\_diag'
[2025-12-14 22:53:51Z INFO HostContext] Well known directory 'Bin': 'C:\Users\21265\user-management\actions-runner\bin'
[2025-12-14 22:53:51Z INFO HostContext] Well known directory 'Root': 'C:\Users\21265\user-management\actions-runner'
[2025-12-14 22:53:51Z INFO HostContext] Well known directory 'Diag': 'C:\Users\21265\user-management\actions-runner\_diag'
[2025-12-14 22:53:51Z INFO HostContext] Well known directory 'Bin': 'C:\Users\21265\user-management\actions-runner\bin'
[2025-12-14 22:53:51Z INFO HostContext] Well known directory 'Root': 'C:\Users\21265\user-management\actions-runner'
[2025-12-14 22:53:51Z INFO HostContext] Well known directory 'Diag': 'C:\Users\21265\user-management\actions-runner\_diag'
[2025-12-14 22:53:51Z INFO HostContext] Well known directory 'Bin': 'C:\Users\21265\user-management\actions-runner\bin'
[2025-12-14 22:53:51Z INFO HostContext] Well known directory 'Root': 'C:\Users\21265\user-management\actions-runner'
[2025-12-14 22:53:51Z INFO HostContext] Well known directory 'Diag': 'C:\Users\21265\user-management\actions-runner\_diag'
[2025-12-14 22:53:51Z INFO HostContext] Well known directory 'Bin': 'C:\Users\21265\user-management\actions-runner\bin'
[2025-12-14 22:53:51Z INFO HostContext] Well known directory 'Root': 'C:\Users\21265\user-management\actions-runner'
[2025-12-14 22:53:51Z INFO HostContext] Well known directory 'Diag': 'C:\Users\21265\user-management\actions-runner\_diag'
[2025-12-14 22:53:51Z INFO HostContext] Well known directory 'Bin': 'C:\Users\21265\user-management\actions-runner\bin'
[2025-12-14 22:53:51Z INFO HostContext] Well known directory 'Root': 'C:\Users\21265\user-management\actions-runner'
[2025-12-14 22:53:51Z INFO HostContext] Well known directory 'Diag': 'C:\Users\21265\user-management\actions-runner\_diag'
[2025-12-14 22:53:51Z INFO HostContext] Well known directory 'Bin': 'C:\Users\21265\user-management\actions-runner\bin'
[2025-12-14 22:53:51Z INFO HostContext] Well known directory 'Root': 'C:\Users\21265\user-management\actions-runner'
[2025-12-14 22:53:51Z INFO HostContext] Well known directory 'Diag': 'C:\Users\21265\user-management\actions-runner\_diag'
[2025-12-14 22:53:51Z INFO HostContext] Well known directory 'Bin': 'C:\Users\21265\user-management\actions-runner\bin'
[2025-12-14 22:53:51Z INFO HostContext] Well known directory 'Root': 'C:\Users\21265\user-management\actions-runner'
[2025-12-14 22:53:51Z INFO HostContext] Well known directory 'Diag': 'C:\Users\21265\user-management\actions-runner\_diag'
[2025-12-14 22:53:51Z INFO HostContext] Well known directory 'Bin': 'C:\Users\21265\user-management\actions-runner\bin'
[2025-12-14 22:53:51Z INFO HostContext] Well known directory 'Root': 'C:\Users\21265\user-management\actions-runner'
[2025-12-14 22:53:51Z INFO HostContext] Well known directory 'Diag': 'C:\Users\21265\user-management\actions-runner\_diag'
[2025-12-14 22:53:51Z INFO HostContext] Well known directory 'Bin': 'C:\Users\21265\user-management\actions-runner\bin'
[2025-12-14 22:53:51Z INFO HostContext] Well known directory 'Root': 'C:\Users\21265\user-management\actions-runner'
[2025-12-14 22:53:51Z INFO HostContext] Well known directory 'Diag': 'C:\Users\21265\user-management\actions-runner\_diag'
[2025-12-14 22:53:51Z INFO HostContext] Well known directory 'Bin': 'C:\Users\21265\user-management\actions-runner\bin'
[2025-12-14 22:53:51Z INFO HostContext] Well known directory 'Root': 'C:\Users\21265\user-management\actions-runner'
[2025-12-14 22:53:51Z INFO HostContext] Well known directory 'Diag': 'C:\Users\21265\user-management\actions-runner\_diag'
[2025-12-14 22:53:51Z INFO HostContext] Well known directory 'Bin': 'C:\Users\21265\user-management\actions-runner\bin'
[2025-12-14 22:53:51Z INFO HostContext] Well known directory 'Root': 'C:\Users\21265\user-management\actions-runner'
[2025-12-14 22:53:51Z INFO HostContext] Well known directory 'Diag': 'C:\Users\21265\user-management\actions-runner\_diag'
[2025-12-14 22:53:51Z INFO HostContext] Well known directory 'Bin': 'C:\Users\21265\user-management\actions-runner\bin'
[2025-12-14 22:53:51Z INFO HostContext] Well known directory 'Root': 'C:\Users\21265\user-management\actions-runner'
[2025-12-14 22:53:51Z INFO HostContext] Well known directory 'Diag': 'C:\Users\21265\user-management\actions-runner\_diag'
[2025-12-14 22:53:51Z INFO HostContext] Well known directory 'Bin': 'C:\Users\21265\user-management\actions-runner\bin'
[2025-12-14 22:53:51Z INFO HostContext] Well known directory 'Root': 'C:\Users\21265\user-management\actions-runner'
[2025-12-14 22:53:51Z INFO HostContext] Well known directory 'Diag': 'C:\Users\21265\user-management\actions-runner\_diag'
[2025-12-14 22:53:51Z INFO HostContext] Well known directory 'Bin': 'C:\Users\21265\user-management\actions-runner\bin'
[2025-12-14 22:53:51Z INFO HostContext] Well known directory 'Root': 'C:\Users\21265\user-management\actions-runner'
[2025-12-14 22:53:51Z INFO HostContext] Well known directory 'Diag': 'C:\Users\21265\user-management\actions-runner\_diag'
[2025-12-14 22:53:51Z INFO HostContext] Well known directory 'Bin': 'C:\Users\21265\user-management\actions-runner\bin'
[2025-12-14 22:53:51Z INFO HostContext] Well known directory 'Root': 'C:\Users\21265\user-management\actions-runner'
[2025-12-14 22:53:51Z INFO HostContext] Well known directory 'Diag': 'C:\Users\21265\user-management\actions-runner\_diag'
[2025-12-14 22:53:51Z INFO HostContext] Well known directory 'Bin': 'C:\Users\21265\user-management\actions-runner\bin'
[2025-12-14 22:53:51Z INFO HostContext] Well known directory 'Root': 'C:\Users\21265\user-management\actions-runner'
[2025-12-14 22:53:51Z INFO HostContext] Well known directory 'Diag': 'C:\Users\21265\user-management\actions-runner\_diag'
[2025-12-14 22:53:51Z INFO JobExtension] Total accessible running process: 366.
[2025-12-14 22:53:51Z INFO HostContext] Well known directory 'Bin': 'C:\Users\21265\user-management\actions-runner\bin'
[2025-12-14 22:53:51Z INFO HostContext] Well known directory 'Root': 'C:\Users\21265\user-management\actions-runner'
[2025-12-14 22:53:51Z INFO HostContext] Well known directory 'Work': 'C:\Users\21265\user-management\actions-runner\_work'
[2025-12-14 22:53:51Z INFO JobExtension] Start checking service connectivity in background.
[2025-12-14 22:53:51Z INFO ExecutionContext] Publish step telemetry for current step {
  "action": "setup_job",
  "type": "runner",
  "stage": "Pre",
  "stepId": "009258d0-19f3-4b87-8783-9d300ecf1842",
  "result": "succeeded",
  "errorMessages": [],
  "executionTimeInSeconds": 10,
  "startTime": "2025-12-14T22:53:41.5470068Z",
  "finishTime": "2025-12-14T22:53:51.1752813Z"
}.
[2025-12-14 22:53:51Z INFO JobRunner] Total job steps: 11.
[2025-12-14 22:53:51Z INFO JobRunner] Run all job steps.
[2025-12-14 22:53:51Z INFO StepsRunner] Processing step: DisplayName='Run actions/checkout@v4'
[2025-12-14 22:53:51Z INFO StepsRunner] Evaluating: success()
[2025-12-14 22:53:51Z INFO StepsRunner] Result: true
[2025-12-14 22:53:51Z INFO StepsRunner] Starting the step.
[2025-12-14 22:53:51Z INFO HostContext] Well known directory 'Bin': 'C:\Users\21265\user-management\actions-runner\bin'
[2025-12-14 22:53:51Z INFO HostContext] Well known directory 'Root': 'C:\Users\21265\user-management\actions-runner'
[2025-12-14 22:53:51Z INFO HostContext] Well known directory 'Work': 'C:\Users\21265\user-management\actions-runner\_work'
[2025-12-14 22:53:51Z INFO StepsRunner] Which2: 'chcp'
[2025-12-14 22:53:51Z INFO StepsRunner] Location: 'C:\WINDOWS\system32\chcp.COM'
[2025-12-14 22:53:51Z INFO ProcessInvokerWrapper] Starting process:
[2025-12-14 22:53:51Z INFO ProcessInvokerWrapper]   File name: 'C:\WINDOWS\system32\chcp.COM'
[2025-12-14 22:53:51Z INFO ProcessInvokerWrapper]   Arguments: '65001'
[2025-12-14 22:53:51Z INFO ProcessInvokerWrapper]   Working directory: 'C:\Users\21265\user-management\actions-runner\_work'
[2025-12-14 22:53:51Z INFO ProcessInvokerWrapper]   Require exit code zero: 'False'
[2025-12-14 22:53:51Z INFO ProcessInvokerWrapper]   Encoding web name:  ; code page: ''
[2025-12-14 22:53:51Z INFO ProcessInvokerWrapper]   Force kill process on cancellation: 'False'
[2025-12-14 22:53:51Z INFO ProcessInvokerWrapper]   Redirected STDIN: 'False'
[2025-12-14 22:53:51Z INFO ProcessInvokerWrapper]   Persist current code page: 'True'
[2025-12-14 22:53:51Z INFO ProcessInvokerWrapper]   Keep redirected STDIN open: 'False'
[2025-12-14 22:53:51Z INFO ProcessInvokerWrapper]   High priority process: 'False'
[2025-12-14 22:53:51Z INFO ProcessInvokerWrapper] Process started with process id 47420, waiting for process exit.
[2025-12-14 22:53:51Z INFO ProcessInvokerWrapper] STDOUT/STDERR stream read finished.
[2025-12-14 22:53:51Z INFO ProcessInvokerWrapper] STDOUT/STDERR stream read finished.
[2025-12-14 22:53:51Z INFO ProcessInvokerWrapper] Finished process 47420 with exit code 0, and elapsed time 00:00:00.0530625.
[2025-12-14 22:53:51Z INFO StepsRunner] Successfully returned to code page 65001 (UTF8)
[2025-12-14 22:53:51Z INFO HostContext] Well known directory 'Bin': 'C:\Users\21265\user-management\actions-runner\bin'
[2025-12-14 22:53:51Z INFO HostContext] Well known directory 'Root': 'C:\Users\21265\user-management\actions-runner'
[2025-12-14 22:53:51Z INFO HostContext] Well known directory 'Work': 'C:\Users\21265\user-management\actions-runner\_work'
[2025-12-14 22:53:51Z INFO HostContext] Well known directory 'Actions': 'C:\Users\21265\user-management\actions-runner\_work\_actions'
[2025-12-14 22:53:51Z INFO ActionManager] Load action that reference repository from 'C:\Users\21265\user-management\actions-runner\_work\_actions\actions\checkout\v4'
[2025-12-14 22:53:51Z INFO HostContext] Well known directory 'Bin': 'C:\Users\21265\user-management\actions-runner\bin'
[2025-12-14 22:53:51Z INFO HostContext] Well known directory 'Root': 'C:\Users\21265\user-management\actions-runner'
[2025-12-14 22:53:51Z INFO HostContext] Well known directory 'Work': 'C:\Users\21265\user-management\actions-runner\_work'
[2025-12-14 22:53:51Z INFO HostContext] Well known directory 'Actions': 'C:\Users\21265\user-management\actions-runner\_work\_actions'
[2025-12-14 22:53:51Z INFO ActionManifestManager] Loaded action.yml file: {
  "name": "Checkout",
  "description": "Checkout a Git repository at a particular version",
  "inputs": {
    "type": 2,
    "map": [
      {
        "key": {
          "type": 0,
          "file": 2,
          "line": 4,
          "col": 3,
          "lit": "repository"
        },
        "value": {
          "type": 3,
          "file": 2,
          "line": 6,
          "col": 14,
          "expr": "github.repository"
        }
      },
      {
        "key": {
          "type": 0,
          "file": 2,
          "line": 7,
          "col": 3,
          "lit": "ref"
        },
        "value": ""
      },
      {
        "key": {
          "type": 0,
          "file": 2,
          "line": 12,
          "col": 3,
          "lit": "token"
        },
        "value": {
          "type": 3,
          "file": 2,
          "line": 24,
          "col": 14,
          "expr": "github.token"
        }
      },
      {
        "key": {
          "type": 0,
          "file": 2,
          "line": 25,
          "col": 3,
          "lit": "ssh-key"
        },
        "value": ""
      },
      {
        "key": {
          "type": 0,
          "file": 2,
          "line": 37,
          "col": 3,
          "lit": "ssh-known-hosts"
        },
        "value": ""
      },
      {
        "key": {
          "type": 0,
          "file": 2,
          "line": 42,
          "col": 3,
          "lit": "ssh-strict"
        },
        "value": {
          "type": 0,
          "file": 2,
          "line": 47,
          "col": 14,
          "lit": "true"
        }
      },
      {
        "key": {
          "type": 0,
          "file": 2,
          "line": 48,
          "col": 3,
          "lit": "ssh-user"
        },
        "value": {
          "type": 0,
          "file": 2,
          "line": 51,
          "col": 14,
          "lit": "git"
        }
      },
      {
        "key": {
          "type": 0,
          "file": 2,
          "line": 52,
          "col": 3,
          "lit": "persist-credentials"
        },
        "value": {
          "type": 0,
          "file": 2,
          "line": 54,
          "col": 14,
          "lit": "true"
        }
      },
      {
        "key": {
          "type": 0,
          "file": 2,
          "line": 55,
          "col": 3,
          "lit": "path"
        },
        "value": ""
      },
      {
        "key": {
          "type": 0,
          "file": 2,
          "line": 57,
          "col": 3,
          "lit": "clean"
        },
        "value": {
          "type": 0,
          "file": 2,
          "line": 59,
          "col": 14,
          "lit": "true"
        }
      },
      {
        "key": {
          "type": 0,
          "file": 2,
          "line": 60,
          "col": 3,
          "lit": "filter"
        },
        "value": {
          "type": 0,
          "file": 2,
          "line": 64,
          "col": 14,
          "lit": ""
        }
      },
      {
        "key": {
          "type": 0,
          "file": 2,
          "line": 65,
          "col": 3,
          "lit": "sparse-checkout"
        },
        "value": {
          "type": 0,
          "file": 2,
          "line": 69,
          "col": 14,
          "lit": ""
        }
      },
      {
        "key": {
          "type": 0,
          "file": 2,
          "line": 70,
          "col": 3,
          "lit": "sparse-checkout-cone-mode"
        },
        "value": {
          "type": 0,
          "file": 2,
          "line": 73,
          "col": 14,
          "lit": "true"
        }
      },
      {
        "key": {
          "type": 0,
          "file": 2,
          "line": 74,
          "col": 3,
          "lit": "fetch-depth"
        },
        "value": {
          "type": 0,
          "file": 2,
          "line": 76,
          "col": 14,
          "lit": "1"
        }
      },
      {
        "key": {
          "type": 0,
          "file": 2,
          "line": 77,
          "col": 3,
          "lit": "fetch-tags"
        },
        "value": {
          "type": 0,
          "file": 2,
          "line": 79,
          "col": 14,
          "lit": "false"
        }
      },
      {
        "key": {
          "type": 0,
          "file": 2,
          "line": 80,
          "col": 3,
          "lit": "show-progress"
        },
        "value": {
          "type": 0,
          "file": 2,
          "line": 82,
          "col": 14,
          "lit": "true"
        }
      },
      {
        "key": {
          "type": 0,
          "file": 2,
          "line": 83,
          "col": 3,
          "lit": "lfs"
        },
        "value": {
          "type": 0,
          "file": 2,
          "line": 85,
          "col": 14,
          "lit": "false"
        }
      },
      {
        "key": {
          "type": 0,
          "file": 2,
          "line": 86,
          "col": 3,
          "lit": "submodules"
        },
        "value": {
          "type": 0,
          "file": 2,
          "line": 94,
          "col": 14,
          "lit": "false"
        }
      },
      {
        "key": {
          "type": 0,
          "file": 2,
          "line": 95,
          "col": 3,
          "lit": "set-safe-directory"
        },
        "value": {
          "type": 0,
          "file": 2,
          "line": 97,
          "col": 14,
          "lit": "true"
        }
      },
      {
        "key": {
          "type": 0,
          "file": 2,
          "line": 98,
          "col": 3,
          "lit": "github-server-url"
        },
        "value": ""
      }
    ]
  },
  "execution": {
    "executionType": "nodeJS",
    "hasPre": false,
    "hasPost": true,
    "script": "dist/index.js",
    "pre": null,
    "post": "dist/index.js",
    "nodeVersion": "node20",
    "cleanupCondition": "always()",
    "initCondition": "always()"
  },
  "deprecated": null
}
[2025-12-14 22:53:51Z INFO ActionManager] Action pre node.js file: N/A.
[2025-12-14 22:53:51Z INFO ActionManager] Action node.js file: dist/index.js.
[2025-12-14 22:53:51Z INFO ActionManager] Action post node.js file: dist/index.js.
[2025-12-14 22:53:51Z INFO ExecutionContext] Reserve record order 13 to 24 for post job actions.
[2025-12-14 22:53:51Z INFO HostContext] Well known directory 'Bin': 'C:\Users\21265\user-management\actions-runner\bin'
[2025-12-14 22:53:51Z INFO HostContext] Well known directory 'Root': 'C:\Users\21265\user-management\actions-runner'
[2025-12-14 22:53:51Z INFO HostContext] Well known directory 'Diag': 'C:\Users\21265\user-management\actions-runner\_diag'
[2025-12-14 22:53:51Z INFO HostContext] Well known directory 'Bin': 'C:\Users\21265\user-management\actions-runner\bin'
[2025-12-14 22:53:51Z INFO HostContext] Well known directory 'Root': 'C:\Users\21265\user-management\actions-runner'
[2025-12-14 22:53:51Z INFO HostContext] Well known directory 'Diag': 'C:\Users\21265\user-management\actions-runner\_diag'
[2025-12-14 22:53:51Z INFO HostContext] Well known directory 'Bin': 'C:\Users\21265\user-management\actions-runner\bin'
[2025-12-14 22:53:51Z INFO HostContext] Well known directory 'Root': 'C:\Users\21265\user-management\actions-runner'
[2025-12-14 22:53:51Z INFO HostContext] Well known directory 'Work': 'C:\Users\21265\user-management\actions-runner\_work'
[2025-12-14 22:53:51Z INFO HostContext] Well known directory 'Temp': 'C:\Users\21265\user-management\actions-runner\_work\_temp'
[2025-12-14 22:53:51Z INFO JobServerQueue] Try to append 1 batches web console lines for record '009258d0-19f3-4b87-8783-9d300ecf1842', success rate: 1/1.
[2025-12-14 22:53:51Z INFO ExecutionContext] Write event payload to C:\Users\21265\user-management\actions-runner\_work\_temp\_github_workflow\event.json
[2025-12-14 22:53:51Z INFO HostContext] Well known directory 'Bin': 'C:\Users\21265\user-management\actions-runner\bin'
[2025-12-14 22:53:51Z INFO HostContext] Well known directory 'Root': 'C:\Users\21265\user-management\actions-runner'
[2025-12-14 22:53:51Z INFO HostContext] Well known directory 'Work': 'C:\Users\21265\user-management\actions-runner\_work'
[2025-12-14 22:53:51Z INFO HostContext] Well known directory 'Temp': 'C:\Users\21265\user-management\actions-runner\_work\_temp'
[2025-12-14 22:53:51Z INFO ExtensionManager] Getting extensions for interface: 'GitHub.Runner.Worker.IFileCommandExtension'
[2025-12-14 22:53:51Z INFO ExtensionManager] Creating instance: GitHub.Runner.Worker.AddPathFileCommand, Runner.Worker
[2025-12-14 22:53:51Z INFO ExtensionManager] Creating instance: GitHub.Runner.Worker.SetEnvFileCommand, Runner.Worker
[2025-12-14 22:53:51Z INFO ExtensionManager] Creating instance: GitHub.Runner.Worker.CreateStepSummaryCommand, Runner.Worker
[2025-12-14 22:53:51Z INFO ExtensionManager] Creating instance: GitHub.Runner.Worker.SaveStateFileCommand, Runner.Worker
[2025-12-14 22:53:51Z INFO ExtensionManager] Creating instance: GitHub.Runner.Worker.SetOutputFileCommand, Runner.Worker
[2025-12-14 22:53:51Z INFO ActionManifestManager] Input 'repository': default value evaluate result: {
  "type": 0,
  "file": 2,
  "line": 6,
  "col": 14,
  "lit": "Ismail-Dh/user-management"
}
[2025-12-14 22:53:51Z INFO ActionManifestManager] Input 'ref': default value evaluate result: ""
[2025-12-14 22:53:51Z INFO ActionManifestManager] Input 'token': default value evaluate result: {
  "type": 0,
  "file": 2,
  "line": 24,
  "col": 14,
  "lit": "***"
}
[2025-12-14 22:53:51Z INFO ActionManifestManager] Input 'ssh-key': default value evaluate result: ""
[2025-12-14 22:53:51Z INFO ActionManifestManager] Input 'ssh-known-hosts': default value evaluate result: ""
[2025-12-14 22:53:51Z INFO ActionManifestManager] Input 'ssh-strict': default value evaluate result: {
  "type": 0,
  "file": 2,
  "line": 47,
  "col": 14,
  "lit": "true"
}
[2025-12-14 22:53:51Z INFO ActionManifestManager] Input 'ssh-user': default value evaluate result: {
  "type": 0,
  "file": 2,
  "line": 51,
  "col": 14,
  "lit": "git"
}
[2025-12-14 22:53:51Z INFO ActionManifestManager] Input 'persist-credentials': default value evaluate result: {
  "type": 0,
  "file": 2,
  "line": 54,
  "col": 14,
  "lit": "true"
}
[2025-12-14 22:53:51Z INFO ActionManifestManager] Input 'path': default value evaluate result: ""
[2025-12-14 22:53:51Z INFO ActionManifestManager] Input 'clean': default value evaluate result: {
  "type": 0,
  "file": 2,
  "line": 59,
  "col": 14,
  "lit": "true"
}
[2025-12-14 22:53:51Z INFO ActionManifestManager] Input 'filter': default value evaluate result: {
  "type": 0,
  "file": 2,
  "line": 64,
  "col": 14,
  "lit": ""
}
[2025-12-14 22:53:51Z INFO ActionManifestManager] Input 'sparse-checkout': default value evaluate result: {
  "type": 0,
  "file": 2,
  "line": 69,
  "col": 14,
  "lit": ""
}
[2025-12-14 22:53:51Z INFO ActionManifestManager] Input 'sparse-checkout-cone-mode': default value evaluate result: {
  "type": 0,
  "file": 2,
  "line": 73,
  "col": 14,
  "lit": "true"
}
[2025-12-14 22:53:51Z INFO ActionManifestManager] Input 'fetch-tags': default value evaluate result: {
  "type": 0,
  "file": 2,
  "line": 79,
  "col": 14,
  "lit": "false"
}
[2025-12-14 22:53:51Z INFO ActionManifestManager] Input 'show-progress': default value evaluate result: {
  "type": 0,
  "file": 2,
  "line": 82,
  "col": 14,
  "lit": "true"
}
[2025-12-14 22:53:51Z INFO ActionManifestManager] Input 'lfs': default value evaluate result: {
  "type": 0,
  "file": 2,
  "line": 85,
  "col": 14,
  "lit": "false"
}
[2025-12-14 22:53:51Z INFO ActionManifestManager] Input 'submodules': default value evaluate result: {
  "type": 0,
  "file": 2,
  "line": 94,
  "col": 14,
  "lit": "false"
}
[2025-12-14 22:53:51Z INFO ActionManifestManager] Input 'set-safe-directory': default value evaluate result: {
  "type": 0,
  "file": 2,
  "line": 97,
  "col": 14,
  "lit": "true"
}
[2025-12-14 22:53:51Z INFO ActionManifestManager] Input 'github-server-url': default value evaluate result: ""
[2025-12-14 22:53:51Z INFO ExtensionManager] Getting extensions for interface: 'GitHub.Runner.Worker.IActionCommandExtension'
[2025-12-14 22:53:51Z INFO ExtensionManager] Creating instance: GitHub.Runner.Worker.InternalPluginSetRepoPathCommandExtension, Runner.Worker
[2025-12-14 22:53:51Z INFO ExtensionManager] Creating instance: GitHub.Runner.Worker.SetEnvCommandExtension, Runner.Worker
[2025-12-14 22:53:51Z INFO ExtensionManager] Creating instance: GitHub.Runner.Worker.SetOutputCommandExtension, Runner.Worker
[2025-12-14 22:53:51Z INFO ExtensionManager] Creating instance: GitHub.Runner.Worker.SaveStateCommandExtension, Runner.Worker
[2025-12-14 22:53:51Z INFO ExtensionManager] Creating instance: GitHub.Runner.Worker.AddPathCommandExtension, Runner.Worker
[2025-12-14 22:53:51Z INFO ExtensionManager] Creating instance: GitHub.Runner.Worker.AddMaskCommandExtension, Runner.Worker
[2025-12-14 22:53:51Z INFO ExtensionManager] Creating instance: GitHub.Runner.Worker.AddMatcherCommandExtension, Runner.Worker
[2025-12-14 22:53:51Z INFO ExtensionManager] Creating instance: GitHub.Runner.Worker.RemoveMatcherCommandExtension, Runner.Worker
[2025-12-14 22:53:51Z INFO ExtensionManager] Creating instance: GitHub.Runner.Worker.WarningCommandExtension, Runner.Worker
[2025-12-14 22:53:51Z INFO ExtensionManager] Creating instance: GitHub.Runner.Worker.ErrorCommandExtension, Runner.Worker
[2025-12-14 22:53:51Z INFO ExtensionManager] Creating instance: GitHub.Runner.Worker.NoticeCommandExtension, Runner.Worker
[2025-12-14 22:53:51Z INFO ExtensionManager] Creating instance: GitHub.Runner.Worker.DebugCommandExtension, Runner.Worker
[2025-12-14 22:53:51Z INFO ExtensionManager] Creating instance: GitHub.Runner.Worker.GroupCommandExtension, Runner.Worker
[2025-12-14 22:53:51Z INFO ExtensionManager] Creating instance: GitHub.Runner.Worker.EndGroupCommandExtension, Runner.Worker
[2025-12-14 22:53:51Z INFO ExtensionManager] Creating instance: GitHub.Runner.Worker.EchoCommandExtension, Runner.Worker
[2025-12-14 22:53:51Z INFO ActionCommandManager] Register action command extension for command internal-set-repo-path
[2025-12-14 22:53:51Z INFO ActionCommandManager] Register action command extension for command set-env
[2025-12-14 22:53:51Z INFO ActionCommandManager] Register action command extension for command set-output
[2025-12-14 22:53:51Z INFO ActionCommandManager] Register action command extension for command save-state
[2025-12-14 22:53:51Z INFO ActionCommandManager] Register action command extension for command add-path
[2025-12-14 22:53:51Z INFO ActionCommandManager] Register action command extension for command add-mask
[2025-12-14 22:53:51Z INFO ActionCommandManager] Register action command extension for command add-matcher
[2025-12-14 22:53:51Z INFO ActionCommandManager] Register action command extension for command remove-matcher
[2025-12-14 22:53:51Z INFO ActionCommandManager] Register action command extension for command warning
[2025-12-14 22:53:51Z INFO ActionCommandManager] Register action command extension for command error
[2025-12-14 22:53:51Z INFO ActionCommandManager] Register action command extension for command notice
[2025-12-14 22:53:51Z INFO ActionCommandManager] Register action command extension for command debug
[2025-12-14 22:53:51Z INFO ActionCommandManager] Register action command extension for command group
[2025-12-14 22:53:51Z INFO ActionCommandManager] Register action command extension for command endgroup
[2025-12-14 22:53:51Z INFO ActionCommandManager] Register action command extension for command echo
[2025-12-14 22:53:51Z INFO HostContext] Well known directory 'Bin': 'C:\Users\21265\user-management\actions-runner\bin'
[2025-12-14 22:53:51Z INFO HostContext] Well known directory 'Root': 'C:\Users\21265\user-management\actions-runner'
[2025-12-14 22:53:51Z INFO HostContext] Well known directory 'Externals': 'C:\Users\21265\user-management\actions-runner\externals'
[2025-12-14 22:53:51Z INFO ProcessInvokerWrapper] Starting process:
[2025-12-14 22:53:51Z INFO ProcessInvokerWrapper]   File name: 'C:\Users\21265\user-management\actions-runner\externals\node20\bin\node.exe'
[2025-12-14 22:53:51Z INFO ProcessInvokerWrapper]   Arguments: '"C:\Users\21265\user-management\actions-runner\_work\_actions\actions\checkout\v4\dist/index.js"'
[2025-12-14 22:53:51Z INFO ProcessInvokerWrapper]   Working directory: 'C:\Users\21265\user-management\actions-runner\_work\user-management\user-management'
[2025-12-14 22:53:51Z INFO ProcessInvokerWrapper]   Require exit code zero: 'False'
[2025-12-14 22:53:51Z INFO ProcessInvokerWrapper]   Encoding web name: utf-8 ; code page: '65001'
[2025-12-14 22:53:51Z INFO ProcessInvokerWrapper]   Force kill process on cancellation: 'False'
[2025-12-14 22:53:51Z INFO ProcessInvokerWrapper]   Redirected STDIN: 'False'
[2025-12-14 22:53:51Z INFO ProcessInvokerWrapper]   Persist current code page: 'True'
[2025-12-14 22:53:51Z INFO ProcessInvokerWrapper]   Keep redirected STDIN open: 'False'
[2025-12-14 22:53:51Z INFO ProcessInvokerWrapper]   High priority process: 'False'
[2025-12-14 22:53:51Z INFO JobServerQueue] Got a step log file to send to results service.
[2025-12-14 22:53:51Z INFO JobServerQueue] Starting upload of step log file to results service ResultsLog, C:\Users\21265\user-management\actions-runner\_diag\blocks\f2e8e92a-730c-47ac-83a6-11a177b0ab98_009258d0-19f3-4b87-8783-9d300ecf1842.1
[2025-12-14 22:53:51Z INFO JobServerQueue] Try to upload 1 log files or attachments, success rate: 1/1.
[2025-12-14 22:53:51Z INFO JobServerQueue] Try to append 1 batches web console lines for record 'c6641211-fe18-4567-8a5b-c96299e9e386', success rate: 1/1.
[2025-12-14 22:53:53Z INFO JobServerQueue] Tried to upload 1 file(s) to results, success rate: 1/1.
[2025-12-14 22:53:53Z INFO ProcessInvokerWrapper] Process started with process id 45208, waiting for process exit.
[2025-12-14 22:53:54Z INFO JobServerQueue] Try to append 1 batches web console lines for record 'c6641211-fe18-4567-8a5b-c96299e9e386', success rate: 1/1.
[2025-12-14 22:53:54Z INFO JobServerQueue] Try to append 1 batches web console lines for record 'c6641211-fe18-4567-8a5b-c96299e9e386', success rate: 1/1.
[2025-12-14 22:53:55Z INFO AddMaskCommandExtension] Add new secret mask with length of 76
[2025-12-14 22:53:55Z INFO JobServerQueue] Try to append 1 batches web console lines for record 'c6641211-fe18-4567-8a5b-c96299e9e386', success rate: 1/1.
[2025-12-14 22:53:55Z INFO JobServerQueue] Try to append 1 batches web console lines for record 'c6641211-fe18-4567-8a5b-c96299e9e386', success rate: 1/1.
[2025-12-14 22:53:56Z INFO JobServerQueue] Try to append 1 batches web console lines for record 'c6641211-fe18-4567-8a5b-c96299e9e386', success rate: 1/1.
[2025-12-14 22:53:56Z INFO JobServerQueue] Try to append 1 batches web console lines for record 'c6641211-fe18-4567-8a5b-c96299e9e386', success rate: 1/1.
[2025-12-14 22:53:58Z INFO JobServerQueue] Try to append 1 batches web console lines for record 'c6641211-fe18-4567-8a5b-c96299e9e386', success rate: 1/1.
[2025-12-14 22:54:00Z INFO JobServerQueue] Try to append 1 batches web console lines for record 'c6641211-fe18-4567-8a5b-c96299e9e386', success rate: 1/1.
[2025-12-14 22:54:00Z INFO JobServerQueue] Try to append 1 batches web console lines for record 'c6641211-fe18-4567-8a5b-c96299e9e386', success rate: 1/1.
[2025-12-14 22:54:01Z INFO HostContext] Well known directory 'Bin': 'C:\Users\21265\user-management\actions-runner\bin'
[2025-12-14 22:54:01Z INFO HostContext] Well known directory 'Root': 'C:\Users\21265\user-management\actions-runner'
[2025-12-14 22:54:01Z INFO HostContext] Well known directory 'Work': 'C:\Users\21265\user-management\actions-runner\_work'
[2025-12-14 22:54:02Z INFO JobServerQueue] Try to append 1 batches web console lines for record 'c6641211-fe18-4567-8a5b-c96299e9e386', success rate: 1/1.
[2025-12-14 22:54:02Z INFO JobServerQueue] Try to append 1 batches web console lines for record 'c6641211-fe18-4567-8a5b-c96299e9e386', success rate: 1/1.
[2025-12-14 22:54:11Z INFO HostContext] Well known directory 'Bin': 'C:\Users\21265\user-management\actions-runner\bin'
[2025-12-14 22:54:11Z INFO HostContext] Well known directory 'Root': 'C:\Users\21265\user-management\actions-runner'
[2025-12-14 22:54:11Z INFO HostContext] Well known directory 'Work': 'C:\Users\21265\user-management\actions-runner\_work'
[2025-12-14 22:54:21Z INFO HostContext] Well known directory 'Bin': 'C:\Users\21265\user-management\actions-runner\bin'
[2025-12-14 22:54:21Z INFO HostContext] Well known directory 'Root': 'C:\Users\21265\user-management\actions-runner'
[2025-12-14 22:54:21Z INFO HostContext] Well known directory 'Work': 'C:\Users\21265\user-management\actions-runner\_work'
[2025-12-14 22:54:31Z INFO HostContext] Well known directory 'Bin': 'C:\Users\21265\user-management\actions-runner\bin'
[2025-12-14 22:54:31Z INFO HostContext] Well known directory 'Root': 'C:\Users\21265\user-management\actions-runner'
[2025-12-14 22:54:31Z INFO HostContext] Well known directory 'Work': 'C:\Users\21265\user-management\actions-runner\_work'
[2025-12-14 22:54:41Z INFO HostContext] Well known directory 'Bin': 'C:\Users\21265\user-management\actions-runner\bin'
[2025-12-14 22:54:41Z INFO HostContext] Well known directory 'Root': 'C:\Users\21265\user-management\actions-runner'
[2025-12-14 22:54:41Z INFO HostContext] Well known directory 'Work': 'C:\Users\21265\user-management\actions-runner\_work'
[2025-12-14 22:54:44Z INFO JobServerQueue] Stop aggressive process web console line queue.
[2025-12-14 22:54:51Z INFO HostContext] Well known directory 'Bin': 'C:\Users\21265\user-management\actions-runner\bin'
[2025-12-14 22:54:51Z INFO HostContext] Well known directory 'Root': 'C:\Users\21265\user-management\actions-runner'
[2025-12-14 22:54:51Z INFO HostContext] Well known directory 'Work': 'C:\Users\21265\user-management\actions-runner\_work'
[2025-12-14 22:55:01Z INFO HostContext] Well known directory 'Bin': 'C:\Users\21265\user-management\actions-runner\bin'
[2025-12-14 22:55:01Z INFO HostContext] Well known directory 'Root': 'C:\Users\21265\user-management\actions-runner'
[2025-12-14 22:55:01Z INFO HostContext] Well known directory 'Work': 'C:\Users\21265\user-management\actions-runner\_work'
[2025-12-14 22:55:11Z INFO HostContext] Well known directory 'Bin': 'C:\Users\21265\user-management\actions-runner\bin'
[2025-12-14 22:55:11Z INFO HostContext] Well known directory 'Root': 'C:\Users\21265\user-management\actions-runner'
[2025-12-14 22:55:11Z INFO HostContext] Well known directory 'Work': 'C:\Users\21265\user-management\actions-runner\_work'
[2025-12-14 22:55:21Z INFO HostContext] Well known directory 'Bin': 'C:\Users\21265\user-management\actions-runner\bin'
[2025-12-14 22:55:21Z INFO HostContext] Well known directory 'Root': 'C:\Users\21265\user-management\actions-runner'
[2025-12-14 22:55:21Z INFO HostContext] Well known directory 'Work': 'C:\Users\21265\user-management\actions-runner\_work'
[2025-12-14 22:55:31Z INFO HostContext] Well known directory 'Bin': 'C:\Users\21265\user-management\actions-runner\bin'
[2025-12-14 22:55:31Z INFO HostContext] Well known directory 'Root': 'C:\Users\21265\user-management\actions-runner'
[2025-12-14 22:55:31Z INFO HostContext] Well known directory 'Work': 'C:\Users\21265\user-management\actions-runner\_work'
[2025-12-14 22:55:41Z INFO HostContext] Well known directory 'Bin': 'C:\Users\21265\user-management\actions-runner\bin'
[2025-12-14 22:55:41Z INFO HostContext] Well known directory 'Root': 'C:\Users\21265\user-management\actions-runner'
[2025-12-14 22:55:41Z INFO HostContext] Well known directory 'Work': 'C:\Users\21265\user-management\actions-runner\_work'
[2025-12-14 22:55:51Z INFO HostContext] Well known directory 'Bin': 'C:\Users\21265\user-management\actions-runner\bin'
[2025-12-14 22:55:51Z INFO HostContext] Well known directory 'Root': 'C:\Users\21265\user-management\actions-runner'
[2025-12-14 22:55:51Z INFO HostContext] Well known directory 'Work': 'C:\Users\21265\user-management\actions-runner\_work'
[2025-12-14 22:55:54Z INFO JobServerQueue] Try to append 1 batches web console lines for record 'c6641211-fe18-4567-8a5b-c96299e9e386', success rate: 1/1.
[2025-12-14 22:55:54Z INFO JobServerQueue] Try to append 1 batches web console lines for record 'c6641211-fe18-4567-8a5b-c96299e9e386', success rate: 1/1.
[2025-12-14 22:55:55Z INFO ProcessInvokerWrapper] STDOUT/STDERR stream read finished.
[2025-12-14 22:55:55Z INFO ProcessInvokerWrapper] STDOUT/STDERR stream read finished.
[2025-12-14 22:55:55Z INFO ProcessInvokerWrapper] Finished process 45208 with exit code 0, and elapsed time 00:02:04.2725880.
[2025-12-14 22:55:55Z INFO CreateStepSummaryCommand] Step Summary file (C:\Users\21265\user-management\actions-runner\_work\_temp\_runner_file_commands\step_summary_69bc7029-91af-4685-a811-7d3872427b8d) is empty; skipping attachment upload
[2025-12-14 22:55:55Z INFO StepsRunner] Step result: 
[2025-12-14 22:55:55Z INFO ExecutionContext] Publish step telemetry for current step {
  "action": "actions/checkout",
  "ref": "v4",
  "type": "node20",
  "stage": "Main",
  "stepId": "c6641211-fe18-4567-8a5b-c96299e9e386",
  "stepContextName": "__actions_checkout",
  "hasPreStep": false,
  "hasPostStep": true,
  "result": "succeeded",
  "errorMessages": [],
  "executionTimeInSeconds": 125,
  "startTime": "2025-12-14T22:53:51.2090605Z",
  "finishTime": "2025-12-14T22:55:55.7169386Z"
}.
[2025-12-14 22:55:55Z INFO StepsRunner] No need for updating job result with current step result 'Succeeded'.
[2025-12-14 22:55:55Z INFO StepsRunner] Current state: job state = ''
[2025-12-14 22:55:55Z INFO StepsRunner] Processing step: DisplayName='Set up JDK 21'
[2025-12-14 22:55:55Z INFO StepsRunner] Evaluating: success()
[2025-12-14 22:55:55Z INFO StepsRunner] Result: true
[2025-12-14 22:55:55Z INFO StepsRunner] Starting the step.
[2025-12-14 22:55:55Z INFO HostContext] Well known directory 'Bin': 'C:\Users\21265\user-management\actions-runner\bin'
[2025-12-14 22:55:55Z INFO HostContext] Well known directory 'Root': 'C:\Users\21265\user-management\actions-runner'
[2025-12-14 22:55:55Z INFO HostContext] Well known directory 'Work': 'C:\Users\21265\user-management\actions-runner\_work'
[2025-12-14 22:55:55Z INFO StepsRunner] Which2: 'chcp'
[2025-12-14 22:55:55Z INFO StepsRunner] Location: 'C:\WINDOWS\system32\chcp.COM'
[2025-12-14 22:55:55Z INFO ProcessInvokerWrapper] Starting process:
[2025-12-14 22:55:55Z INFO ProcessInvokerWrapper]   File name: 'C:\WINDOWS\system32\chcp.COM'
[2025-12-14 22:55:55Z INFO ProcessInvokerWrapper]   Arguments: '65001'
[2025-12-14 22:55:55Z INFO ProcessInvokerWrapper]   Working directory: 'C:\Users\21265\user-management\actions-runner\_work'
[2025-12-14 22:55:55Z INFO ProcessInvokerWrapper]   Require exit code zero: 'False'
[2025-12-14 22:55:55Z INFO ProcessInvokerWrapper]   Encoding web name:  ; code page: ''
[2025-12-14 22:55:55Z INFO ProcessInvokerWrapper]   Force kill process on cancellation: 'False'
[2025-12-14 22:55:55Z INFO ProcessInvokerWrapper]   Redirected STDIN: 'False'
[2025-12-14 22:55:55Z INFO ProcessInvokerWrapper]   Persist current code page: 'True'
[2025-12-14 22:55:55Z INFO ProcessInvokerWrapper]   Keep redirected STDIN open: 'False'
[2025-12-14 22:55:55Z INFO ProcessInvokerWrapper]   High priority process: 'False'
[2025-12-14 22:55:55Z INFO ProcessInvokerWrapper] Process started with process id 43412, waiting for process exit.
[2025-12-14 22:55:55Z INFO ProcessInvokerWrapper] STDOUT/STDERR stream read finished.
[2025-12-14 22:55:55Z INFO ProcessInvokerWrapper] STDOUT/STDERR stream read finished.
[2025-12-14 22:55:55Z INFO ProcessInvokerWrapper] Finished process 43412 with exit code 0, and elapsed time 00:00:00.0335397.
[2025-12-14 22:55:55Z INFO StepsRunner] Successfully returned to code page 65001 (UTF8)
[2025-12-14 22:55:55Z INFO HostContext] Well known directory 'Bin': 'C:\Users\21265\user-management\actions-runner\bin'
[2025-12-14 22:55:55Z INFO HostContext] Well known directory 'Root': 'C:\Users\21265\user-management\actions-runner'
[2025-12-14 22:55:55Z INFO HostContext] Well known directory 'Work': 'C:\Users\21265\user-management\actions-runner\_work'
[2025-12-14 22:55:55Z INFO HostContext] Well known directory 'Actions': 'C:\Users\21265\user-management\actions-runner\_work\_actions'
[2025-12-14 22:55:55Z INFO ActionManager] Load action that reference repository from 'C:\Users\21265\user-management\actions-runner\_work\_actions\actions\setup-java\v1'
[2025-12-14 22:55:55Z INFO HostContext] Well known directory 'Bin': 'C:\Users\21265\user-management\actions-runner\bin'
[2025-12-14 22:55:55Z INFO HostContext] Well known directory 'Root': 'C:\Users\21265\user-management\actions-runner'
[2025-12-14 22:55:55Z INFO HostContext] Well known directory 'Work': 'C:\Users\21265\user-management\actions-runner\_work'
[2025-12-14 22:55:55Z INFO HostContext] Well known directory 'Actions': 'C:\Users\21265\user-management\actions-runner\_work\_actions'
[2025-12-14 22:55:55Z INFO ActionManifestManager] Ignore action property author.
[2025-12-14 22:55:55Z INFO ActionManifestManager] Loaded action.yml file: {
  "name": "Setup Java JDK",
  "description": "Set up a specific version of the Java JDK and add the command-line tools to the PATH",
  "inputs": {
    "type": 2,
    "map": [
      {
        "key": {
          "type": 0,
          "file": 3,
          "line": 6,
          "col": 3,
          "lit": "java-version"
        },
        "value": ""
      },
      {
        "key": {
          "type": 0,
          "file": 3,
          "line": 12,
          "col": 3,
          "lit": "java-package"
        },
        "value": {
          "type": 0,
          "file": 3,
          "line": 15,
          "col": 14,
          "lit": "jdk"
        }
      },
      {
        "key": {
          "type": 0,
          "file": 3,
          "line": 16,
          "col": 3,
          "lit": "architecture"
        },
        "value": {
          "type": 0,
          "file": 3,
          "line": 19,
          "col": 14,
          "lit": "x64"
        }
      },
      {
        "key": {
          "type": 0,
          "file": 3,
          "line": 20,
          "col": 3,
          "lit": "jdkFile"
        },
        "value": ""
      },
      {
        "key": {
          "type": 0,
          "file": 3,
          "line": 24,
          "col": 3,
          "lit": "server-id"
        },
        "value": {
          "type": 0,
          "file": 3,
          "line": 28,
          "col": 14,
          "lit": "github"
        }
      },
      {
        "key": {
          "type": 0,
          "file": 3,
          "line": 29,
          "col": 3,
          "lit": "server-username"
        },
        "value": {
          "type": 0,
          "file": 3,
          "line": 33,
          "col": 14,
          "lit": "GITHUB_ACTOR"
        }
      },
      {
        "key": {
          "type": 0,
          "file": 3,
          "line": 34,
          "col": 3,
          "lit": "server-password"
        },
        "value": {
          "type": 0,
          "file": 3,
          "line": 38,
          "col": 14,
          "lit": "GITHUB_TOKEN"
        }
      },
      {
        "key": {
          "type": 0,
          "file": 3,
          "line": 39,
          "col": 3,
          "lit": "settings-path"
        },
        "value": ""
      },
      {
        "key": {
          "type": 0,
          "file": 3,
          "line": 42,
          "col": 3,
          "lit": "gpg-private-key"
        },
        "value": ""
      },
      {
        "key": {
          "type": 0,
          "file": 3,
          "line": 45,
          "col": 3,
          "lit": "gpg-passphrase"
        },
        "value": ""
      }
    ]
  },
  "execution": {
    "executionType": "nodeJS",
    "hasPre": false,
    "hasPost": true,
    "script": "dist/setup/index.js",
    "pre": null,
    "post": "dist/cleanup/index.js",
    "nodeVersion": "node12",
    "cleanupCondition": "always()",
    "initCondition": "always()"
  },
  "deprecated": null
}
[2025-12-14 22:55:55Z INFO ActionManager] Action pre node.js file: N/A.
[2025-12-14 22:55:55Z INFO ActionManager] Action node.js file: dist/setup/index.js.
[2025-12-14 22:55:55Z INFO ActionManager] Action post node.js file: dist/cleanup/index.js.
[2025-12-14 22:55:55Z INFO HostContext] Well known directory 'Bin': 'C:\Users\21265\user-management\actions-runner\bin'
[2025-12-14 22:55:55Z INFO HostContext] Well known directory 'Root': 'C:\Users\21265\user-management\actions-runner'
[2025-12-14 22:55:55Z INFO HostContext] Well known directory 'Diag': 'C:\Users\21265\user-management\actions-runner\_diag'
[2025-12-14 22:55:55Z INFO HostContext] Well known directory 'Bin': 'C:\Users\21265\user-management\actions-runner\bin'
[2025-12-14 22:55:55Z INFO HostContext] Well known directory 'Root': 'C:\Users\21265\user-management\actions-runner'
[2025-12-14 22:55:55Z INFO HostContext] Well known directory 'Diag': 'C:\Users\21265\user-management\actions-runner\_diag'
[2025-12-14 22:55:55Z INFO HostContext] Well known directory 'Bin': 'C:\Users\21265\user-management\actions-runner\bin'
[2025-12-14 22:55:55Z INFO HostContext] Well known directory 'Root': 'C:\Users\21265\user-management\actions-runner'
[2025-12-14 22:55:55Z INFO HostContext] Well known directory 'Work': 'C:\Users\21265\user-management\actions-runner\_work'
[2025-12-14 22:55:55Z INFO HostContext] Well known directory 'Temp': 'C:\Users\21265\user-management\actions-runner\_work\_temp'
[2025-12-14 22:55:55Z INFO ExecutionContext] Write event payload to C:\Users\21265\user-management\actions-runner\_work\_temp\_github_workflow\event.json
[2025-12-14 22:55:55Z INFO HostContext] Well known directory 'Bin': 'C:\Users\21265\user-management\actions-runner\bin'
[2025-12-14 22:55:55Z INFO HostContext] Well known directory 'Root': 'C:\Users\21265\user-management\actions-runner'
[2025-12-14 22:55:55Z INFO HostContext] Well known directory 'Work': 'C:\Users\21265\user-management\actions-runner\_work'
[2025-12-14 22:55:55Z INFO HostContext] Well known directory 'Temp': 'C:\Users\21265\user-management\actions-runner\_work\_temp'
[2025-12-14 22:55:55Z INFO ExtensionManager] Getting extensions for interface: 'GitHub.Runner.Worker.IFileCommandExtension'
[2025-12-14 22:55:55Z INFO ActionManifestManager] Input 'java-package': default value evaluate result: {
  "type": 0,
  "file": 3,
  "line": 15,
  "col": 14,
  "lit": "jdk"
}
[2025-12-14 22:55:55Z INFO ActionManifestManager] Input 'architecture': default value evaluate result: {
  "type": 0,
  "file": 3,
  "line": 19,
  "col": 14,
  "lit": "x64"
}
[2025-12-14 22:55:55Z INFO ActionManifestManager] Input 'jdkFile': default value evaluate result: ""
[2025-12-14 22:55:55Z INFO ActionManifestManager] Input 'server-id': default value evaluate result: {
  "type": 0,
  "file": 3,
  "line": 28,
  "col": 14,
  "lit": "github"
}
[2025-12-14 22:55:55Z INFO ActionManifestManager] Input 'server-username': default value evaluate result: {
  "type": 0,
  "file": 3,
  "line": 33,
  "col": 14,
  "lit": "GITHUB_ACTOR"
}
[2025-12-14 22:55:55Z INFO ActionManifestManager] Input 'server-password': default value evaluate result: {
  "type": 0,
  "file": 3,
  "line": 38,
  "col": 14,
  "lit": "GITHUB_TOKEN"
}
[2025-12-14 22:55:55Z INFO ActionManifestManager] Input 'settings-path': default value evaluate result: ""
[2025-12-14 22:55:55Z INFO ActionManifestManager] Input 'gpg-private-key': default value evaluate result: ""
[2025-12-14 22:55:55Z INFO ActionManifestManager] Input 'gpg-passphrase': default value evaluate result: ""
[2025-12-14 22:55:55Z INFO ExtensionManager] Getting extensions for interface: 'GitHub.Runner.Worker.IActionCommandExtension'
[2025-12-14 22:55:55Z INFO ActionCommandManager] Register action command extension for command internal-set-repo-path
[2025-12-14 22:55:55Z INFO ActionCommandManager] Register action command extension for command set-env
[2025-12-14 22:55:55Z INFO ActionCommandManager] Register action command extension for command set-output
[2025-12-14 22:55:55Z INFO ActionCommandManager] Register action command extension for command save-state
[2025-12-14 22:55:55Z INFO ActionCommandManager] Register action command extension for command add-path
[2025-12-14 22:55:55Z INFO ActionCommandManager] Register action command extension for command add-mask
[2025-12-14 22:55:55Z INFO ActionCommandManager] Register action command extension for command add-matcher
[2025-12-14 22:55:55Z INFO ActionCommandManager] Register action command extension for command remove-matcher
[2025-12-14 22:55:55Z INFO ActionCommandManager] Register action command extension for command warning
[2025-12-14 22:55:55Z INFO ActionCommandManager] Register action command extension for command error
[2025-12-14 22:55:55Z INFO ActionCommandManager] Register action command extension for command notice
[2025-12-14 22:55:55Z INFO ActionCommandManager] Register action command extension for command debug
[2025-12-14 22:55:55Z INFO ActionCommandManager] Register action command extension for command group
[2025-12-14 22:55:55Z INFO ActionCommandManager] Register action command extension for command endgroup
[2025-12-14 22:55:55Z INFO ActionCommandManager] Register action command extension for command echo
[2025-12-14 22:55:55Z INFO HostContext] Well known directory 'Bin': 'C:\Users\21265\user-management\actions-runner\bin'
[2025-12-14 22:55:55Z INFO HostContext] Well known directory 'Root': 'C:\Users\21265\user-management\actions-runner'
[2025-12-14 22:55:55Z INFO HostContext] Well known directory 'Externals': 'C:\Users\21265\user-management\actions-runner\externals'
[2025-12-14 22:55:55Z INFO ProcessInvokerWrapper] Starting process:
[2025-12-14 22:55:55Z INFO ProcessInvokerWrapper]   File name: 'C:\Users\21265\user-management\actions-runner\externals\node20\bin\node.exe'
[2025-12-14 22:55:55Z INFO ProcessInvokerWrapper]   Arguments: '"C:\Users\21265\user-management\actions-runner\_work\_actions\actions\setup-java\v1\dist/setup/index.js"'
[2025-12-14 22:55:55Z INFO ProcessInvokerWrapper]   Working directory: 'C:\Users\21265\user-management\actions-runner\_work\user-management\user-management'
[2025-12-14 22:55:55Z INFO ProcessInvokerWrapper]   Require exit code zero: 'False'
[2025-12-14 22:55:55Z INFO ProcessInvokerWrapper]   Encoding web name: utf-8 ; code page: '65001'
[2025-12-14 22:55:55Z INFO ProcessInvokerWrapper]   Force kill process on cancellation: 'False'
[2025-12-14 22:55:55Z INFO ProcessInvokerWrapper]   Redirected STDIN: 'False'
[2025-12-14 22:55:55Z INFO ProcessInvokerWrapper]   Persist current code page: 'True'
[2025-12-14 22:55:55Z INFO ProcessInvokerWrapper]   Keep redirected STDIN open: 'False'
[2025-12-14 22:55:55Z INFO ProcessInvokerWrapper]   High priority process: 'False'
[2025-12-14 22:55:55Z INFO ProcessInvokerWrapper] Process started with process id 25252, waiting for process exit.
[2025-12-14 22:55:55Z INFO JobServerQueue] Try to append 1 batches web console lines for record 'c6641211-fe18-4567-8a5b-c96299e9e386', success rate: 1/1.
[2025-12-14 22:55:55Z INFO JobServerQueue] Try to append 1 batches web console lines for record '44f97bb4-fdc0-464f-b686-aa3185f8d625', success rate: 1/1.
[2025-12-14 22:55:56Z INFO JobServerQueue] Got a step log file to send to results service.
[2025-12-14 22:55:56Z INFO JobServerQueue] Starting upload of step log file to results service ResultsLog, C:\Users\21265\user-management\actions-runner\_diag\blocks\f2e8e92a-730c-47ac-83a6-11a177b0ab98_c6641211-fe18-4567-8a5b-c96299e9e386.1
[2025-12-14 22:55:56Z INFO JobServerQueue] Try to upload 1 log files or attachments, success rate: 1/1.
[2025-12-14 22:55:58Z INFO JobServerQueue] Tried to upload 1 file(s) to results, success rate: 1/1.
[2025-12-14 22:56:01Z INFO HostContext] Well known directory 'Bin': 'C:\Users\21265\user-management\actions-runner\bin'
[2025-12-14 22:56:01Z INFO HostContext] Well known directory 'Root': 'C:\Users\21265\user-management\actions-runner'
[2025-12-14 22:56:01Z INFO HostContext] Well known directory 'Work': 'C:\Users\21265\user-management\actions-runner\_work'
[2025-12-14 22:56:11Z INFO HostContext] Well known directory 'Bin': 'C:\Users\21265\user-management\actions-runner\bin'
[2025-12-14 22:56:11Z INFO HostContext] Well known directory 'Root': 'C:\Users\21265\user-management\actions-runner'
[2025-12-14 22:56:11Z INFO HostContext] Well known directory 'Work': 'C:\Users\21265\user-management\actions-runner\_work'
[2025-12-14 22:56:21Z INFO HostContext] Well known directory 'Bin': 'C:\Users\21265\user-management\actions-runner\bin'
[2025-12-14 22:56:21Z INFO HostContext] Well known directory 'Root': 'C:\Users\21265\user-management\actions-runner'
[2025-12-14 22:56:21Z INFO HostContext] Well known directory 'Work': 'C:\Users\21265\user-management\actions-runner\_work'
[2025-12-14 22:56:31Z INFO HostContext] Well known directory 'Bin': 'C:\Users\21265\user-management\actions-runner\bin'
[2025-12-14 22:56:31Z INFO HostContext] Well known directory 'Root': 'C:\Users\21265\user-management\actions-runner'
[2025-12-14 22:56:31Z INFO HostContext] Well known directory 'Work': 'C:\Users\21265\user-management\actions-runner\_work'
[2025-12-14 22:56:41Z INFO HostContext] Well known directory 'Bin': 'C:\Users\21265\user-management\actions-runner\bin'
[2025-12-14 22:56:41Z INFO HostContext] Well known directory 'Root': 'C:\Users\21265\user-management\actions-runner'
[2025-12-14 22:56:41Z INFO HostContext] Well known directory 'Work': 'C:\Users\21265\user-management\actions-runner\_work'
[2025-12-14 22:56:51Z INFO HostContext] Well known directory 'Bin': 'C:\Users\21265\user-management\actions-runner\bin'
[2025-12-14 22:56:51Z INFO HostContext] Well known directory 'Root': 'C:\Users\21265\user-management\actions-runner'
[2025-12-14 22:56:51Z INFO HostContext] Well known directory 'Work': 'C:\Users\21265\user-management\actions-runner\_work'
[2025-12-14 22:57:01Z INFO HostContext] Well known directory 'Bin': 'C:\Users\21265\user-management\actions-runner\bin'
[2025-12-14 22:57:01Z INFO HostContext] Well known directory 'Root': 'C:\Users\21265\user-management\actions-runner'
[2025-12-14 22:57:01Z INFO HostContext] Well known directory 'Work': 'C:\Users\21265\user-management\actions-runner\_work'
[2025-12-14 22:57:11Z INFO HostContext] Well known directory 'Bin': 'C:\Users\21265\user-management\actions-runner\bin'
[2025-12-14 22:57:11Z INFO HostContext] Well known directory 'Root': 'C:\Users\21265\user-management\actions-runner'
[2025-12-14 22:57:11Z INFO HostContext] Well known directory 'Work': 'C:\Users\21265\user-management\actions-runner\_work'
[2025-12-14 22:57:21Z INFO HostContext] Well known directory 'Bin': 'C:\Users\21265\user-management\actions-runner\bin'
[2025-12-14 22:57:21Z INFO HostContext] Well known directory 'Root': 'C:\Users\21265\user-management\actions-runner'
[2025-12-14 22:57:21Z INFO HostContext] Well known directory 'Work': 'C:\Users\21265\user-management\actions-runner\_work'
[2025-12-14 22:57:24Z INFO ProcessChannel] Receiving message of length 0, with hash 'e3b0c44298fc1c149afbf4c8996fb92427ae41e4649b934ca495991b7852b855'
[2025-12-14 22:57:24Z INFO Worker] Cancellation/Shutdown message received.
[2025-12-14 22:57:24Z INFO StepsRunner] Evaluating: success()
[2025-12-14 22:57:24Z INFO StepsRunner] Result: false
[2025-12-14 22:57:24Z INFO StepsRunner] Cancel current running step.
[2025-12-14 22:57:24Z INFO ProcessInvokerWrapper] Sending CTRL_C to process 25252.
[2025-12-14 22:57:24Z INFO ProcessInvokerWrapper] Successfully send CTRL_C to process 25252.
[2025-12-14 22:57:24Z INFO ProcessInvokerWrapper] Ignore Ctrl+C to current process.
[2025-12-14 22:57:24Z INFO ProcessInvokerWrapper] Waiting for process exit or 7.5 seconds after CTRL_C signal fired.
[2025-12-14 22:57:24Z INFO ProcessInvokerWrapper] STDOUT/STDERR stream read finished.
[2025-12-14 22:57:24Z INFO ProcessInvokerWrapper] STDOUT/STDERR stream read finished.
[2025-12-14 22:57:24Z INFO ProcessInvokerWrapper] Process exit successfully.
[2025-12-14 22:57:24Z INFO ProcessInvokerWrapper] Process cancelled successfully through Ctrl+C/SIGINT.
[2025-12-14 22:57:24Z INFO ProcessInvokerWrapper] Process Cancellation finished.
[2025-12-14 22:57:24Z INFO ProcessInvokerWrapper] Finished process 25252 with exit code -1073741510, and elapsed time 00:01:28.9965673.
[2025-12-14 22:57:24Z INFO CreateStepSummaryCommand] Step Summary file (C:\Users\21265\user-management\actions-runner\_work\_temp\_runner_file_commands\step_summary_1c184e5d-16a0-4601-96b0-5c8945919ff0) is empty; skipping attachment upload
[2025-12-14 22:57:24Z ERR  StepsRunner] Caught cancellation exception from step: System.OperationCanceledException: The operation was canceled.
   at System.Threading.CancellationToken.ThrowOperationCanceledException()
   at GitHub.Runner.Sdk.ProcessInvoker.ExecuteAsync(String workingDirectory, String fileName, String arguments, IDictionary`2 environment, Boolean requireExitCodeZero, Encoding outputEncoding, Boolean killProcessOnCancel, Channel`1 redirectStandardIn, Boolean inheritConsoleHandler, Boolean keepStandardInOpen, Boolean highPriorityProcess, CancellationToken cancellationToken)
   at GitHub.Runner.Common.ProcessInvokerWrapper.ExecuteAsync(String workingDirectory, String fileName, String arguments, IDictionary`2 environment, Boolean requireExitCodeZero, Encoding outputEncoding, Boolean killProcessOnCancel, Channel`1 redirectStandardIn, Boolean inheritConsoleHandler, Boolean keepStandardInOpen, Boolean highPriorityProcess, CancellationToken cancellationToken)
   at GitHub.Runner.Worker.Handlers.DefaultStepHost.ExecuteAsync(IExecutionContext context, String workingDirectory, String fileName, String arguments, IDictionary`2 environment, Boolean requireExitCodeZero, Encoding outputEncoding, Boolean killProcessOnCancel, Boolean inheritConsoleHandler, String standardInInput, CancellationToken cancellationToken)
   at GitHub.Runner.Worker.Handlers.NodeScriptActionHandler.RunAsync(ActionRunStage stage)
   at GitHub.Runner.Worker.ActionRunner.RunAsync()
   at GitHub.Runner.Worker.StepsRunner.RunStepAsync(IStep step, CancellationToken jobCancellationToken)
[2025-12-14 22:57:24Z INFO StepsRunner] Step result: Canceled
[2025-12-14 22:57:24Z INFO ExecutionContext] Publish step telemetry for current step {
  "action": "actions/setup-java",
  "ref": "v1",
  "type": "node20",
  "stage": "Main",
  "stepId": "44f97bb4-fdc0-464f-b686-aa3185f8d625",
  "stepContextName": "__actions_setup-java",
  "hasPreStep": false,
  "hasPostStep": true,
  "result": "canceled",
  "errorMessages": [
    "The operation was canceled."
  ],
  "executionTimeInSeconds": 90,
  "startTime": "2025-12-14T22:55:55.7196792Z",
  "finishTime": "2025-12-14T22:57:24.8360375Z"
}.
[2025-12-14 22:57:24Z INFO StepsRunner] No need for updating job result with current step result 'Canceled'.
[2025-12-14 22:57:24Z INFO StepsRunner] Current state: job state = 'Canceled'
[2025-12-14 22:57:24Z INFO StepsRunner] Processing step: DisplayName='Setup Maven'
[2025-12-14 22:57:24Z INFO StepsRunner] Evaluating: success()
[2025-12-14 22:57:24Z INFO StepsRunner] Result: false
[2025-12-14 22:57:24Z INFO StepsRunner] Skipping step due to condition evaluation.
[2025-12-14 22:57:24Z INFO StepsRunner] No need for updating job result with current step result 'Skipped'.
[2025-12-14 22:57:24Z INFO StepsRunner] Current state: job state = 'Canceled'
[2025-12-14 22:57:24Z INFO StepsRunner] Processing step: DisplayName='Build and analyze'
[2025-12-14 22:57:24Z INFO StepsRunner] Evaluating: success()
[2025-12-14 22:57:24Z INFO StepsRunner] Result: false
[2025-12-14 22:57:24Z INFO StepsRunner] Skipping step due to condition evaluation.
[2025-12-14 22:57:24Z INFO StepsRunner] No need for updating job result with current step result 'Skipped'.
[2025-12-14 22:57:24Z INFO StepsRunner] Current state: job state = 'Canceled'
[2025-12-14 22:57:24Z INFO StepsRunner] Processing step: DisplayName='Build Docker image'
[2025-12-14 22:57:24Z INFO StepsRunner] Evaluating: success()
[2025-12-14 22:57:24Z INFO StepsRunner] Result: false
[2025-12-14 22:57:24Z INFO StepsRunner] Skipping step due to condition evaluation.
[2025-12-14 22:57:24Z INFO StepsRunner] No need for updating job result with current step result 'Skipped'.
[2025-12-14 22:57:24Z INFO StepsRunner] Current state: job state = 'Canceled'
[2025-12-14 22:57:24Z INFO StepsRunner] Processing step: DisplayName='Log in to DockerHub'
[2025-12-14 22:57:24Z INFO StepsRunner] Evaluating: success()
[2025-12-14 22:57:24Z INFO StepsRunner] Result: false
[2025-12-14 22:57:24Z INFO StepsRunner] Skipping step due to condition evaluation.
[2025-12-14 22:57:24Z INFO StepsRunner] No need for updating job result with current step result 'Skipped'.
[2025-12-14 22:57:24Z INFO StepsRunner] Current state: job state = 'Canceled'
[2025-12-14 22:57:24Z INFO StepsRunner] Processing step: DisplayName='Push Docker image'
[2025-12-14 22:57:24Z INFO StepsRunner] Evaluating: success()
[2025-12-14 22:57:24Z INFO StepsRunner] Result: false
[2025-12-14 22:57:24Z INFO StepsRunner] Skipping step due to condition evaluation.
[2025-12-14 22:57:24Z INFO StepsRunner] No need for updating job result with current step result 'Skipped'.
[2025-12-14 22:57:24Z INFO StepsRunner] Current state: job state = 'Canceled'
[2025-12-14 22:57:24Z INFO StepsRunner] Processing step: DisplayName='Set up kubeconfig'
[2025-12-14 22:57:24Z INFO StepsRunner] Evaluating: success()
[2025-12-14 22:57:24Z INFO StepsRunner] Result: false
[2025-12-14 22:57:24Z INFO StepsRunner] Skipping step due to condition evaluation.
[2025-12-14 22:57:24Z INFO StepsRunner] No need for updating job result with current step result 'Skipped'.
[2025-12-14 22:57:24Z INFO StepsRunner] Current state: job state = 'Canceled'
[2025-12-14 22:57:24Z INFO StepsRunner] Processing step: DisplayName='Verify Kubernetes context'
[2025-12-14 22:57:24Z INFO StepsRunner] Evaluating: success()
[2025-12-14 22:57:24Z INFO StepsRunner] Result: false
[2025-12-14 22:57:24Z INFO StepsRunner] Skipping step due to condition evaluation.
[2025-12-14 22:57:24Z INFO StepsRunner] No need for updating job result with current step result 'Skipped'.
[2025-12-14 22:57:24Z INFO StepsRunner] Current state: job state = 'Canceled'
[2025-12-14 22:57:24Z INFO StepsRunner] Processing step: DisplayName='Deploy to kube'
[2025-12-14 22:57:24Z INFO StepsRunner] Evaluating: success()
[2025-12-14 22:57:24Z INFO StepsRunner] Result: false
[2025-12-14 22:57:24Z INFO StepsRunner] Skipping step due to condition evaluation.
[2025-12-14 22:57:24Z INFO StepsRunner] No need for updating job result with current step result 'Skipped'.
[2025-12-14 22:57:24Z INFO StepsRunner] Current state: job state = 'Canceled'
[2025-12-14 22:57:24Z INFO StepsRunner] Processing step: DisplayName='Verify Kubernetes context'
[2025-12-14 22:57:24Z INFO StepsRunner] Evaluating: success()
[2025-12-14 22:57:24Z INFO StepsRunner] Result: false
[2025-12-14 22:57:24Z INFO StepsRunner] Skipping step due to condition evaluation.
[2025-12-14 22:57:24Z INFO StepsRunner] No need for updating job result with current step result 'Skipped'.
[2025-12-14 22:57:24Z INFO StepsRunner] Current state: job state = 'Canceled'
[2025-12-14 22:57:24Z INFO StepsRunner] Processing step: DisplayName='Post Set up JDK 21'
[2025-12-14 22:57:24Z INFO StepsRunner] Evaluating: always()
[2025-12-14 22:57:24Z INFO StepsRunner] Result: true
[2025-12-14 22:57:24Z INFO StepsRunner] Starting the step.
[2025-12-14 22:57:24Z INFO HostContext] Well known directory 'Bin': 'C:\Users\21265\user-management\actions-runner\bin'
[2025-12-14 22:57:24Z INFO HostContext] Well known directory 'Root': 'C:\Users\21265\user-management\actions-runner'
[2025-12-14 22:57:24Z INFO HostContext] Well known directory 'Work': 'C:\Users\21265\user-management\actions-runner\_work'
[2025-12-14 22:57:24Z INFO StepsRunner] Which2: 'chcp'
[2025-12-14 22:57:24Z INFO StepsRunner] Location: 'C:\WINDOWS\system32\chcp.COM'
[2025-12-14 22:57:24Z INFO ProcessInvokerWrapper] Starting process:
[2025-12-14 22:57:24Z INFO ProcessInvokerWrapper]   File name: 'C:\WINDOWS\system32\chcp.COM'
[2025-12-14 22:57:24Z INFO ProcessInvokerWrapper]   Arguments: '65001'
[2025-12-14 22:57:24Z INFO ProcessInvokerWrapper]   Working directory: 'C:\Users\21265\user-management\actions-runner\_work'
[2025-12-14 22:57:24Z INFO ProcessInvokerWrapper]   Require exit code zero: 'False'
[2025-12-14 22:57:24Z INFO ProcessInvokerWrapper]   Encoding web name:  ; code page: ''
[2025-12-14 22:57:24Z INFO ProcessInvokerWrapper]   Force kill process on cancellation: 'False'
[2025-12-14 22:57:24Z INFO ProcessInvokerWrapper]   Redirected STDIN: 'False'
[2025-12-14 22:57:24Z INFO ProcessInvokerWrapper]   Persist current code page: 'True'
[2025-12-14 22:57:24Z INFO ProcessInvokerWrapper]   Keep redirected STDIN open: 'False'
[2025-12-14 22:57:24Z INFO ProcessInvokerWrapper]   High priority process: 'False'
[2025-12-14 22:57:24Z INFO ProcessInvokerWrapper] Process started with process id 908, waiting for process exit.
[2025-12-14 22:57:25Z INFO JobServerQueue] Try to append 1 batches web console lines for record '44f97bb4-fdc0-464f-b686-aa3185f8d625', success rate: 1/1.
[2025-12-14 22:57:25Z INFO JobServerQueue] Try to upload 1 log files or attachments, success rate: 1/1.
[2025-12-14 22:57:25Z INFO ProcessInvokerWrapper] STDOUT/STDERR stream read finished.
[2025-12-14 22:57:25Z INFO ProcessInvokerWrapper] STDOUT/STDERR stream read finished.
[2025-12-14 22:57:25Z INFO ProcessInvokerWrapper] Finished process 908 with exit code 0, and elapsed time 00:00:00.6323456.
[2025-12-14 22:57:25Z INFO StepsRunner] Successfully returned to code page 65001 (UTF8)
[2025-12-14 22:57:25Z INFO HostContext] Well known directory 'Bin': 'C:\Users\21265\user-management\actions-runner\bin'
[2025-12-14 22:57:25Z INFO HostContext] Well known directory 'Root': 'C:\Users\21265\user-management\actions-runner'
[2025-12-14 22:57:25Z INFO HostContext] Well known directory 'Work': 'C:\Users\21265\user-management\actions-runner\_work'
[2025-12-14 22:57:25Z INFO HostContext] Well known directory 'Actions': 'C:\Users\21265\user-management\actions-runner\_work\_actions'
[2025-12-14 22:57:25Z INFO ActionManager] Load action that reference repository from 'C:\Users\21265\user-management\actions-runner\_work\_actions\actions\setup-java\v1'
[2025-12-14 22:57:25Z INFO HostContext] Well known directory 'Bin': 'C:\Users\21265\user-management\actions-runner\bin'
[2025-12-14 22:57:25Z INFO HostContext] Well known directory 'Root': 'C:\Users\21265\user-management\actions-runner'
[2025-12-14 22:57:25Z INFO HostContext] Well known directory 'Work': 'C:\Users\21265\user-management\actions-runner\_work'
[2025-12-14 22:57:25Z INFO HostContext] Well known directory 'Actions': 'C:\Users\21265\user-management\actions-runner\_work\_actions'
[2025-12-14 22:57:25Z INFO ActionManifestManager] Ignore action property author.
[2025-12-14 22:57:25Z INFO ActionManifestManager] Loaded action.yml file: {
  "name": "Setup Java JDK",
  "description": "Set up a specific version of the Java JDK and add the command-line tools to the PATH",
  "inputs": {
    "type": 2,
    "map": [
      {
        "key": {
          "type": 0,
          "file": 3,
          "line": 6,
          "col": 3,
          "lit": "java-version"
        },
        "value": ""
      },
      {
        "key": {
          "type": 0,
          "file": 3,
          "line": 12,
          "col": 3,
          "lit": "java-package"
        },
        "value": {
          "type": 0,
          "file": 3,
          "line": 15,
          "col": 14,
          "lit": "jdk"
        }
      },
      {
        "key": {
          "type": 0,
          "file": 3,
          "line": 16,
          "col": 3,
          "lit": "architecture"
        },
        "value": {
          "type": 0,
          "file": 3,
          "line": 19,
          "col": 14,
          "lit": "x64"
        }
      },
      {
        "key": {
          "type": 0,
          "file": 3,
          "line": 20,
          "col": 3,
          "lit": "jdkFile"
        },
        "value": ""
      },
      {
        "key": {
          "type": 0,
          "file": 3,
          "line": 24,
          "col": 3,
          "lit": "server-id"
        },
        "value": {
          "type": 0,
          "file": 3,
          "line": 28,
          "col": 14,
          "lit": "github"
        }
      },
      {
        "key": {
          "type": 0,
          "file": 3,
          "line": 29,
          "col": 3,
          "lit": "server-username"
        },
        "value": {
          "type": 0,
          "file": 3,
          "line": 33,
          "col": 14,
          "lit": "GITHUB_ACTOR"
        }
      },
      {
        "key": {
          "type": 0,
          "file": 3,
          "line": 34,
          "col": 3,
          "lit": "server-password"
        },
        "value": {
          "type": 0,
          "file": 3,
          "line": 38,
          "col": 14,
          "lit": "GITHUB_TOKEN"
        }
      },
      {
        "key": {
          "type": 0,
          "file": 3,
          "line": 39,
          "col": 3,
          "lit": "settings-path"
        },
        "value": ""
      },
      {
        "key": {
          "type": 0,
          "file": 3,
          "line": 42,
          "col": 3,
          "lit": "gpg-private-key"
        },
        "value": ""
      },
      {
        "key": {
          "type": 0,
          "file": 3,
          "line": 45,
          "col": 3,
          "lit": "gpg-passphrase"
        },
        "value": ""
      }
    ]
  },
  "execution": {
    "executionType": "nodeJS",
    "hasPre": false,
    "hasPost": true,
    "script": "dist/setup/index.js",
    "pre": null,
    "post": "dist/cleanup/index.js",
    "nodeVersion": "node12",
    "cleanupCondition": "always()",
    "initCondition": "always()"
  },
  "deprecated": null
}
[2025-12-14 22:57:25Z INFO ActionManager] Action pre node.js file: N/A.
[2025-12-14 22:57:25Z INFO ActionManager] Action node.js file: dist/setup/index.js.
[2025-12-14 22:57:25Z INFO ActionManager] Action post node.js file: dist/cleanup/index.js.
[2025-12-14 22:57:25Z INFO HostContext] Well known directory 'Bin': 'C:\Users\21265\user-management\actions-runner\bin'
[2025-12-14 22:57:25Z INFO HostContext] Well known directory 'Root': 'C:\Users\21265\user-management\actions-runner'
[2025-12-14 22:57:25Z INFO HostContext] Well known directory 'Work': 'C:\Users\21265\user-management\actions-runner\_work'
[2025-12-14 22:57:25Z INFO HostContext] Well known directory 'Temp': 'C:\Users\21265\user-management\actions-runner\_work\_temp'
[2025-12-14 22:57:25Z INFO ExecutionContext] Write event payload to C:\Users\21265\user-management\actions-runner\_work\_temp\_github_workflow\event.json
[2025-12-14 22:57:25Z INFO HostContext] Well known directory 'Bin': 'C:\Users\21265\user-management\actions-runner\bin'
[2025-12-14 22:57:25Z INFO HostContext] Well known directory 'Root': 'C:\Users\21265\user-management\actions-runner'
[2025-12-14 22:57:25Z INFO HostContext] Well known directory 'Work': 'C:\Users\21265\user-management\actions-runner\_work'
[2025-12-14 22:57:25Z INFO HostContext] Well known directory 'Temp': 'C:\Users\21265\user-management\actions-runner\_work\_temp'
[2025-12-14 22:57:25Z INFO ExtensionManager] Getting extensions for interface: 'GitHub.Runner.Worker.IFileCommandExtension'
[2025-12-14 22:57:25Z INFO ActionManifestManager] Input 'java-package': default value evaluate result: {
  "type": 0,
  "file": 3,
  "line": 15,
  "col": 14,
  "lit": "jdk"
}
[2025-12-14 22:57:25Z INFO ActionManifestManager] Input 'architecture': default value evaluate result: {
  "type": 0,
  "file": 3,
  "line": 19,
  "col": 14,
  "lit": "x64"
}
[2025-12-14 22:57:25Z INFO ActionManifestManager] Input 'jdkFile': default value evaluate result: ""
[2025-12-14 22:57:25Z INFO ActionManifestManager] Input 'server-id': default value evaluate result: {
  "type": 0,
  "file": 3,
  "line": 28,
  "col": 14,
  "lit": "github"
}
[2025-12-14 22:57:25Z INFO ActionManifestManager] Input 'server-username': default value evaluate result: {
  "type": 0,
  "file": 3,
  "line": 33,
  "col": 14,
  "lit": "GITHUB_ACTOR"
}
[2025-12-14 22:57:25Z INFO ActionManifestManager] Input 'server-password': default value evaluate result: {
  "type": 0,
  "file": 3,
  "line": 38,
  "col": 14,
  "lit": "GITHUB_TOKEN"
}
[2025-12-14 22:57:25Z INFO ActionManifestManager] Input 'settings-path': default value evaluate result: ""
[2025-12-14 22:57:25Z INFO ActionManifestManager] Input 'gpg-private-key': default value evaluate result: ""
[2025-12-14 22:57:25Z INFO ActionManifestManager] Input 'gpg-passphrase': default value evaluate result: ""
[2025-12-14 22:57:25Z INFO ExtensionManager] Getting extensions for interface: 'GitHub.Runner.Worker.IActionCommandExtension'
[2025-12-14 22:57:25Z INFO ActionCommandManager] Register action command extension for command internal-set-repo-path
[2025-12-14 22:57:25Z INFO ActionCommandManager] Register action command extension for command set-env
[2025-12-14 22:57:25Z INFO ActionCommandManager] Register action command extension for command set-output
[2025-12-14 22:57:25Z INFO ActionCommandManager] Register action command extension for command save-state
[2025-12-14 22:57:25Z INFO ActionCommandManager] Register action command extension for command add-path
[2025-12-14 22:57:25Z INFO ActionCommandManager] Register action command extension for command add-mask
[2025-12-14 22:57:25Z INFO ActionCommandManager] Register action command extension for command add-matcher
[2025-12-14 22:57:25Z INFO ActionCommandManager] Register action command extension for command remove-matcher
[2025-12-14 22:57:25Z INFO ActionCommandManager] Register action command extension for command warning
[2025-12-14 22:57:25Z INFO ActionCommandManager] Register action command extension for command error
[2025-12-14 22:57:25Z INFO ActionCommandManager] Register action command extension for command notice
[2025-12-14 22:57:25Z INFO ActionCommandManager] Register action command extension for command debug
[2025-12-14 22:57:25Z INFO ActionCommandManager] Register action command extension for command group
[2025-12-14 22:57:25Z INFO ActionCommandManager] Register action command extension for command endgroup
[2025-12-14 22:57:25Z INFO ActionCommandManager] Register action command extension for command echo
[2025-12-14 22:57:25Z INFO HostContext] Well known directory 'Bin': 'C:\Users\21265\user-management\actions-runner\bin'
[2025-12-14 22:57:25Z INFO HostContext] Well known directory 'Root': 'C:\Users\21265\user-management\actions-runner'
[2025-12-14 22:57:25Z INFO HostContext] Well known directory 'Externals': 'C:\Users\21265\user-management\actions-runner\externals'
[2025-12-14 22:57:25Z INFO ProcessInvokerWrapper] Starting process:
[2025-12-14 22:57:25Z INFO ProcessInvokerWrapper]   File name: 'C:\Users\21265\user-management\actions-runner\externals\node20\bin\node.exe'
[2025-12-14 22:57:25Z INFO ProcessInvokerWrapper]   Arguments: '"C:\Users\21265\user-management\actions-runner\_work\_actions\actions\setup-java\v1\dist/cleanup/index.js"'
[2025-12-14 22:57:25Z INFO ProcessInvokerWrapper]   Working directory: 'C:\Users\21265\user-management\actions-runner\_work\user-management\user-management'
[2025-12-14 22:57:25Z INFO ProcessInvokerWrapper]   Require exit code zero: 'False'
[2025-12-14 22:57:25Z INFO ProcessInvokerWrapper]   Encoding web name: utf-8 ; code page: '65001'
[2025-12-14 22:57:25Z INFO ProcessInvokerWrapper]   Force kill process on cancellation: 'False'
[2025-12-14 22:57:25Z INFO ProcessInvokerWrapper]   Redirected STDIN: 'False'
[2025-12-14 22:57:25Z INFO ProcessInvokerWrapper]   Persist current code page: 'True'
[2025-12-14 22:57:25Z INFO ProcessInvokerWrapper]   Keep redirected STDIN open: 'False'
[2025-12-14 22:57:25Z INFO ProcessInvokerWrapper]   High priority process: 'False'
[2025-12-14 22:57:25Z INFO ProcessInvokerWrapper] Process started with process id 8640, waiting for process exit.
[2025-12-14 22:57:25Z INFO JobServerQueue] Try to append 1 batches web console lines for record '8a71d81b-b11e-426c-8a16-ec6c38f9f3a3', success rate: 1/1.
[2025-12-14 22:57:25Z INFO JobServerQueue] Got a step log file to send to results service.
[2025-12-14 22:57:25Z INFO JobServerQueue] Starting upload of step log file to results service ResultsLog, C:\Users\21265\user-management\actions-runner\_diag\blocks\f2e8e92a-730c-47ac-83a6-11a177b0ab98_44f97bb4-fdc0-464f-b686-aa3185f8d625.1
[2025-12-14 22:57:26Z INFO ProcessInvokerWrapper] STDOUT/STDERR stream read finished.
[2025-12-14 22:57:26Z INFO ProcessInvokerWrapper] STDOUT/STDERR stream read finished.
[2025-12-14 22:57:26Z INFO ProcessInvokerWrapper] Finished process 8640 with exit code 0, and elapsed time 00:00:01.0012332.
[2025-12-14 22:57:26Z INFO CreateStepSummaryCommand] Step Summary file (C:\Users\21265\user-management\actions-runner\_work\_temp\_runner_file_commands\step_summary_d9e16620-990c-4795-9442-0aa4fd6b23a5) is empty; skipping attachment upload
[2025-12-14 22:57:26Z INFO StepsRunner] Step result: 
[2025-12-14 22:57:26Z INFO ExecutionContext] Publish step telemetry for current step {
  "action": "actions/setup-java",
  "ref": "v1",
  "type": "node20",
  "stage": "Post",
  "stepId": "8a71d81b-b11e-426c-8a16-ec6c38f9f3a3",
  "result": "succeeded",
  "errorMessages": [],
  "executionTimeInSeconds": 2,
  "startTime": "2025-12-14T22:57:24.8548533Z",
  "finishTime": "2025-12-14T22:57:26.6718313Z"
}.
[2025-12-14 22:57:26Z INFO StepsRunner] No need for updating job result with current step result 'Succeeded'.
[2025-12-14 22:57:26Z INFO StepsRunner] Current state: job state = 'Canceled'
[2025-12-14 22:57:26Z INFO StepsRunner] Processing step: DisplayName='Post Run actions/checkout@v4'
[2025-12-14 22:57:26Z INFO StepsRunner] Evaluating: always()
[2025-12-14 22:57:26Z INFO StepsRunner] Result: true
[2025-12-14 22:57:26Z INFO StepsRunner] Starting the step.
[2025-12-14 22:57:26Z INFO HostContext] Well known directory 'Bin': 'C:\Users\21265\user-management\actions-runner\bin'
[2025-12-14 22:57:26Z INFO HostContext] Well known directory 'Root': 'C:\Users\21265\user-management\actions-runner'
[2025-12-14 22:57:26Z INFO HostContext] Well known directory 'Work': 'C:\Users\21265\user-management\actions-runner\_work'
[2025-12-14 22:57:26Z INFO StepsRunner] Which2: 'chcp'
[2025-12-14 22:57:26Z INFO StepsRunner] Location: 'C:\WINDOWS\system32\chcp.COM'
[2025-12-14 22:57:26Z INFO ProcessInvokerWrapper] Starting process:
[2025-12-14 22:57:26Z INFO ProcessInvokerWrapper]   File name: 'C:\WINDOWS\system32\chcp.COM'
[2025-12-14 22:57:26Z INFO ProcessInvokerWrapper]   Arguments: '65001'
[2025-12-14 22:57:26Z INFO ProcessInvokerWrapper]   Working directory: 'C:\Users\21265\user-management\actions-runner\_work'
[2025-12-14 22:57:26Z INFO ProcessInvokerWrapper]   Require exit code zero: 'False'
[2025-12-14 22:57:26Z INFO ProcessInvokerWrapper]   Encoding web name:  ; code page: ''
[2025-12-14 22:57:26Z INFO ProcessInvokerWrapper]   Force kill process on cancellation: 'False'
[2025-12-14 22:57:26Z INFO ProcessInvokerWrapper]   Redirected STDIN: 'False'
[2025-12-14 22:57:26Z INFO ProcessInvokerWrapper]   Persist current code page: 'True'
[2025-12-14 22:57:26Z INFO ProcessInvokerWrapper]   Keep redirected STDIN open: 'False'
[2025-12-14 22:57:26Z INFO ProcessInvokerWrapper]   High priority process: 'False'
[2025-12-14 22:57:26Z INFO ProcessInvokerWrapper] Process started with process id 18840, waiting for process exit.
[2025-12-14 22:57:27Z INFO ProcessInvokerWrapper] STDOUT/STDERR stream read finished.
[2025-12-14 22:57:27Z INFO ProcessInvokerWrapper] STDOUT/STDERR stream read finished.
[2025-12-14 22:57:27Z INFO ProcessInvokerWrapper] Finished process 18840 with exit code 0, and elapsed time 00:00:00.5892684.
[2025-12-14 22:57:27Z INFO StepsRunner] Successfully returned to code page 65001 (UTF8)
[2025-12-14 22:57:27Z INFO HostContext] Well known directory 'Bin': 'C:\Users\21265\user-management\actions-runner\bin'
[2025-12-14 22:57:27Z INFO HostContext] Well known directory 'Root': 'C:\Users\21265\user-management\actions-runner'
[2025-12-14 22:57:27Z INFO HostContext] Well known directory 'Work': 'C:\Users\21265\user-management\actions-runner\_work'
[2025-12-14 22:57:27Z INFO HostContext] Well known directory 'Actions': 'C:\Users\21265\user-management\actions-runner\_work\_actions'
[2025-12-14 22:57:27Z INFO ActionManager] Load action that reference repository from 'C:\Users\21265\user-management\actions-runner\_work\_actions\actions\checkout\v4'
[2025-12-14 22:57:27Z INFO HostContext] Well known directory 'Bin': 'C:\Users\21265\user-management\actions-runner\bin'
[2025-12-14 22:57:27Z INFO HostContext] Well known directory 'Root': 'C:\Users\21265\user-management\actions-runner'
[2025-12-14 22:57:27Z INFO HostContext] Well known directory 'Work': 'C:\Users\21265\user-management\actions-runner\_work'
[2025-12-14 22:57:27Z INFO HostContext] Well known directory 'Actions': 'C:\Users\21265\user-management\actions-runner\_work\_actions'
[2025-12-14 22:57:27Z INFO ActionManifestManager] Loaded action.yml file: {
  "name": "Checkout",
  "description": "Checkout a Git repository at a particular version",
  "inputs": {
    "type": 2,
    "map": [
      {
        "key": {
          "type": 0,
          "file": 2,
          "line": 4,
          "col": 3,
          "lit": "repository"
        },
        "value": {
          "type": 3,
          "file": 2,
          "line": 6,
          "col": 14,
          "expr": "github.repository"
        }
      },
      {
        "key": {
          "type": 0,
          "file": 2,
          "line": 7,
          "col": 3,
          "lit": "ref"
        },
        "value": ""
      },
      {
        "key": {
          "type": 0,
          "file": 2,
          "line": 12,
          "col": 3,
          "lit": "token"
        },
        "value": {
          "type": 3,
          "file": 2,
          "line": 24,
          "col": 14,
          "expr": "github.token"
        }
      },
      {
        "key": {
          "type": 0,
          "file": 2,
          "line": 25,
          "col": 3,
          "lit": "ssh-key"
        },
        "value": ""
      },
      {
        "key": {
          "type": 0,
          "file": 2,
          "line": 37,
          "col": 3,
          "lit": "ssh-known-hosts"
        },
        "value": ""
      },
      {
        "key": {
          "type": 0,
          "file": 2,
          "line": 42,
          "col": 3,
          "lit": "ssh-strict"
        },
        "value": {
          "type": 0,
          "file": 2,
          "line": 47,
          "col": 14,
          "lit": "true"
        }
      },
      {
        "key": {
          "type": 0,
          "file": 2,
          "line": 48,
          "col": 3,
          "lit": "ssh-user"
        },
        "value": {
          "type": 0,
          "file": 2,
          "line": 51,
          "col": 14,
          "lit": "git"
        }
      },
      {
        "key": {
          "type": 0,
          "file": 2,
          "line": 52,
          "col": 3,
          "lit": "persist-credentials"
        },
        "value": {
          "type": 0,
          "file": 2,
          "line": 54,
          "col": 14,
          "lit": "true"
        }
      },
      {
        "key": {
          "type": 0,
          "file": 2,
          "line": 55,
          "col": 3,
          "lit": "path"
        },
        "value": ""
      },
      {
        "key": {
          "type": 0,
          "file": 2,
          "line": 57,
          "col": 3,
          "lit": "clean"
        },
        "value": {
          "type": 0,
          "file": 2,
          "line": 59,
          "col": 14,
          "lit": "true"
        }
      },
      {
        "key": {
          "type": 0,
          "file": 2,
          "line": 60,
          "col": 3,
          "lit": "filter"
        },
        "value": {
          "type": 0,
          "file": 2,
          "line": 64,
          "col": 14,
          "lit": ""
        }
      },
      {
        "key": {
          "type": 0,
          "file": 2,
          "line": 65,
          "col": 3,
          "lit": "sparse-checkout"
        },
        "value": {
          "type": 0,
          "file": 2,
          "line": 69,
          "col": 14,
          "lit": ""
        }
      },
      {
        "key": {
          "type": 0,
          "file": 2,
          "line": 70,
          "col": 3,
          "lit": "sparse-checkout-cone-mode"
        },
        "value": {
          "type": 0,
          "file": 2,
          "line": 73,
          "col": 14,
          "lit": "true"
        }
      },
      {
        "key": {
          "type": 0,
          "file": 2,
          "line": 74,
          "col": 3,
          "lit": "fetch-depth"
        },
        "value": {
          "type": 0,
          "file": 2,
          "line": 76,
          "col": 14,
          "lit": "1"
        }
      },
      {
        "key": {
          "type": 0,
          "file": 2,
          "line": 77,
          "col": 3,
          "lit": "fetch-tags"
        },
        "value": {
          "type": 0,
          "file": 2,
          "line": 79,
          "col": 14,
          "lit": "false"
        }
      },
      {
        "key": {
          "type": 0,
          "file": 2,
          "line": 80,
          "col": 3,
          "lit": "show-progress"
        },
        "value": {
          "type": 0,
          "file": 2,
          "line": 82,
          "col": 14,
          "lit": "true"
        }
      },
      {
        "key": {
          "type": 0,
          "file": 2,
          "line": 83,
          "col": 3,
          "lit": "lfs"
        },
        "value": {
          "type": 0,
          "file": 2,
          "line": 85,
          "col": 14,
          "lit": "false"
        }
      },
      {
        "key": {
          "type": 0,
          "file": 2,
          "line": 86,
          "col": 3,
          "lit": "submodules"
        },
        "value": {
          "type": 0,
          "file": 2,
          "line": 94,
          "col": 14,
          "lit": "false"
        }
      },
      {
        "key": {
          "type": 0,
          "file": 2,
          "line": 95,
          "col": 3,
          "lit": "set-safe-directory"
        },
        "value": {
          "type": 0,
          "file": 2,
          "line": 97,
          "col": 14,
          "lit": "true"
        }
      },
      {
        "key": {
          "type": 0,
          "file": 2,
          "line": 98,
          "col": 3,
          "lit": "github-server-url"
        },
        "value": ""
      }
    ]
  },
  "execution": {
    "executionType": "nodeJS",
    "hasPre": false,
    "hasPost": true,
    "script": "dist/index.js",
    "pre": null,
    "post": "dist/index.js",
    "nodeVersion": "node20",
    "cleanupCondition": "always()",
    "initCondition": "always()"
  },
  "deprecated": null
}
[2025-12-14 22:57:27Z INFO ActionManager] Action pre node.js file: N/A.
[2025-12-14 22:57:27Z INFO ActionManager] Action node.js file: dist/index.js.
[2025-12-14 22:57:27Z INFO ActionManager] Action post node.js file: dist/index.js.
[2025-12-14 22:57:27Z INFO HostContext] Well known directory 'Bin': 'C:\Users\21265\user-management\actions-runner\bin'
[2025-12-14 22:57:27Z INFO HostContext] Well known directory 'Root': 'C:\Users\21265\user-management\actions-runner'
[2025-12-14 22:57:27Z INFO HostContext] Well known directory 'Work': 'C:\Users\21265\user-management\actions-runner\_work'
[2025-12-14 22:57:27Z INFO HostContext] Well known directory 'Temp': 'C:\Users\21265\user-management\actions-runner\_work\_temp'
[2025-12-14 22:57:27Z INFO ExecutionContext] Write event payload to C:\Users\21265\user-management\actions-runner\_work\_temp\_github_workflow\event.json
[2025-12-14 22:57:27Z INFO HostContext] Well known directory 'Bin': 'C:\Users\21265\user-management\actions-runner\bin'
[2025-12-14 22:57:27Z INFO HostContext] Well known directory 'Root': 'C:\Users\21265\user-management\actions-runner'
[2025-12-14 22:57:27Z INFO HostContext] Well known directory 'Work': 'C:\Users\21265\user-management\actions-runner\_work'
[2025-12-14 22:57:27Z INFO HostContext] Well known directory 'Temp': 'C:\Users\21265\user-management\actions-runner\_work\_temp'
[2025-12-14 22:57:27Z INFO ExtensionManager] Getting extensions for interface: 'GitHub.Runner.Worker.IFileCommandExtension'
[2025-12-14 22:57:27Z INFO ActionManifestManager] Input 'repository': default value evaluate result: {
  "type": 0,
  "file": 2,
  "line": 6,
  "col": 14,
  "lit": "Ismail-Dh/user-management"
}
[2025-12-14 22:57:27Z INFO ActionManifestManager] Input 'ref': default value evaluate result: ""
[2025-12-14 22:57:27Z INFO ActionManifestManager] Input 'token': default value evaluate result: {
  "type": 0,
  "file": 2,
  "line": 24,
  "col": 14,
  "lit": "***"
}
[2025-12-14 22:57:27Z INFO ActionManifestManager] Input 'ssh-key': default value evaluate result: ""
[2025-12-14 22:57:27Z INFO ActionManifestManager] Input 'ssh-known-hosts': default value evaluate result: ""
[2025-12-14 22:57:27Z INFO ActionManifestManager] Input 'ssh-strict': default value evaluate result: {
  "type": 0,
  "file": 2,
  "line": 47,
  "col": 14,
  "lit": "true"
}
[2025-12-14 22:57:27Z INFO ActionManifestManager] Input 'ssh-user': default value evaluate result: {
  "type": 0,
  "file": 2,
  "line": 51,
  "col": 14,
  "lit": "git"
}
[2025-12-14 22:57:27Z INFO ActionManifestManager] Input 'persist-credentials': default value evaluate result: {
  "type": 0,
  "file": 2,
  "line": 54,
  "col": 14,
  "lit": "true"
}
[2025-12-14 22:57:27Z INFO ActionManifestManager] Input 'path': default value evaluate result: ""
[2025-12-14 22:57:27Z INFO ActionManifestManager] Input 'clean': default value evaluate result: {
  "type": 0,
  "file": 2,
  "line": 59,
  "col": 14,
  "lit": "true"
}
[2025-12-14 22:57:27Z INFO ActionManifestManager] Input 'filter': default value evaluate result: {
  "type": 0,
  "file": 2,
  "line": 64,
  "col": 14,
  "lit": ""
}
[2025-12-14 22:57:27Z INFO ActionManifestManager] Input 'sparse-checkout': default value evaluate result: {
  "type": 0,
  "file": 2,
  "line": 69,
  "col": 14,
  "lit": ""
}
[2025-12-14 22:57:27Z INFO ActionManifestManager] Input 'sparse-checkout-cone-mode': default value evaluate result: {
  "type": 0,
  "file": 2,
  "line": 73,
  "col": 14,
  "lit": "true"
}
[2025-12-14 22:57:27Z INFO ActionManifestManager] Input 'fetch-tags': default value evaluate result: {
  "type": 0,
  "file": 2,
  "line": 79,
  "col": 14,
  "lit": "false"
}
[2025-12-14 22:57:27Z INFO ActionManifestManager] Input 'show-progress': default value evaluate result: {
  "type": 0,
  "file": 2,
  "line": 82,
  "col": 14,
  "lit": "true"
}
[2025-12-14 22:57:27Z INFO ActionManifestManager] Input 'lfs': default value evaluate result: {
  "type": 0,
  "file": 2,
  "line": 85,
  "col": 14,
  "lit": "false"
}
[2025-12-14 22:57:27Z INFO ActionManifestManager] Input 'submodules': default value evaluate result: {
  "type": 0,
  "file": 2,
  "line": 94,
  "col": 14,
  "lit": "false"
}
[2025-12-14 22:57:27Z INFO ActionManifestManager] Input 'set-safe-directory': default value evaluate result: {
  "type": 0,
  "file": 2,
  "line": 97,
  "col": 14,
  "lit": "true"
}
[2025-12-14 22:57:27Z INFO ActionManifestManager] Input 'github-server-url': default value evaluate result: ""
[2025-12-14 22:57:27Z INFO ExtensionManager] Getting extensions for interface: 'GitHub.Runner.Worker.IActionCommandExtension'
[2025-12-14 22:57:27Z INFO ActionCommandManager] Register action command extension for command internal-set-repo-path
[2025-12-14 22:57:27Z INFO ActionCommandManager] Register action command extension for command set-env
[2025-12-14 22:57:27Z INFO ActionCommandManager] Register action command extension for command set-output
[2025-12-14 22:57:27Z INFO ActionCommandManager] Register action command extension for command save-state
[2025-12-14 22:57:27Z INFO ActionCommandManager] Register action command extension for command add-path
[2025-12-14 22:57:27Z INFO ActionCommandManager] Register action command extension for command add-mask
[2025-12-14 22:57:27Z INFO ActionCommandManager] Register action command extension for command add-matcher
[2025-12-14 22:57:27Z INFO ActionCommandManager] Register action command extension for command remove-matcher
[2025-12-14 22:57:27Z INFO ActionCommandManager] Register action command extension for command warning
[2025-12-14 22:57:27Z INFO ActionCommandManager] Register action command extension for command error
[2025-12-14 22:57:27Z INFO ActionCommandManager] Register action command extension for command notice
[2025-12-14 22:57:27Z INFO ActionCommandManager] Register action command extension for command debug
[2025-12-14 22:57:27Z INFO ActionCommandManager] Register action command extension for command group
[2025-12-14 22:57:27Z INFO ActionCommandManager] Register action command extension for command endgroup
[2025-12-14 22:57:27Z INFO ActionCommandManager] Register action command extension for command echo
[2025-12-14 22:57:27Z INFO HostContext] Well known directory 'Bin': 'C:\Users\21265\user-management\actions-runner\bin'
[2025-12-14 22:57:27Z INFO HostContext] Well known directory 'Root': 'C:\Users\21265\user-management\actions-runner'
[2025-12-14 22:57:27Z INFO HostContext] Well known directory 'Externals': 'C:\Users\21265\user-management\actions-runner\externals'
[2025-12-14 22:57:27Z INFO ProcessInvokerWrapper] Starting process:
[2025-12-14 22:57:27Z INFO ProcessInvokerWrapper]   File name: 'C:\Users\21265\user-management\actions-runner\externals\node20\bin\node.exe'
[2025-12-14 22:57:27Z INFO ProcessInvokerWrapper]   Arguments: '"C:\Users\21265\user-management\actions-runner\_work\_actions\actions\checkout\v4\dist/index.js"'
[2025-12-14 22:57:27Z INFO ProcessInvokerWrapper]   Working directory: 'C:\Users\21265\user-management\actions-runner\_work\user-management\user-management'
[2025-12-14 22:57:27Z INFO ProcessInvokerWrapper]   Require exit code zero: 'False'
[2025-12-14 22:57:27Z INFO ProcessInvokerWrapper]   Encoding web name: utf-8 ; code page: '65001'
[2025-12-14 22:57:27Z INFO ProcessInvokerWrapper]   Force kill process on cancellation: 'False'
[2025-12-14 22:57:27Z INFO ProcessInvokerWrapper]   Redirected STDIN: 'False'
[2025-12-14 22:57:27Z INFO ProcessInvokerWrapper]   Persist current code page: 'True'
[2025-12-14 22:57:27Z INFO ProcessInvokerWrapper]   Keep redirected STDIN open: 'False'
[2025-12-14 22:57:27Z INFO ProcessInvokerWrapper]   High priority process: 'False'
[2025-12-14 22:57:27Z INFO ProcessInvokerWrapper] Process started with process id 39924, waiting for process exit.
[2025-12-14 22:57:27Z INFO JobServerQueue] Tried to upload 1 file(s) to results, success rate: 1/1.
[2025-12-14 22:57:27Z INFO JobServerQueue] Try to upload 1 log files or attachments, success rate: 1/1.
[2025-12-14 22:57:27Z INFO JobServerQueue] Try to append 1 batches web console lines for record 'd5fd1732-f89c-4350-a1c5-bd3fc489373d', success rate: 1/1.
[2025-12-14 22:57:28Z INFO JobServerQueue] Got a step log file to send to results service.
[2025-12-14 22:57:28Z INFO JobServerQueue] Starting upload of step log file to results service ResultsLog, C:\Users\21265\user-management\actions-runner\_diag\blocks\f2e8e92a-730c-47ac-83a6-11a177b0ab98_8a71d81b-b11e-426c-8a16-ec6c38f9f3a3.1
[2025-12-14 22:57:28Z INFO AddMaskCommandExtension] Add new secret mask with length of 32
[2025-12-14 22:57:28Z INFO JobServerQueue] Try to append 1 batches web console lines for record 'd5fd1732-f89c-4350-a1c5-bd3fc489373d', success rate: 1/1.
[2025-12-14 22:57:28Z INFO JobServerQueue] Tried to upload 1 file(s) to results, success rate: 1/1.
[2025-12-14 22:57:30Z INFO ProcessInvokerWrapper] STDOUT/STDERR stream read finished.
[2025-12-14 22:57:30Z INFO ProcessInvokerWrapper] STDOUT/STDERR stream read finished.
[2025-12-14 22:57:30Z INFO ProcessInvokerWrapper] Finished process 39924 with exit code -1073741510, and elapsed time 00:00:03.1033132.
[2025-12-14 22:57:30Z INFO CreateStepSummaryCommand] Step Summary file (C:\Users\21265\user-management\actions-runner\_work\_temp\_runner_file_commands\step_summary_08a773f1-8177-4f7e-92fc-3c6bd38fb108) is empty; skipping attachment upload
[2025-12-14 22:57:30Z INFO StepsRunner] Step result: Failed
[2025-12-14 22:57:30Z INFO ExecutionContext] Publish step telemetry for current step {
  "action": "actions/checkout",
  "ref": "v4",
  "type": "node20",
  "stage": "Post",
  "stepId": "d5fd1732-f89c-4350-a1c5-bd3fc489373d",
  "result": "failed",
  "errorMessages": [],
  "executionTimeInSeconds": 4,
  "startTime": "2025-12-14T22:57:26.675784Z",
  "finishTime": "2025-12-14T22:57:30.4244394Z"
}.
[2025-12-14 22:57:30Z INFO StepsRunner] Update job result with current step result 'Failed'.
[2025-12-14 22:57:30Z INFO StepsRunner] Current state: job state = 'Canceled'
[2025-12-14 22:57:30Z INFO JobRunner] Finalize job.
[2025-12-14 22:57:30Z INFO HostContext] Well known directory 'Bin': 'C:\Users\21265\user-management\actions-runner\bin'
[2025-12-14 22:57:30Z INFO HostContext] Well known directory 'Root': 'C:\Users\21265\user-management\actions-runner'
[2025-12-14 22:57:30Z INFO HostContext] Well known directory 'Diag': 'C:\Users\21265\user-management\actions-runner\_diag'
[2025-12-14 22:57:30Z INFO HostContext] Well known directory 'Bin': 'C:\Users\21265\user-management\actions-runner\bin'
[2025-12-14 22:57:30Z INFO HostContext] Well known directory 'Root': 'C:\Users\21265\user-management\actions-runner'
[2025-12-14 22:57:30Z INFO HostContext] Well known directory 'Diag': 'C:\Users\21265\user-management\actions-runner\_diag'
[2025-12-14 22:57:30Z INFO JobExtension] Initialize Env context
[2025-12-14 22:57:30Z INFO JobExtension] Initialize steps context
[2025-12-14 22:57:30Z INFO JobExtension] Total accessible running process: 372.
[2025-12-14 22:57:30Z INFO JobExtension] Inspecting process environment variables. PID: 13864 (conhost)
[2025-12-14 22:57:30Z INFO JobExtension] Inspecting process environment variables. PID: 43788 (powershell)
[2025-12-14 22:57:30Z INFO JobServerQueue] Try to upload 1 log files or attachments, success rate: 1/1.
[2025-12-14 22:57:30Z INFO JobExtension] Inspecting process environment variables. PID: 48408 (SearchProtocolHost)
[2025-12-14 22:57:30Z INFO JobExtension] Inspecting process environment variables. PID: 41644 (svchost)
[2025-12-14 22:57:30Z WARN JobExtension] Ignore exception during read process environment variables: Accès refusé.
[2025-12-14 22:57:30Z INFO JobExtension] Inspecting process environment variables. PID: 47476 (svchost)
[2025-12-14 22:57:30Z WARN JobExtension] Ignore exception during read process environment variables: Accès refusé.
[2025-12-14 22:57:30Z INFO JobExtension] Inspecting process environment variables. PID: 50676 (WmiPrvSE)
[2025-12-14 22:57:30Z WARN JobExtension] Ignore exception during read process environment variables: Accès refusé.
[2025-12-14 22:57:30Z INFO JobExtension] Inspecting process environment variables. PID: 13096 (sppsvc)
[2025-12-14 22:57:30Z WARN JobExtension] Ignore exception during read process environment variables: Accès refusé.
[2025-12-14 22:57:30Z INFO JobExtension] Inspecting process environment variables. PID: 41384 (conhost)
[2025-12-14 22:57:30Z INFO JobExtension] Inspecting process environment variables. PID: 37184 (OpenConsole)
[2025-12-14 22:57:30Z INFO JobExtension] Inspecting process environment variables. PID: 34872 (docker)
[2025-12-14 22:57:30Z INFO JobExtension] Inspecting process environment variables. PID: 42632 (conhost)
[2025-12-14 22:57:30Z INFO JobExtension] Inspecting process environment variables. PID: 33428 (docker)
[2025-12-14 22:57:30Z INFO JobExtension] Inspecting process environment variables. PID: 46884 (conhost)
[2025-12-14 22:57:30Z INFO JobExtension] Inspecting process environment variables. PID: 13856 (sh)
[2025-12-14 22:57:30Z INFO JobExtension] Inspecting process environment variables. PID: 3720 (svchost)
[2025-12-14 22:57:30Z WARN JobExtension] Ignore exception during read process environment variables: Accès refusé.
[2025-12-14 22:57:30Z INFO ExecutionContext] Publish step telemetry for current step {
  "action": "complete_job",
  "type": "runner",
  "stage": "Post",
  "stepId": "b6ce5cc7-adc5-4227-910f-583ee1bc897b",
  "result": "succeeded",
  "errorMessages": [],
  "executionTimeInSeconds": 1,
  "startTime": "2025-12-14T22:57:30.4408725Z",
  "finishTime": "2025-12-14T22:57:30.6528729Z"
}.
[2025-12-14 22:57:30Z INFO JobRunner] Job result after all job steps finish: Canceled
[2025-12-14 22:57:30Z INFO JobRunner] Completing the job execution context.
[2025-12-14 22:57:30Z INFO JobRunner] Shutting down the job server queue.
[2025-12-14 22:57:30Z INFO JobServerQueue] Fire signal to shutdown all queues.
[2025-12-14 22:57:31Z INFO JobServerQueue] All queue process task stopped.
[2025-12-14 22:57:31Z INFO JobServerQueue] Try to append 1 batches web console lines for record 'b6ce5cc7-adc5-4227-910f-583ee1bc897b', success rate: 1/1.
[2025-12-14 22:57:31Z INFO JobServerQueue] Web console line queue drained.
[2025-12-14 22:57:31Z INFO JobServerQueue] Uploading 2 files in one shot.
[2025-12-14 22:57:31Z INFO JobServerQueue] Try to upload 2 log files or attachments, success rate: 2/2.
[2025-12-14 22:57:31Z INFO JobServerQueue] File upload queue drained.
[2025-12-14 22:57:31Z INFO JobServerQueue] Starting results-based upload queue...
[2025-12-14 22:57:31Z INFO JobServerQueue] Uploading 3 file(s) in one shot through results service.
[2025-12-14 22:57:31Z INFO JobServerQueue] Got a step log file to send to results service.
[2025-12-14 22:57:31Z INFO JobServerQueue] Starting upload of step log file to results service ResultsLog, C:\Users\21265\user-management\actions-runner\_diag\blocks\f2e8e92a-730c-47ac-83a6-11a177b0ab98_d5fd1732-f89c-4350-a1c5-bd3fc489373d.1
[2025-12-14 22:57:32Z INFO JobServerQueue] Got a step log file to send to results service.
[2025-12-14 22:57:32Z INFO JobServerQueue] Starting upload of step log file to results service ResultsLog, C:\Users\21265\user-management\actions-runner\_diag\blocks\f2e8e92a-730c-47ac-83a6-11a177b0ab98_b6ce5cc7-adc5-4227-910f-583ee1bc897b.1
[2025-12-14 22:57:33Z INFO JobServerQueue] Got a job log file to send to results service.
[2025-12-14 22:57:33Z INFO JobServerQueue] Starting upload of job log file to results service ResultsLog, C:\Users\21265\user-management\actions-runner\_diag\blocks\f2e8e92a-730c-47ac-83a6-11a177b0ab98_dd773232-f536-5565-8d63-8f5c41e78f80.1
[2025-12-14 22:57:34Z INFO JobServerQueue] Tried to upload 3 file(s) to results, success rate: 3/3.
[2025-12-14 22:57:34Z INFO JobServerQueue] Results upload queue drained.
[2025-12-14 22:57:34Z INFO JobServerQueue] Timeline update queue drained.
[2025-12-14 22:57:34Z INFO JobServerQueue] Disposing job server ...
[2025-12-14 22:57:34Z INFO JobServerQueue] Disposing results server ...
[2025-12-14 22:57:34Z INFO JobServerQueue] All queue process tasks have been stopped, and all queues are drained.
[2025-12-14 22:57:34Z INFO TempDirectoryManager] Cleaning runner temp folder: C:\Users\21265\user-management\actions-runner\_work\_temp
[2025-12-14 22:57:34Z INFO HostContext] Well known directory 'Bin': 'C:\Users\21265\user-management\actions-runner\bin'
[2025-12-14 22:57:34Z INFO HostContext] Well known directory 'Root': 'C:\Users\21265\user-management\actions-runner'
[2025-12-14 22:57:34Z INFO HostContext] Well known directory 'Diag': 'C:\Users\21265\user-management\actions-runner\_diag'
[2025-12-14 22:57:34Z INFO HostContext] Well known config file 'Telemetry': 'C:\Users\21265\user-management\actions-runner\_diag\.telemetry'
[2025-12-14 22:57:34Z INFO JobRunner] Raising job completed against run service
